0.030926 -0.019268 0.103576 0.001108 0.127247 0.088159 0.060333 -0.227399 0.038803 -0.082265 -0.001296 -0.079444 -0.057499 -0.010806 -0.074335 -0.017264 -0.051977 -0.036170 -0.155140 0.081510 -0.001887 0.019562 -0.028220 -0.139572 0.013476 0.018513 0.222854 0.061693 0.050356 -0.091550 -0.025055 -0.072267 -0.082078 -0.060157 0.053945 -0.014320 0.028002 0.009930 0.177366 0.116776 -0.155664 0.031204 0.173639 0.255687 -0.188674 -0.009387 0.057495 0.004725 0.082722 -0.051373 -0.092603 0.164272 0.028180 0.037045 0.000532 -0.068145 -0.105218 0.041951 -0.164522 -0.122286 0.026443 -0.098300 0.029569 0.030731 -0.046146 0.001403 0.070723 0.189004 -0.041060 0.221099 0.062743 0.028420 0.226396 -0.138949 -0.045741 0.111035 0.034369 0.005156 0.091324 0.028982 -0.184121 -0.114781 0.129235 -0.070138 0.066145 -0.174297 -0.133372 -0.094229 -0.016890 -0.143367 0.084104 -0.001831 0.057525 0.011719 -0.033652 0.117934 0.043297 0.100313 -0.021585 0.063731
-0.035214 0.023517 -0.027745 0.098792 0.007149 0.090374 0.052125 -0.057722 0.084204 0.095482 0.044859 0.028138 -0.007780 -0.097546 -0.123616 0.001698 -0.014898 -0.160839 0.007438 -0.020400 -0.113464 -0.053061 -0.224351 -0.022956 0.052888 0.164162 0.042198 0.050190 0.016962 0.018300 0.163694 -0.029426 0.009482 -0.044876 0.064243 -0.094483 0.006456 -0.139082 0.042663 0.132101 0.113560 0.136158 -0.036018 -0.027989 -0.084808 -0.030218 0.064550 0.105388 0.015683 0.076477 0.098008 0.000951 0.067902 -0.008307 0.010413 0.002725 0.047550 -0.046250 0.048313 0.096499 -0.060851 -0.198588 0.058095 0.085041 0.178843 -0.047309 -0.126706 -0.014413 -0.116782 0.250020 0.151767 -0.095566 -0.118989 0.134357 -0.000895 -0.010799 -0.160073 -0.169842 -0.001294 0.005354 0.080897 -0.054592 0.032161 0.054068 -0.094946 0.067323 0.008340 -0.129931 0.207505 -0.055808 -0.150094 -0.124168 0.165880 -0.029347 0.122634 0.183013 0.084612 0.102105 0.189025 -0.083550
0.029301 -0.007822 0.098880 -0.028881 -0.063982 0.080884 0.094177 -0.013049 -0.124800 0.008883 -0.025430 -0.041003 -0.056720 -0.072652 -0.077526 -0.141790 0.205652 0.025650 -0.130085 0.020815 -0.087425 -0.010551 0.155662 0.011544 -0.140935 0.093940 -0.070844 -0.054420 0.018460 -0.120227 0.005693 0.102936 0.022829 -0.081360 -0.045897 -0.034582 -0.071326 -0.096557 0.077014 0.138785 -0.036778 0.093263 -0.085229 -0.083906 -0.001540 -0.127618 0.019170 0.189017 0.130555 0.144192 -0.004432 -0.121977 0.018635 -0.066503 -0.113605 -0.067286 -0.007210 -0.141852 0.097739 -0.019842 0.007475 0.089069 0.076718 -0.043367 0.110520 -0.007004 -0.077133 -0.018610 0.088221 0.125925 -0.090475 -0.188998 0.024961 0.035455 0.123040 -0.091495 -0.011435 -0.002094 -0.145309 -0.007837 -0.111770 -0.086379 0.095814 -0.119058 0.121492 -0.085330 -0.096199 -0.079457 0.018212 0.025982 0.054067 -0.089146 -0.108547 0.163438 -0.043025 0.100233 -0.073160 -0.072040 -0.070979 0.019830
0.006407 -0.065098 -0.141739 -0.034387 0.090204 -0.019602 0.065737 0.140777 0.227698 -0.081018 0.022965 0.011959 0.164520 -0.088255 -0.031806 0.019881 -0.195449 0.020585 -0.205139 -0.057057 -0.112618 0.132139 0.061831 0.127418 -0.208363 -0.072245 0.178159 -0.068175 -0.088071 -0.100189 -0.126553 0.065945 0.147263 0.002804 0.099652 0.123403 0.012070 -0.163158 0.117146 0.019453 -0.080474 -0.032691 -0.116409 0.003180 0.002708 -0.117832 -0.049923 -0.093686 -0.087803 0.055443 -0.015092 0.212134 -0.126668 -0.141935 0.251892 -0.031768 0.014647 -0.149322 0.044211 -0.096760 0.084295 0.034423 0.057350 -0.088441 0.064104 -0.097810 -0.157191 -0.039770 0.025356 0.192719 0.007560 0.010960 0.075814 -0.247810 -0.215440 0.022562 -0.019979 -0.038895 -0.042702 -0.086962 0.013966 0.176247 0.075054 -0.082429 -0.045218 -0.047954 -0.051838 -0.083360 0.128318 0.153598 0.040257 -0.034196 -0.011602 -0.028394 0.140200 -0.180757 -0.213081 -0.011587 -0.078055 0.087237
-0.031795 0.124208 0.096643 0.093144 -0.046581 -0.020201 0.100513 -0.082712 0.034145 0.070158 0.102005 -0.079928 -0.057031 -0.119330 0.075023 -0.100649 0.126325 0.087040 0.107812 0.152296 0.044742 -0.043309 0.152721 0.042939 0.139815 0.027193 -0.041846 0.068518 0.066591 -0.043425 -0.066317 0.102343 -0.064159 0.034723 0.094195 0.064340 0.087931 -0.049389 0.018092 0.085651 0.035233 -0.051976 -0.031544 0.130755 -0.038278 -0.021190 0.081262 -0.156759 0.049016 -0.137477 0.213885 0.147597 -0.110042 -0.096500 -0.044449 -0.089773 -0.077712 -0.051431 -0.030801 -0.003871 -0.024260 -0.088039 -0.198619 0.029076 0.097047 0.102385 0.089985 0.128403 -0.032240 -0.064028 0.067415 0.095962 -0.022805 -0.113209 -0.042696 0.051172 0.206742 0.097981 -0.093516 -0.090165 0.088136 -0.058740 0.039911 -0.133017 0.128356 0.012389 -0.102514 0.065345 0.040730 -0.024021 -0.098318 0.233672 -0.159416 0.146496 -0.117723 0.058664 -0.068859 0.013434 0.064076 0.042858
0.140881 -0.118917 0.047370 0.098200 0.024106 -0.073799 -0.032010 0.069686 0.032176 0.009767 -0.124081 -0.134755 -0.095587 -0.000506 -0.097438 -0.047145 0.169110 0.136271 -0.087716 0.076008 -0.032709 0.021668 0.120693 -0.049103 0.009900 -0.013193 -0.093097 -0.104033 -0.111927 0.028594 -0.076641 -0.237603 -0.067141 0.056581 0.037965 -0.058181 0.057208 -0.027839 -0.032492 0.047925 0.131699 -0.029292 -0.035897 -0.082205 -0.007002 0.106539 -0.168127 -0.095204 0.012862 0.082376 0.112012 -0.056161 -0.162614 -0.069372 0.056160 -0.123302 -0.133836 -0.013665 -0.007856 -0.021983 0.061045 0.075797 -0.014682 -0.105742 -0.036887 0.006403 -0.122499 -0.011933 -0.047327 -0.109153 -0.031779 -0.113508 -0.030811 0.006076 0.042925 -0.073051 0.075668 0.157658 -0.039897 -0.056542 0.021579 -0.122644 -0.100786 0.083079 0.047623 -0.140553 -0.037601 -0.120657 0.072731 0.068721 0.147499 0.031554 -0.037859 0.006887 0.133625 -0.129511 0.076767 0.005692 0.166691 0.131811
-0.075484 -0.005417 0.031489 0.014986 -0.004131 0.143985 0.106967 -0.021629 0.003456 -0.023092 0.082047 0.184262 0.003284 0.081509 -0.238589 0.077746 0.064759 -0.143425 -0.122939 -0.101995 -0.002620 0.150157 0.098333 -0.121922 0.016980 0.067151 0.179701 0.171950 0.089657 -0.028783 0.057166 0.193285 0.136997 0.090970 -0.187842 -0.226935 0.054060 -0.043622 0.047012 -0.016445 -0.001078 -0.165596 0.012113 0.034340 -0.041139 -0.003547 -0.015737 -0.080680 0.025701 0.028381 -0.037730 -0.012257 -0.072799 -0.083341 0.068292 -0.074032 -0.027408 0.062662 0.095337 -0.079145 -0.158220 -0.066216 -0.036490 -0.002395 0.009177 -0.030994 0.063041 0.101580 0.071792 0.025324 -0.100000 -0.021967 0.002639 -0.092914 0.052310 -0.076682 0.076705 0.112479 0.051771 -0.029693 -0.201149 0.279730 -0.062682 0.088193 -0.021052 -0.020070 0.077348 0.178887 0.184406 -0.067241 0.005186 0.134064 0.010568 0.017725 -0.054259 0.081099 -0.051309 0.188461 -0.042986 -0.005699
-0.057112 0.000098 -0.020709 -0.137333 -0.069615 -0.019093 -0.126526 -0.136645 0.070737 0.035266 0.005066 -0.055043 0.045692 0.036265 0.102123 0.059171 -0.096478 0.143232 0.043474 -0.040577 -0.001266 0.010031 0.001089 -0.012796 -0.047011 -0.286827 -0.152683 0.136834 -0.048371 0.095232 0.012319 0.059678 0.180839 0.136348 -0.009216 0.064568 0.051486 -0.069173 -0.253080 -0.213562 -0.250740 0.051092 -0.070899 -0.117800 0.161423 -0.048424 0.088705 0.100288 0.112986 0.105335 0.089638 0.071542 -0.140728 0.011926 -0.187823 -0.138922 0.214248 0.034427 -0.127573 -0.032504 0.045316 0.048146 0.124912 -0.038803 0.075577 0.109437 -0.096067 0.070708 0.136209 0.151905 0.177887 -0.024721 0.114388 -0.045544 -0.012386 0.049566 0.032887 -0.083582 -0.064869 0.094648 0.040294 -0.071423 -0.160539 0.044681 0.065218 -0.021133 -0.043396 0.007777 0.089299 -0.075555 0.131780 -0.063358 0.026035 0.109229 -0.035098 -0.087200 -0.065168 0.037786 0.078466 -0.072965
0.010276 0.005152 -0.085857 0.139973 0.042313 -0.047339 -0.004861 0.066776 -0.074262 0.030339 0.130251 0.057115 0.146052 -0.061068 0.024148 0.056026 0.181459 -0.014620 -0.074497 -0.010649 0.039242 0.093256 0.058239 0.068818 -0.006323 0.090793 0.027883 0.122773 -0.061880 0.067021 0.264260 0.012882 0.065615 0.114519 -0.061003 -0.079134 0.163609 0.022322 0.070787 -0.080585 -0.134198 -0.218675 -0.016307 0.106687 -0.023206 -0.036683 0.097245 -0.111900 0.081883 -0.168629 -0.027821 -0.158623 0.108773 0.061701 -0.179432 -0.073502 0.000832 0.019457 -0.059057 0.033095 -0.082541 -0.237631 -0.044074 -0.096293 -0.009629 0.076865 -0.040906 -0.018387 0.016027 -0.061496 -0.021801 -0.031516 -0.011598 -0.013994 0.164085 0.003848 -0.001396 -0.168480 0.070203 -0.174610 -0.055302 0.253411 0.035491 0.071095 0.054737 0.169197 0.031466 0.053786 0.141831 0.219883 0.160516 0.189869 0.010019 0.089381 0.110323 -0.013863 -0.131569 -0.149228 -0.032417 -0.089470
-0.191298 -0.013484 -0.027902 0.096464 -0.099787 -0.267265 0.009344 -0.094826 0.015917 0.044692 0.164786 -0.135919 0.020193 -0.025183 0.087649 0.031773 0.043826 0.138484 -0.025884 0.071231 0.053219 -0.003187 0.129787 0.122765 0.114023 -0.064630 0.037430 0.081878 0.026539 -0.089735 -0.055639 0.162642 0.189376 -0.121410 -0.079682 -0.199770 0.043797 -0.003544 0.063939 -0.067482 -0.045420 -0.150544 -0.045855 0.078501 -0.032865 -0.044603 -0.012358 0.154129 -0.147511 -0.090865 0.094522 -0.001803 -0.220785 -0.027022 -0.010016 -0.137356 0.051495 -0.096114 0.202711 -0.016577 0.107466 0.004721 0.118041 -0.057261 -0.131322 0.021991 0.023348 0.120443 -0.130183 0.004956 0.070376 -0.158990 0.088478 0.086809 0.134225 -0.163880 0.020841 -0.093571 -0.192530 0.307734 -0.018333 0.070770 0.005143 0.075869 -0.038620 -0.053487 -0.176889 -0.068541 -0.099711 -0.030490 -0.054515 -0.076688 0.023890 0.071823 -0.057998 0.171761 0.022912 -0.167439 -0.073850 0.099571
0.103794 -0.205754 -0.098411 -0.099993 0.026390 -0.222264 -0.151316 -0.124591 -0.131737 -0.120322 -0.046404 0.038830 -0.032238 -0.098084 0.037900 -0.065383 -0.135378 -0.020017 -0.184726 0.041220 0.013986 -0.032140 0.072202 -0.056880 0.083472 -0.259086 -0.213999 -0.037745 -0.144215 0.075421 0.086162 0.091915 -0.005207 0.144112 -0.154917 -0.031509 0.041672 0.088794 -0.002633 0.017763 -0.199053 -0.129638 0.014093 -0.121087 0.137688 0.024635 -0.075747 0.059520 -0.104966 -0.140951 -0.194614 -0.164267 0.012976 0.041906 0.001188 0.109041 0.000713 -0.235718 0.191081 0.012685 -0.110157 0.063587 -0.010657 0.067247 -0.063368 0.094809 0.068263 -0.190444 0.069517 0.040832 -0.093834 0.107344 -0.088050 0.003756 -0.025017 -0.010440 -0.057518 0.071967 -0.051422 -0.103259 -0.138912 0.192368 0.040562 0.126492 -0.065257 -0.069219 0.018984 0.068222 0.083143 0.003682 -0.019962 0.108234 -0.057066 0.087774 -0.047600 -0.113420 -0.128963 0.015242 -0.011139 0.050879
0.024710 0.042310 0.096746 0.037707 0.040636 -0.043200 0.063089 0.079573 -0.033461 -0.070412 -0.029202 0.070211 0.205428 -0.153156 -0.157256 -0.058760 -0.059820 -0.258056 0.227922 0.056526 -0.025633 -0.096283 0.141724 -0.085644 -0.146459 0.095160 -0.038383 -0.116153 -0.086410 -0.060033 0.177925 0.037225 0.068824 0.136381 0.099107 -0.058165 -0.055594 0.034174 0.094519 -0.090619 0.121064 -0.019948 -0.169085 -0.073503 -0.001476 -0.051767 -0.019338 0.009327 0.035499 -0.201442 -0.159239 0.034580 -0.121589 -0.003948 -0.114657 -0.145567 -0.031386 0.060626 -0.261309 0.100121 -0.012016 -0.025970 0.039073 -0.092736 0.145768 0.024935 0.149269 -0.034957 0.058228 0.149891 0.002997 -0.021892 0.069894 0.108346 -0.050050 -0.016686 -0.078371 0.114999 -0.068042 -0.051890 -0.076383 0.064966 0.052280 -0.167182 0.013730 0.007675 0.152454 -0.023652 0.007795 0.079722 0.249609 -0.099224 -0.248594 -0.042674 -0.082194 -0.091670 0.043627 0.136024 0.042516 0.188013
0.083104 -0.130471 0.212733 -0.034576 0.144245 0.001642 -0.093197 0.229708 0.084666 -0.049004 0.065751 -0.175523 -0.033157 0.015038 0.139853 0.037189 -0.086543 -0.093215 0.042402 0.066189 -0.143146 -0.109487 -0.061158 0.009107 -0.006870 -0.157698 -0.110371 -0.052804 0.006458 0.219261 0.173764 0.154598 -0.072169 0.011080 0.062639 -0.063448 -0.020683 -0.159725 -0.008238 0.123635 0.158095 0.107609 0.047284 -0.111245 -0.071821 0.001196 0.010118 0.079650 -0.076022 0.042864 0.048610 -0.030408 -0.090578 0.028921 0.054562 -0.167802 -0.103414 0.109656 0.061899 -0.053649 -0.093795 0.035114 0.125727 -0.079646 0.120682 -0.049624 0.069027 -0.101895 -0.151743 0.094630 0.025934 -0.160636 0.026193 -0.244434 0.039926 -0.029401 -0.035577 0.058021 0.092775 -0.140199 0.010465 -0.078413 0.067090 0.012853 0.107190 -0.011416 -0.070473 0.041300 -0.006409 -0.058171 -0.074917 -0.071663 0.120165 0.105704 0.134899 0.064974 -0.152565 0.025837 0.090713 0.035156
-0.028352 -0.064076 -0.017723 -0.080837 -0.082106 -0.044570 0.019657 -0.045587 0.128290 -0.003425 -0.036670 -0.036360 0.026491 -0.037872 0.032883 0.110984 -0.031653 -0.023727 0.010941 0.037299 0.147556 -0.089748 -0.106446 -0.016538 -0.089268 0.049700 -0.093968 0.041109 -0.112505 -0.039811 0.105457 0.043975 0.045682 0.107915 -0.000481 0.056356 -0.117063 0.014831 -0.069079 -0.000947 0.190286 0.178844 -0.020383 -0.043648 -0.007360 0.034171 0.121159 0.030911 -0.010956 -0.114719 0.101727 0.075542 0.111220 -0.115241 -0.213044 0.051207 -0.099781 0.016557 -0.050309 -0.156165 0.155208 -0.105663 -0.056150 -0.025837 0.048650 0.142031 -0.030870 -0.125599 -0.071053 0.023612 0.073099 -0.052940 -0.001465 -0.106565 0.068380 -0.020660 -0.149723 0.004168 0.157522 0.074455 -0.030877 0.048265 -0.042210 -0.034510 0.070170 0.036955 -0.095012 0.109034 0.054968 -0.060750 0.096297 0.050748 0.067462 -0.100116 -0.161519 0.076584 -0.158750 0.082289 0.174195 -0.169745
-0.023910 -0.017203 -0.003530 -0.078801 -0.273216 0.055935 0.022496 0.035546 -0.036846 0.163197 0.056986 0.004873 0.046813 -0.091497 -0.236258 0.054469 -0.031663 -0.054144 0.036621 -0.104553 0.017480 -0.125843 0.116142 -0.043513 -0.073259 0.123043 0.099089 0.171307 0.035430 -0.095655 0.006483 0.055609 0.007877 0.124303 -0.146159 -0.016437 -0.049935 0.083918 -0.063331 0.136903 0.091654 -0.048804 -0.160434 -0.037008 0.125647 0.040508 0.007020 -0.034562 -0.125550 0.043973 0.019824 -0.052828 -0.045151 0.091613 0.031917 -0.034615 -0.071416 -0.090645 -0.000755 0.143914 -0.012502 0.075307 -0.053693 -0.105753 -0.048878 0.086513 0.057222 0.076820 -0.134910 -0.027725 -0.025645 -0.095877 -0.089538 -0.074434 -0.083505 -0.088753 0.067416 -0.075857 -0.143575 -0.124171 -0.122834 0.033418 -0.106903 -0.121118 0.042551 -0.063625 -0.082422 -0.058341 -0.201700 0.128939 -0.057273 0.078170 0.021420 0.083729 -0.087794 0.299223 0.058564 -0.146653 -0.064165 -0.108392
-0.051670 -0.121413 0.088372 0.118206 0.096722 -0.024059 -0.066072 -0.070450 0.039623 -0.131564 0.102604 -0.043104 -0.087737 -0.047465 -0.045568 -0.016151 0.024282 0.025013 -0.004739 -0.147021 0.050371 -0.029325 0.098383 -0.025960 0.012714 -0.099886 -0.108290 -0.051317 0.090584 0.100424 -0.023056 -0.046424 0.099942 -0.064128 0.037679 -0.085964 0.051822 -0.012602 -0.026263 -0.184031 0.132080 -0.253254 -0.116076 -0.032129 0.155153 -0.077763 -0.020978 -0.091956 -0.008501 -0.030533 -0.028937 -0.004939 0.037166 -0.011542 -0.023021 0.085942 0.159315 -0.063528 0.022022 -0.113203 -0.238069 0.030266 -0.122236 0.088487 -0.172485 0.229775 0.025482 0.017114 0.169135 0.029049 -0.079680 -0.068064 0.013631 0.098513 0.272567 0.064269 -0.102149 0.020144 0.054168 0.064145 -0.238905 0.007403 0.053795 0.072064 -0.128808 -0.175844 0.151556 0.058922 -0.130694 -0.032202 0.024449 0.004095 -0.031171 -0.158598 0.007769 0.066101 0.042581 -0.034390 0.036823 -0.009527
-0.036545 0.234965 0.005877 -0.134133 -0.055510 0.130878 -0.014509 -0.025221 0.056750 0.123295 0.050843 -0.077974 -0.041751 0.130017 0.012836 -0.027062 -0.069972 -0.052727 -0.051751 0.080850 0.155791 0.320610 0.153975 -0.319313 -0.193101 0.020127 0.092050 0.047776 0.050635 0.029316 0.032206 -0.041930 -0.001622 -0.033446 -0.143696 -0.080937 -0.165943 -0.041351 -0.004407 0.020966 -0.026494 0.109928 -0.104499 -0.027321 0.108532 0.086335 -0.195617 0.018730 -0.009699 0.003326 0.206225 0.056658 -0.159256 0.071546 0.106783 0.107507 -0.082981 0.003310 0.102240 -0.136151 -0.040285 -0.160829 -0.008730 -0.155482 -0.112131 0.055120 -0.080018 -0.045953 -0.116211 0.041768 -0.140448 -0.203454 0.145515 0.105261 -0.157145 -0.088850 -0.034528 0.038161 -0.031026 0.087477 0.220985 -0.052252 -0.099187 0.118457 -0.051482 -0.069764 -0.034537 -0.089899 0.134459 -0.019829 0.014701 -0.024626 -0.110005 -0.027316 -0.139245 -0.166747 0.137066 0.008034 0.142838 0.135495
0.121416 -0.219962 -0.008999 -0.096548 -0.051693 -0.189816 0.035467 -0.039117 -0.053770 0.132006 -0.287823 0.005266 0.047034 0.129210 0.040456 -0.059850 0.089860 0.128122 -0.001669 0.222092 0.006923 -0.074547 -0.230616 0.057322 -0.001973 -0.021222 0.053120 -0.024051 0.044253 0.081687 -0.012438 0.018354 -0.095653 0.015697 -0.080142 -0.068780 -0.103098 0.081192 0.022757 -0.080504 -0.063329 -0.048624 0.042864 -0.158303 -0.121427 0.110904 -0.099703 0.149884 0.140530 0.057096 0.023695 -0.139750 -0.137157 0.133590 -0.107608 -0.155180 0.009105 0.015946 -0.041299 -0.028259 -0.002173 0.033041 -0.207145 0.149921 0.031399 -0.022744 0.020064 0.021944 -0.008443 -0.069749 0.028972 0.055692 -0.010200 0.145556 -0.034872 -0.033133 0.040424 -0.083689 0.050592 -0.060627 0.021242 -0.069033 -0.049887 -0.206107 0.115312 0.139063 -0.193447 -0.097528 0.032597 0.055235 -0.004841 0.001499 0.006254 -0.010753 -0.073575 -0.107874 -0.066433 -0.060059 -0.004116 0.026203
0.196028 0.008567 0.168775 -0.070638 0.046040 0.071608 0.044112 -0.038911 0.134759 0.087721 0.020816 0.267848 -0.067834 0.106317 0.245144 0.156283 -0.031334 0.069205 0.016091 -0.029613 0.032194 -0.118809 0.131264 -0.026823 0.039595 -0.079974 -0.024803 -0.065873 0.036436 0.061881 0.165790 -0.108315 0.021316 -0.123789 -0.015388 0.175149 0.015992 -0.068434 -0.185872 -0.082033 0.033015 -0.017766 0.123668 0.161973 -0.160526 0.019828 0.091740 0.011401 -0.015200 0.052542 0.076941 0.089705 0.060812 0.118175 -0.028717 0.048743 0.053942 0.043959 0.042040 -0.077111 0.017139 -0.008232 -0.056881 -0.107338 0.080228 0.075033 -0.045462 0.034578 -0.029561 0.056169 0.042803 -0.101262 -0.026884 -0.026882 0.068853 0.218701 -0.081529 0.091375 0.030133 0.029337 -0.044842 -0.026392 0.173840 -0.047520 -0.035026 0.075928 0.077101 -0.101005 -0.024841 0.107401 -0.002410 0.204700 0.042425 0.073130 -0.181033 -0.386750 -0.012396 -0.125161 0.005262 -0.024488
0.141842 -0.024402 0.072300 -0.094882 0.091914 0.027183 -0.131500 -0.160682 -0.101446 -0.088545 -0.076842 -0.134974 0.141547 -0.015590 -0.260287 -0.000995 0.238223 -0.085251 0.091049 -0.033890 -0.073702 -0.018000 -0.048424 -0.030099 0.009152 -0.298749 0.196391 0.037962 -0.074123 0.017826 0.089022 0.137882 0.055651 -0.115648 0.157764 -0.046412 0.031108 -0.029505 -0.005919 -0.027015 -0.115140 -0.076657 -0.092543 -0.151060 0.062693 -0.077233 -0.054673 0.121620 0.089896 0.014955 -0.125649 -0.020438 -0.083195 0.039615 0.145372 0.006082 0.027872 0.020962 0.002748 -0.123875 0.118849 0.116445 -0.222608 -0.196707 -0.102233 -0.018282 -0.047457 0.032978 0.156904 -0.001739 -0.036080 -0.043902 -0.024824 -0.064841 0.129600 -0.031150 0.012526 -0.091072 -0.076083 -0.057999 0.108190 -0.004159 0.192269 0.020841 0.076569 -0.191802 -0.033136 0.028835 0.076062 0.037602 -0.003214 0.179039 0.049233 0.110779 -0.010084 0.070039 0.039083 0.054295 0.058937 -0.060050
-0.031515 0.188177 0.028000 -0.104978 -0.118001 -0.198196 0.096643 -0.071557 0.140584 0.044692 -0.027715 -0.096283 -0.123981 -0.210078 -0.013106 0.120709 0.110874 0.135971 0.064957 0.036752 -0.164444 0.013282 -0.060564 0.006254 -0.101128 0.012614 -0.034283 -0.012781 -0.210709 0.135058 0.064706 -0.010131 0.094918 -0.177923 0.030649 -0.128210 0.089158 -0.090116 0.064789 -0.011197 -0.045146 0.111020 0.034506 -0.137451 -0.120123 0.050104 -0.183659 -0.080006 -0.074653 0.038327 -0.038148 -0.016274 -0.067839 -0.050869 -0.015643 0.051387 -0.007172 0.091217 -0.043727 -0.037103 -0.066843 -0.104299 -0.097883 0.044264 0.066984 0.122731 0.155114 -0.039913 0.028228 0.066789 -0.079085 0.034826 0.138901 -0.008146 0.016097 0.088998 -0.046970 0.178824 -0.088027 0.092059 0.121764 0.055499 -0.207110 -0.128179 -0.097039 -0.074320 0.007145 0.106073 0.047165 -0.058714 0.120524 0.150640 -0.052074 -0.000287 0.061936 -0.043690 0.055893 0.068464 0.029308 0.110051
-0.171926 -0.168095 -0.012529 0.025147 0.061795 0.021805 -0.116573 -0.057902 -0.100957 0.022038 0.136900 0.032058 -0.003368 0.041730 -0.011836 0.094780 -0.067452 0.139829 0.056416 0.153111 -0.026609 -0.009321 -0.034011 -0.032422 0.003938 -0.035618 0.025796 0.116337 0.169106 0.144651 0.087234 -0.065812 0.195826 0.234137 -0.073530 0.016947 -0.148796 0.000354 -0.047155 0.049472 0.048477 0.024812 -0.110362 -0.025386 -0.004628 0.042133 -0.130794 0.050387 -0.074592 -0.010278 0.077590 0.073160 0.048049 -0.072835 -0.042255 -0.031388 -0.038709 0.055044 0.004354 0.036022 0.242935 0.141925 0.004686 0.111022 0.120421 -0.083989 -0.054023 -0.000573 0.105805 0.144125 0.010024 0.074168 0.135661 0.018714 0.108137 0.018068 0.213514 -0.003638 -0.147249 -0.077263 0.098960 0.023669 -0.010866 -0.085526 -0.017822 -0.108953 -0.112549 -0.119098 0.020531 -0.099735 -0.006529 0.018181 -0.092703 -0.049106 0.140371 -0.002199 -0.135340 -0.104712 0.036426 -0.038740
-0.009346 -0.033636 0.099168 -0.067658 0.002897 -0.265149 0.040780 0.050175 0.163202 -0.027858 -0.126929 0.123098 0.159474 0.114413 0.150620 0.023496 -0.146870 0.143457 0.060115 -0.064799 -0.035780 -0.015927 -0.071611 0.074670 -0.128617 0.092334 -0.011844 0.132217 -0.084906 -0.046292 -0.057566 0.034627 0.203899 -0.198424 0.104917 0.149914 -0.047120 0.192818 -0.009362 -0.005573 0.009979 0.098100 0.036088 0.121335 0.051028 -0.006927 0.110066 -0.058961 0.008232 0.027118 0.051540 -0.014176 0.014872 -0.062114 0.141354 0.086947 0.029568 0.262662 -0.022687 0.193587 -0.239494 -0.154068 -0.094239 -0.109715 0.172096 -0.037118 0.227114 0.058398 0.095071 0.141492 -0.183642 -0.065650 0.138653 -0.071790 0.217414 0.081099 0.024009 0.057522 -0.050407 0.183548 0.006773 -0.049267 0.123953 -0.196440 -0.171558 -0.120626 0.090376 -0.041925 -0.192693 -0.270651 0.039969 0.130595 0.051448 -0.033541 -0.018389 -0.026540 0.000839 -0.003854 0.132798 0.008586
0.029232 -0.038722 0.057739 -0.135203 0.184727 -0.099311 -0.075177 0.080230 0.057457 0.159204 -0.043645 -0.090043 -0.068884 0.143912 -0.039840 -0.065806 -0.081597 0.102602 -0.049506 -0.019946 0.190869 0.140787 -0.127776 0.026000 -0.124421 0.050028 0.065954 -0.000049 0.025582 -0.025588 0.012247 -0.127863 -0.004542 0.080171 0.077423 0.051759 -0.052238 -0.030128 -0.105547 0.119114 -0.025170 0.056245 -0.040849 -0.011389 -0.039218 -0.089030 0.012335 -0.085687 -0.018262 -0.259238 0.087793 0.053110 -0.117065 0.119898 -0.068357 -0.046876 0.011334 0.045322 0.017189 0.086322 -0.122500 -0.200410 0.029189 0.064386 -0.076921 0.056679 0.271392 -0.030949 -0.000134 -0.152054 0.010243 -0.034166 -0.071094 -0.143178 -0.011092 0.034024 -0.041334 -0.041093 0.042721 -0.071697 0.084607 0.106268 0.090914 -0.001377 0.036760 -0.156466 0.039657 -0.220059 0.030827 -0.006304 0.109534 0.199147 0.112020 -0.065248 0.189334 0.073785 0.005068 0.020149 0.198513 -0.018257
-0.020368 -0.110801 -0.004011 -0.057739 0.152537 -0.009267 0.145068 -0.108970 -0.043626 -0.039712 -0.144269 -0.055516 0.140932 0.077453 -0.125139 -0.098094 -0.012202 -0.251442 -0.075586 0.105886 0.033555 -0.194293 0.012981 -0.107081 -0.207078 -0.035923 -0.111182 -0.008893 -0.046121 -0.091692 -0.096314 -0.137757 -0.126266 0.064047 0.092620 0.034475 -0.122753 -0.014724 -0.060389 0.069079 0.063594 0.201977 -0.007513 -0.173533 -0.046111 0.086367 -0.251484 -0.033327 0.030692 -0.041146 0.034201 -0.065407 -0.112071 -0.041864 0.211394 -0.018906 0.008128 0.094425 0.155369 0.109253 0.051428 0.076387 -0.015299 -0.099318 0.038592 -0.062186 0.111496 0.030149 -0.021493 0.122860 0.099178 -0.091231 0.012729 -0.019575 -0.029689 0.111559 0.106302 -0.159935 0.113233 -0.016200 0.051899 0.061367 0.007450 -0.043497 -0.033531 0.048207 0.076516 0.139637 0.100729 0.089432 0.129730 -0.182645 -0.087662 -0.022856 -0.086725 -0.022372 0.046724 0.053304 -0.005962 0.056977
-0.092079 -0.071989 0.033048 0.039355 0.055021 -0.039836 -0.088210 0.014918 0.000394 -0.084665 0.081739 -0.104259 -0.077815 0.054210 0.134693 0.107574 0.071898 0.018856 0.000553 0.035024 0.097467 -0.022959 0.064095 -0.046274 -0.008587 -0.002623 -0.099872 -0.008015 -0.168676 -0.147856 0.105233 0.123293 -0.166089 -0.121752 -0.031558 0.170158 0.148000 -0.072840 -0.010918 0.008426 -0.191150 -0.021609 0.073645 -0.001606 0.031743 0.089869 -0.001519 -0.042799 0.056222 0.017323 0.048573 0.275789 -0.267622 0.079238 -0.027912 0.077951 -0.067136 -0.203821 0.040591 -0.091621 -0.045440 0.142080 -0.041732 -0.008196 0.108330 -0.167360 -0.243273 -0.068057 0.012827 0.108989 -0.137266 -0.156735 0.082973 -0.132689 -0.100894 -0.002328 -0.228851 -0.037297 0.045662 0.105819 0.006784 -0.012933 -0.080749 -0.128429 0.017817 -0.155247 0.009212 -0.057872 -0.012570 0.060046 0.178063 -0.024390 -0.046023 -0.024105 -0.048898 0.027751 -0.093052 0.004536 0.115125 0.032158
0.088663 0.047825 0.107176 -0.256500 0.031859 -0.042640 -0.004133 -0.033672 -0.069959 -0.016910 -0.097371 0.095567 0.022489 -0.109936 0.031566 0.175804 -0.124305 0.034719 0.063620 -0.007877 -0.023473 0.016587 -0.035217 -0.009736 -0.193925 0.164093 -0.103536 -0.111614 -0.074979 0.090070 -0.081054 -0.041459 0.045827 -0.005235 -0.141126 -0.183795 -0.001404 -0.103640 0.021608 0.087218 0.037007 -0.017748 -0.033278 -0.105341 0.036260 -0.020975 0.033087 -0.103807 0.104454 0.145078 -0.008927 -0.064961 -0.129153 0.072669 -0.037343 -0.024396 -0.119157 0.119680 0.143859 -0.031417 0.115545 0.001271 -0.130571 -0.020880 -0.086576 0.012749 -0.015312 -0.186425 0.021801 0.009325 -0.129179 -0.028492 0.056300 0.073701 -0.074255 -0.075086 0.052585 -0.029296 -0.136602 -0.038462 0.017761 -0.164566 0.186501 -0.131372 0.036177 -0.190396 0.063422 -0.068374 -0.169504 -0.116999 -0.021690 0.083408 -0.147693 -0.042361 -0.085130 -0.119108 0.157546 0.039960 0.205865 -0.080925
-0.022960 0.065352 -0.028294 0.115912 0.007114 0.180652 -0.224009 -0.087981 0.000181 0.152601 -0.123930 0.128365 0.046570 0.058159 0.047434 0.200913 -0.135808 -0.004456 -0.141619 0.051022 0.022586 0.118332 -0.009785 0.085986 0.054482 0.051136 -0.031109 0.036883 0.129045 0.090435 -0.054883 0.146761 0.035108 -0.173705 0.015428 0.021173 -0.029542 -0.132226 -0.074262 -0.026357 0.028834 -0.116979 -0.219462 -0.207526 0.099325 0.006377 0.091842 -0.106063 0.004773 -0.019991 0.199025 -0.069682 0.008586 0.064662 0.156770 0.118280 0.023718 -0.006679 0.304866 -0.036684 -0.015858 -0.072083 -0.054244 0.015453 0.057663 0.028043 -0.028660 -0.001436 0.001662 0.042334 -0.057547 -0.018616 0.022936 -0.065566 0.075206 0.064554 0.077100 0.051169 0.129464 0.158197 -0.127175 -0.068167 0.122901 -0.034505 -0.094878 -0.104525 0.071590 -0.021601 0.047669 0.008756 0.175304 0.022598 0.165831 -0.064689 0.052756 0.027770 -0.167197 0.060506 0.118962 0.027376
-0.363606 0.063954 0.150850 0.079191 0.095404 -0.039610 -0.007721 -0.042498 -0.206365 0.001350 -0.122346 0.048634 -0.069628 -0.044926 0.151032 -0.034503 -0.057320 -0.068618 -0.053077 0.136822 -0.002365 -0.046294 -0.020658 0.048391 0.090820 -0.106251 -0.100853 -0.050694 0.168328 0.251214 -0.228465 -0.002224 0.049213 0.119652 -0.078167 -0.156020 -0.000051 0.202167 -0.042319 0.056742 -0.143387 0.047852 -0.272031 -0.052056 0.108138 -0.078935 -0.074586 0.024613 -0.113722 0.131974 -0.050660 0.022203 0.098802 0.276229 0.129936 -0.020171 -0.128027 -0.089126 0.000813 -0.039161 0.124245 -0.033313 0.127264 -0.039151 0.184674 -0.128201 0.278571 0.037494 -0.066453 0.160288 0.104145 0.046554 0.195453 0.118389 0.087714 -0.051798 -0.077449 -0.063925 0.171845 0.024381 -0.086770 0.012907 0.071409 0.011305 0.040431 0.033547 0.170757 -0.078402 0.026919 -0.005299 0.125307 0.055363 -0.075687 -0.016849 -0.056781 0.060439 0.023952 -0.133827 0.090650 -0.042752
0.248113 -0.118702 -0.063572 -0.047480 0.183716 0.009369 -0.043543 -0.068325 -0.000283 0.065810 -0.061063 0.162923 0.120005 0.096418 -0.251359 0.053021 0.045458 0.125428 -0.161955 -0.017552 -0.086438 -0.028302 -0.052417 0.008285 0.174688 -0.002711 -0.062538 -0.019085 0.032116 -0.118686 -0.112358 -0.044515 -0.149994 -0.086877 0.025667 -0.154310 -0.092997 0.057872 -0.065648 -0.025444 -0.241377 0.076210 -0.216358 -0.155245 0.164992 -0.039199 0.110173 0.020631 -0.069731 -0.055899 0.065070 0.037660 0.041387 0.094395 0.228623 0.061541 -0.123974 0.141537 -0.022773 0.035186 0.095865 0.073236 0.091469 -0.010799 -0.036620 0.048841 0.109566 -0.012389 0.054331 -0.057284 -0.025612 0.088130 0.019002 -0.002942 -0.042269 0.081177 -0.008675 0.013156 0.072272 0.114102 -0.030913 0.107520 0.123025 -0.256285 -0.091095 0.046153 -0.096773 -0.173548 0.046088 0.075928 -0.072985 -0.005316 -0.075559 -0.018926 -0.011727 -0.145233 -0.339736 -0.078194 -0.159231 0.066467
0.176300 0.119894 -0.063835 0.118931 0.127092 -0.006609 -0.057847 -0.107435 -0.069867 -0.066737 -0.009408 -0.061565 -0.084463 0.037931 0.128670 -0.000229 -0.071749 0.031655 -0.013489 0.022849 -0.080355 0.127449 -0.041435 0.085267 0.097753 -0.133202 -0.028981 0.169677 0.131137 -0.103705 0.119138 0.017930 0.104138 0.152309 -0.050178 0.004726 0.030008 0.041100 0.195071 0.149048 -0.057193 0.154013 -0.015803 0.000107 -0.084318 -0.014298 0.005772 0.109626 0.032242 0.030492 -0.037343 0.126643 0.076411 0.056051 0.120693 -0.076504 -0.126335 -0.035121 -0.009157 -0.113085 -0.090313 -0.123288 -0.070964 0.005620 -0.080746 0.109404 0.064075 0.005652 -0.098921 0.174310 0.093514 -0.021470 0.029103 -0.137539 0.038424 -0.101808 0.076706 -0.166743 -0.030123 -0.012006 -0.025973 0.075786 0.060819 0.153454 0.007080 -0.047663 0.130332 0.045883 0.040711 0.099624 0.032902 0.023531 -0.111030 -0.109394 0.054118 -0.066233 -0.014133 0.017623 0.058134 0.039890
-0.064943 -0.110250 0.080295 0.100311 0.069762 -0.143821 -0.098447 -0.091312 -0.030839 -0.092116 -0.080813 -0.017733 0.143943 0.060960 -0.025398 -0.001477 0.028196 -0.093428 -0.071860 -0.001427 -0.009308 -0.167141 -0.142463 0.030107 0.157414 0.067474 0.077169 0.010366 -0.218393 -0.031787 0.084225 0.160196 -0.172380 0.115694 -0.008995 0.030539 -0.065302 -0.105221 0.054760 -0.046426 -0.040679 0.229341 0.006529 -0.033354 -0.084187 0.023659 -0.072016 0.102482 -0.068231 -0.031433 -0.056727 -0.197992 0.184819 0.016063 0.093806 0.126800 0.028086 -0.196617 -0.041369 0.075496 0.168605 -0.000868 -0.008829 0.092992 -0.047424 -0.029553 0.180217 -0.021486 -0.057581 0.106148 0.046962 0.094052 0.098124 -0.030942 -0.129441 -0.050851 -0.004287 0.063442 -0.027240 0.053965 -0.058305 0.004501 0.258649 0.031499 -0.014969 0.046381 -0.043971 -0.079439 0.000157 -0.034444 0.050832 -0.033413 -0.036289 0.002851 0.189077 -0.054082 0.048279 0.156463 -0.040606 0.118970
0.046670 -0.005572 0.145095 0.016508 -0.041129 0.009411 0.083621 -0.073347 0.086186 0.118722 0.123182 -0.130595 0.081786 0.065607 0.069876 -0.033693 -0.043478 0.054027 0.007496 0.063420 0.097822 -0.071390 -0.078499 0.010325 -0.152784 0.042508 0.235506 0.002323 0.187818 0.118290 -0.132973 0.077537 0.138508 -0.152560 -0.064641 0.057251 -0.328861 0.016347 -0.097276 0.091975 0.158141 -0.007370 -0.010378 0.065075 0.048715 -0.071267 0.130151 0.172514 0.176940 0.065598 -0.002206 0.151291 0.043137 -0.007467 -0.030712 -0.025696 0.130521 -0.011654 -0.055893 -0.014865 -0.021048 -0.008186 0.012371 0.019399 0.007491 -0.238092 -0.058405 0.063753 0.001835 0.134527 -0.146749 -0.199388 0.102733 0.152940 0.113826 0.078081 -0.032781 -0.004280 0.139539 0.133425 0.235073 -0.014571 -0.087633 0.079361 -0.066272 -0.287697 0.043943 0.113967 0.113885 -0.182378 0.119865 -0.104996 -0.053125 -0.219991 0.003459 0.144195 -0.052932 0.125793 0.133286 0.021646
-0.098395 0.146211 0.041910 -0.029790 -0.189386 -0.059571 -0.082598 0.139797 -0.048232 -0.008665 -0.015702 0.050659 0.099594 -0.042229 -0.191212 -0.139355 -0.129954 0.138762 -0.199459 0.161544 -0.027909 -0.019693 0.115196 0.054403 0.061643 0.106449 -0.084632 0.048691 0.099319 0.024682 -0.203568 0.154192 0.081232 -0.089948 0.220665 -0.089847 0.083836 -0.078950 0.017028 0.040242 -0.008918 -0.040999 -0.027194 0.085116 -0.270864 0.086484 0.084960 -0.034858 0.022625 -0.115915 0.064438 -0.030156 -0.076619 -0.004513 0.139599 -0.117424 -0.104936 -0.122000 -0.042213 0.067046 0.124761 -0.071933 -0.009669 -0.221517 -0.139668 -0.033614 0.110486 0.000030 0.140670 0.105483 -0.220925 -0.011766 -0.055869 -0.066661 0.117528 0.160184 -0.118569 0.140723 -0.138101 0.051206 -0.111243 0.037971 0.219484 -0.091765 0.122089 0.169654 0.177721 0.037427 -0.012843 -0.035527 -0.063698 -0.027500 0.054029 0.038230 -0.013513 -0.046741 0.098190 -0.010706 0.014487 -0.104498
0.055793 0.107870 -0.059234 0.120751 0.196398 0.020487 -0.000023 0.096628 0.068734 -0.193579 -0.035193 -0.038199 0.022288 -0.016982 0.164758 0.081346 0.038910 0.009121 0.093749 -0.016467 0.048616 -0.019253 -0.041718 -0.105487 -0.004091 0.045561 0.214419 0.001219 -0.031619 0.160926 0.247114 0.102137 -0.083404 0.034209 0.059779 0.060990 0.088101 -0.177347 0.040024 0.119618 0.068567 0.009891 -0.089545 -0.050914 0.018260 0.054121 -0.153756 0.040375 0.008488 -0.040254 -0.073681 0.081232 -0.045432 0.057622 0.044903 0.153781 -0.033222 0.005709 0.206233 0.165793 -0.000552 0.057526 0.154403 0.050923 -0.072789 -0.036668 -0.019177 0.039436 0.081037 -0.060708 0.039454 0.139976 -0.205162 0.274043 -0.015695 -0.042687 -0.080746 0.112416 0.061907 0.048329 0.112454 0.024688 -0.009138 -0.162573 -0.093782 -0.023400 -0.033522 0.058217 0.032447 -0.045630 -0.042537 0.020572 0.068090 -0.128555 0.068745 0.077693 -0.015572 -0.117623 -0.014166 -0.083024
0.070901 0.007402 -0.186818 -0.191768 -0.171340 -0.043426 0.180310 0.094198 0.068277 0.015546 0.009108 -0.074150 -0.107265 -0.011437 -0.018018 -0.144791 0.028369 0.039224 0.079021 0.075691 -0.151968 -0.052165 0.015482 -0.073675 -0.157692 0.132856 0.061586 0.050970 0.073083 -0.079117 0.111670 0.051709 0.058069 0.009957 -0.182237 -0.110219 0.010556 -0.109813 -0.082165 -0.015473 0.056145 0.019611 -0.023077 -0.039487 -0.002933 -0.069729 0.030129 0.017655 0.173608 0.072045 0.117718 0.130014 0.049414 0.106113 -0.042982 0.020404 -0.112600 0.070437 -0.170052 -0.126311 0.136708 0.148881 -0.198962 -0.025108 -0.050982 -0.015764 0.031296 -0.023996 0.096401 0.045566 0.055591 -0.026963 -0.016435 -0.040007 0.008353 0.101576 0.099054 0.031189 0.096468 0.190616 -0.013395 0.015690 -0.188736 0.034373 -0.029246 0.012190 0.082712 0.107456 -0.137394 0.070443 0.017078 0.142872 -0.010623 -0.020773 0.022658 0.076690 -0.151475 -0.063431 0.027636 -0.072467
-0.185443 0.183533 0.116284 0.015025 0.182463 0.017259 0.109806 -0.096395 0.272112 -0.150342 0.130661 0.001176 0.106431 0.005807 -0.014859 -0.020195 0.198927 0.089028 0.050405 0.040298 0.125073 0.029214 -0.157995 -0.005352 0.047695 -0.196948 0.265218 0.156705 -0.020721 -0.061979 0.058936 -0.115296 0.039937 -0.040923 -0.040900 -0.075319 -0.069366 0.045436 -0.198569 0.022317 0.190032 -0.090464 -0.057238 0.026841 -0.228586 0.147087 0.060997 -0.203606 0.093758 0.048357 0.053187 0.033252 -0.025398 0.096428 -0.033133 -0.084794 -0.036357 0.096835 0.029750 0.034784 0.042200 -0.070995 -0.158248 -0.123240 0.228103 -0.197974 0.015346 0.002985 0.056495 -0.037123 -0.027733 -0.135198 -0.125417 -0.081805 0.055938 -0.001148 0.069090 0.087589 -0.065100 -0.015696 -0.068999 -0.031650 -0.093838 -0.006358 0.041916 0.000832 0.031015 -0.011745 -0.077130 -0.027050 0.131136 0.005397 -0.092417 -0.104827 -0.079087 -0.207896 -0.128728 -0.179042 -0.269194 -0.039633
-0.031843 0.064902 -0.045565 -0.090322 -0.069900 0.017486 0.061217 0.103017 -0.124665 0.067646 0.005115 0.138784 0.008600 -0.119981 0.215210 -0.009628 0.006995 -0.104615 -0.031415 -0.114130 -0.180665 -0.088052 -0.064834 0.123931 0.117811 0.001942 0.054154 0.093837 0.064394 -0.059244 -0.024290 0.067735 -0.031268 -0.068045 0.098273 0.139738 -0.101251 -0.042642 0.041678 0.103099 0.038966 -0.086210 0.138893 -0.018447 -0.041731 0.033517 -0.118918 -0.017059 0.000446 -0.071088 -0.000334 -0.103112 -0.014592 0.054000 0.060945 0.001818 0.078855 -0.061083 0.064423 -0.092227 -0.115003 -0.087732 0.028537 -0.023036 0.070449 0.155543 0.001905 0.061979 -0.118042 0.118182 -0.086119 0.244391 -0.159924 -0.164297 0.056157 0.111018 -0.045277 0.120604 -0.002207 -0.106178 -0.040517 -0.169308 0.078682 -0.033357 0.079706 -0.006317 0.020332 -0.078570 0.042359 0.056796 -0.116992 -0.108688 -0.077164 -0.009231 -0.007224 -0.005996 0.120736 -0.060225 0.039737 0.182160
0.035927 0.025370 0.094328 -0.135706 0.033067 -0.017921 0.168829 -0.089974 0.091853 -0.039074 0.043014 0.073347 -0.069737 0.023444 0.025547 -0.240899 0.051105 -0.032215 -0.157737 0.036381 -0.043066 -0.051910 0.139412 -0.080107 0.049967 -0.006974 -0.068391 0.042826 0.060182 -0.165010 0.077883 -0.253532 0.027544 0.018584 -0.011890 0.000791 -0.219800 -0.182156 -0.120109 0.043448 0.057534 -0.026978 -0.084709 0.054849 0.140681 -0.002425 -0.131393 0.003059 -0.022623 0.059323 -0.161048 0.014531 0.093217 0.090736 -0.018732 -0.076122 -0.028390 0.070789 -0.010726 -0.078079 0.077153 0.094385 -0.098238 0.060752 0.148927 0.102938 0.167793 -0.138934 -0.116341 -0.067044 -0.039335 -0.142303 -0.089247 0.055393 0.014878 0.001178 -0.132349 -0.188188 -0.087120 0.167892 0.024599 -0.061659 -0.146233 -0.175960 0.059433 0.047884 0.081123 0.101485 -0.178930 0.180472 -0.070713 0.012052 -0.145576 0.147425 -0.042129 0.315338 -0.004886 -0.056807 -0.088025 -0.004985
0.084797 -0.077531 0.079719 -0.190654 -0.171543 -0.048595 0.004352 0.176419 0.099183 -0.008160 -0.168581 0.058974 -0.211374 0.150663 -0.041411 -0.050197 -0.003381 -0.129360 -0.034274 -0.112534 -0.000385 0.107610 -0.192071 0.046609 0.028589 0.065469 0.022441 -0.094157 -0.170487 -0.180718 0.136106 0.127663 0.172968 0.324738 -0.257939 -0.022205 0.053620 0.130213 0.002108 0.050846 -0.127367 0.001101 0.009520 -0.092395 -0.109437 0.115933 -0.053992 0.110884 -0.144991 0.023881 -0.037144 0.002770 0.037141 -0.054926 0.004273 0.151409 -0.211148 0.117317 0.029430 -0.016535 -0.031665 0.174285 -0.115812 -0.125295 -0.013175 0.061182 -0.012372 0.043457 0.023189 0.069233 -0.021329 0.024640 -0.037595 0.155634 0.061118 -0.017599 -0.154379 0.112971 0.191745 -0.009257 -0.033013 0.019806 0.229433 -0.207783 -0.019278 0.036965 -0.007955 0.001756 -0.065010 -0.176601 -0.062649 0.020024 0.109423 0.056583 -0.135077 0.021663 -0.072395 0.129468 0.254341 0.149477
-0.106367 0.130469 -0.088270 -0.197467 0.014569 0.029403 0.143872 0.105971 -0.003645 0.169992 0.096676 -0.072252 0.194773 0.057611 -0.022562 0.000857 -0.153068 -0.258336 -0.037316 -0.041924 0.097201 0.080102 0.220743 -0.037455 0.062172 -0.018120 -0.083947 0.061685 0.040041 0.102538 -0.103264 -0.112252 -0.135312 -0.162187 0.011680 0.062829 -0.032259 0.020164 0.112448 0.024022 -0.009773 -0.086481 -0.025382 -0.110541 0.114157 0.026879 -0.153429 -0.013406 -0.067349 0.063233 -0.032699 0.128654 -0.136887 0.129838 -0.125009 0.144846 -0.018716 0.034829 -0.066874 0.044572 -0.182204 -0.110483 0.061728 -0.042243 -0.046891 0.043965 -0.058128 0.010488 0.026044 -0.132430 -0.008143 0.071599 -0.098540 0.055417 0.034339 0.063681 -0.075504 -0.049931 -0.007649 -0.194245 0.075335 -0.156880 0.012760 0.096758 -0.059647 -0.008437 -0.000117 0.161407 -0.074742 -0.130334 0.153325 0.037549 -0.099422 0.038281 -0.129149 0.069162 -0.172559 -0.022276 -0.091064 -0.015494
-0.246099 -0.043154 0.096583 -0.146430 0.082146 -0.047098 0.104056 0.096885 -0.047029 -0.071820 0.170580 0.002555 -0.052419 0.020322 0.162959 0.061393 -0.033595 0.037225 -0.109195 0.028424 -0.030683 -0.031869 -0.101430 -0.028070 0.056664 -0.044027 0.003996 0.011691 0.099786 0.141298 -0.077394 0.043462 -0.108612 0.214557 -0.063220 0.010256 -0.123566 -0.162152 -0.035415 0.180748 0.080806 -0.115557 -0.141097 -0.141771 -0.130350 0.036582 -0.030147 0.014618 0.169813 -0.238931 -0.094403 -0.174434 -0.043251 0.065448 0.143206 -0.085909 -0.040138 -0.033240 -0.022888 0.079050 -0.164564 0.050439 0.162537 -0.041968 -0.024033 0.249480 -0.164161 -0.006153 -0.048634 0.158425 0.092558 0.012493 0.059661 -0.150598 0.010607 -0.078931 -0.160892 -0.022250 -0.025974 -0.155739 -0.190392 -0.308468 -0.080485 0.089453 -0.101397 0.018591 0.202916 -0.019262 -0.000286 0.002607 -0.205997 -0.176698 0.060138 -0.061858 -0.136647 0.034163 0.054609 -0.192172 -0.015443 0.015728
-0.088343 -0.044197 -0.192366 0.034055 -0.022780 0.070521 -0.050000 0.027764 -0.056552 -0.080325 0.093628 0.001442 -0.030252 0.029138 -0.153459 0.050727 0.261433 0.078338 0.177674 -0.101030 0.112054 -0.011508 -0.100445 -0.111382 -0.125595 0.013145 -0.052257 0.229820 -0.009469 -0.033766 -0.003639 0.155256 0.012044 -0.035769 -0.054157 -0.056942 0.150580 -0.182084 0.104796 -0.042539 0.011101 0.168542 0.081779 0.024275 -0.000650 0.052715 0.018224 -0.071548 0.186527 0.204490 -0.105460 0.028021 0.045584 -0.266408 -0.091154 -0.099703 -0.035103 -0.042358 -0.058182 -0.287270 0.056210 0.108576 0.051359 -0.024989 -0.045598 -0.049891 0.027587 0.010117 -0.083114 0.151163 -0.103565 -0.044417 -0.011218 -0.079012 0.044404 0.120722 0.048093 -0.080972 0.029814 0.007210 -0.025689 -0.062496 0.037937 -0.115644 0.207044 -0.011057 0.017886 0.046142 0.077157 -0.030086 0.116305 0.074703 0.068895 -0.102217 -0.005952 0.002319 -0.003583 -0.157916 -0.021738 0.022155
0.076140 0.120945 -0.090054 0.098995 -0.018486 0.106002 -0.046118 -0.058682 0.047452 -0.152495 -0.171230 0.062217 -0.127431 -0.135888 -0.046428 -0.024062 0.022291 -0.055993 0.063346 0.013226 -0.039866 0.127096 -0.170565 0.107133 0.036161 -0.103442 -0.003484 0.186322 -0.006621 -0.010710 -0.020300 -0.100837 -0.224706 -0.014192 -0.232485 -0.025562 0.114255 0.111291 -0.068008 -0.043320 0.049537 -0.112710 0.151783 0.168612 0.012961 -0.073267 0.027063 0.000058 -0.010366 -0.146973 -0.031209 0.056926 0.046058 -0.203822 0.057331 -0.038375 -0.050357 0.127984 -0.091212 0.154418 -0.045884 0.007688 0.328966 0.045563 -0.038997 0.014503 -0.050800 -0.013866 0.070699 -0.102801 -0.106759 -0.034621 0.074614 0.144754 0.080378 -0.049360 -0.026537 0.081922 -0.070810 -0.046307 -0.038802 0.135837 -0.098436 0.118853 0.020214 -0.055239 0.044254 -0.101855 -0.171161 0.157562 0.000182 -0.203926 -0.023273 -0.075450 0.030820 -0.061036 0.020734 0.074079 -0.153601 -0.185996
-0.077280 0.001963 0.066486 0.035448 0.013480 0.136719 0.042705 0.040256 0.012815 -0.126282 -0.082405 0.060021 0.066841 -0.009397 -0.189851 -0.053807 0.137172 0.027473 -0.163903 0.099806 -0.227266 0.211803 -0.084337 -0.047799 -0.000618 0.207203 0.072626 -0.177652 0.006853 0.014605 -0.088373 -0.014746 0.120308 0.132807 0.170474 0.014632 0.089961 0.070602 0.025056 -0.005617 0.033882 -0.062880 0.016352 -0.013949 0.045879 -0.071745 0.157480 0.050211 0.184433 0.037592 0.070801 0.108760 -0.077601 -0.101427 0.017989 -0.077495 -0.115825 -0.099810 -0.117151 0.077070 -0.081864 0.290228 -0.036704 -0.052027 -0.129882 0.124138 0.008334 -0.077647 -0.036004 0.075652 0.021490 0.081974 -0.026539 -0.107781 0.005226 0.148777 0.192586 -0.015047 0.165542 0.025755 0.131136 -0.100738 -0.018332 0.102492 0.024983 0.069596 0.028985 0.020552 -0.021748 0.164355 -0.006017 -0.000264 -0.029377 0.221471 -0.128141 -0.116366 0.009093 0.045962 -0.006820 0.035708
-0.177293 0.077389 0.076037 0.125821 0.183055 0.057195 -0.019040 -0.168523 0.118816 -0.028282 -0.047396 0.109864 0.041210 -0.055157 -0.100827 -0.105284 -0.040035 0.078742 -0.086397 -0.113119 0.158041 -0.027719 0.213464 -0.179034 -0.022095 -0.169122 -0.190188 0.052582 0.046044 -0.200091 0.057259 -0.094948 0.043396 0.002288 0.177154 0.089376 0.062103 0.052995 -0.033939 0.053877 0.025016 -0.057967 0.159911 0.013652 -0.008934 -0.124491 -0.050763 0.210304 0.061521 0.113683 -0.017705 0.040645 0.032206 0.050924 -0.018958 -0.131038 0.123911 -0.017510 0.169234 0.070402 0.062813 0.143437 0.063621 0.054433 0.090698 0.042614 0.136469 -0.024095 0.081463 -0.073877 -0.181116 -0.076388 0.026284 -0.106698 -0.160235 -0.115057 0.143570 -0.199413 -0.098547 -0.171241 0.053339 0.124641 -0.007150 0.112988 -0.170587 -0.009085 -0.054085 -0.006048 -0.027277 -0.051068 0.008053 -0.158866 0.121572 -0.039508 0.002321 -0.131333 0.082679 0.128064 0.011034 0.009426
0.092772 -0.078723 -0.190294 -0.048701 -0.030011 0.210628 0.054261 0.013480 -0.002292 -0.140894 0.171268 0.107000 0.024571 0.079727 0.031378 -0.307037 0.166610 0.076564 -0.140696 -0.081232 -0.088468 0.121106 0.064201 0.160987 -0.117210 0.204560 0.001229 0.139852 -0.096415 0.008029 0.123857 -0.121939 -0.010780 -0.070657 0.057376 0.066475 0.113608 -0.125103 0.074008 0.082849 0.052759 0.008686 0.181355 0.163700 -0.019409 0.090171 -0.021819 -0.073972 -0.005109 0.024665 0.109064 -0.151126 0.231008 -0.009989 -0.074172 -0.043957 0.043515 -0.123243 -0.240062 -0.126564 -0.092937 -0.027022 0.046596 -0.187353 0.072962 0.000559 0.120954 0.027664 0.158423 0.003022 0.048319 0.144883 -0.052702 -0.299746 0.042554 0.110179 0.066845 0.108215 -0.179155 -0.135418 -0.000244 -0.173519 -0.065908 -0.063129 -0.036169 0.184524 0.032835 0.034164 0.044737 0.004810 0.040180 0.097839 -0.112594 -0.097495 0.015152 0.034110 -0.095800 0.128105 0.187468 -0.006244
-0.070067 -0.001716 -0.051539 0.032636 -0.055977 0.233646 -0.054788 -0.012146 -0.083818 -0.075396 0.069259 0.179529 0.026501 -0.029278 -0.002098 -0.004464 -0.029561 0.127718 0.129895 0.141073 -0.021112 0.076530 0.061373 -0.020451 -0.085506 -0.147810 -0.107752 -0.071521 0.042812 -0.100363 -0.023063 0.236340 0.086464 0.159888 -0.006703 0.129097 -0.173846 -0.070629 0.058048 -0.022725 0.020734 -0.164048 0.062444 -0.017607 0.006390 -0.051589 0.031639 0.033401 -0.035110 -0.073416 -0.014263 -0.018805 0.129684 0.045943 -0.137425 -0.166059 -0.044150 -0.095220 -0.018779 -0.102457 -0.048954 0.105520 -0.013570 0.025985 -0.042547 0.000852 -0.012513 -0.076759 -0.104972 0.043725 0.023652 -0.166409 -0.032618 -0.043749 0.190185 0.053526 -0.145847 0.094291 0.164037 0.014117 -0.018300 0.067575 -0.096234 -0.078630 -0.071495 -0.070868 -0.044637 -0.090632 0.076107 0.051809 0.175882 0.100579 0.031030 -0.058985 -0.051423 -0.079127 0.132214 -0.052469 -0.157394 -0.056700
-0.099185 -0.122130 0.095348 0.082497 -0.062316 0.129285 -0.125747 0.036206 -0.035953 0.092741 0.011802 0.098591 0.043431 -0.157413 0.127407 0.083576 0.134054 0.197590 0.033384 -0.110449 0.042871 0.026998 -0.095331 -0.098045 0.038961 0.011981 0.139067 0.091633 0.077989 -0.100259 0.060300 -0.083808 -0.098628 0.000343 -0.029439 -0.059144 0.009402 0.069156 -0.082878 0.025421 -0.058190 0.051866 0.011228 0.023518 0.161197 0.008348 0.010828 0.043121 0.059082 -0.050186 0.005686 -0.091019 -0.000445 -0.066863 0.125894 -0.182826 -0.004003 -0.252662 0.122361 -0.004967 -0.072423 0.115363 -0.284939 -0.153005 -0.133620 -0.206205 -0.147201 0.054734 -0.046464 0.105801 0.009202 -0.083564 0.006814 0.069804 0.102434 -0.079042 0.019948 0.053657 -0.051625 -0.058651 -0.055788 0.041821 -0.124472 0.001183 0.076064 -0.136417 -0.206695 -0.146008 0.004768 -0.026260 0.129171 -0.046943 0.007951 -0.008070 -0.004915 0.050683 -0.010385 -0.017781 0.051129 0.084524
-0.008516 -0.038658 -0.001212 -0.024313 -0.029390 0.040206 0.125754 -0.028273 -0.105911 -0.188579 0.011460 0.003049 -0.018791 0.011238 0.082369 -0.026759 -0.104604 -0.194721 0.082655 0.089823 -0.082097 0.089722 0.006891 -0.042737 0.041102 0.008582 -0.067535 0.005991 0.016985 -0.027426 0.012963 0.110372 0.088448 -0.176365 -0.019340 -0.126146 0.056294 0.097350 -0.148982 -0.054953 -0.000264 0.102709 -0.003586 0.113768 0.081794 -0.145022 0.032640 -0.144383 -0.045547 -0.039132 0.039592 0.017958 0.180281 0.098005 0.044585 0.160961 0.018811 -0.131939 -0.069254 0.079241 0.002919 0.064291 0.063439 0.057114 0.013650 -0.234891 0.083460 0.035712 0.096698 -0.067486 -0.048287 -0.052264 0.115130 0.182006 -0.006773 -0.148068 0.039733 0.124788 0.366711 -0.134951 -0.046729 -0.067602 0.072022 0.036337 -0.146144 0.063494 -0.098729 0.138528 -0.040417 -0.000667 -0.125582 0.187647 -0.193696 -0.107511 0.029634 -0.014599 -0.009721 -0.038621 -0.027929 -0.039269
-0.130519 -0.116619 0.012934 -0.035397 0.101722 -0.117664 0.188509 0.107517 -0.180642 -0.014318 -0.128906 0.180923 -0.066821 -0.051097 -0.059849 0.060558 0.080833 -0.010110 0.146548 -0.029910 0.025926 -0.073471 0.119439 0.158472 0.018122 0.038193 -0.002807 -0.211884 -0.089048 0.168961 0.020097 -0.130086 0.199218 0.034859 0.124105 0.026234 0.174438 -0.162886 -0.124627 0.017161 -0.047359 0.265670 0.232129 -0.002721 -0.021547 0.092251 0.011469 -0.157841 -0.249392 -0.017939 0.124220 0.060092 -0.010462 -0.138235 0.041202 -0.069620 0.048794 -0.096455 0.086097 -0.183701 -0.113680 -0.157682 0.172677 0.060193 0.115846 -0.047647 0.006886 -0.116685 -0.068808 -0.146506 0.093528 0.159782 -0.158963 -0.021156 -0.000187 0.021075 0.010496 -0.024794 0.006858 0.109547 -0.041208 0.040935 -0.053737 -0.174897 -0.002017 -0.251100 0.122470 -0.030466 0.020484 0.146174 -0.006040 0.063255 0.076624 0.238523 -0.036009 -0.052748 -0.026724 0.040973 0.142372 0.137839
0.268924 -0.054765 0.220290 -0.041311 -0.087882 -0.047397 0.037162 -0.044874 -0.032608 0.062323 -0.049035 -0.114131 0.019317 -0.014204 -0.259340 -0.053428 -0.024479 0.070198 -0.141668 0.008727 0.079401 0.167894 0.259240 -0.030582 -0.078221 0.080432 0.082740 -0.135753 -0.025292 -0.028269 0.039183 0.007683 0.162224 0.237136 -0.146846 -0.189347 0.110251 -0.009822 -0.067712 -0.010876 0.025965 -0.012372 0.078539 -0.027831 0.069940 0.073727 0.137573 -0.153862 0.033636 0.040467 -0.061085 0.017196 -0.088898 0.005244 0.058172 -0.130195 0.008463 0.003686 0.035975 -0.025750 0.036086 -0.093072 0.001634 0.102136 -0.088118 0.035663 0.008007 -0.023385 0.051392 -0.008526 -0.092281 -0.231732 0.120927 -0.126580 -0.071273 -0.090770 0.142806 0.045187 0.142293 -0.018756 -0.046627 -0.096443 0.047441 -0.108017 0.051890 -0.189650 -0.348497 -0.112885 -0.162443 0.094828 -0.093016 0.084591 -0.211992 -0.039608 0.022207 -0.112747 -0.058118 -0.050309 -0.037245 -0.039576
-0.007306 0.004260 -0.059318 -0.059594 0.158587 -0.001020 0.005023 -0.065111 -0.035597 0.082448 0.141045 -0.033455 0.066925 -0.084152 -0.247071 0.196933 0.016619 0.091272 -0.043389 0.053347 0.180372 0.005474 0.021169 0.212803 0.004096 0.032144 -0.013929 0.112362 0.206063 0.041041 -0.059572 -0.142160 -0.090699 0.008430 0.023670 0.065150 0.109388 0.125620 0.093900 0.194459 -0.109734 0.124093 0.050850 0.094339 -0.076103 0.020704 -0.182615 -0.222405 0.078788 0.123189 0.098875 -0.093797 0.043446 0.064325 0.026706 -0.097174 0.186864 -0.093409 -0.017085 -0.046422 -0.076244 -0.036046 -0.184446 -0.156582 0.023967 0.147436 -0.060423 -0.101349 -0.028546 0.059837 -0.017588 -0.082490 -0.163725 -0.039280 0.055504 0.077362 0.030352 0.094002 0.061666 -0.117151 0.059409 -0.002280 0.029252 0.065739 0.003361 -0.099682 -0.008698 -0.166006 0.156998 -0.063864 0.033620 -0.045458 0.027642 -0.069935 0.032245 0.006527 0.103974 -0.007249 0.124515 -0.130849
0.094357 -0.046128 -0.147117 -0.061328 0.083838 -0.070352 -0.025036 -0.008234 -0.009622 -0.077402 -0.108475 0.125771 -0.052197 -0.056030 -0.094154 0.062110 -0.068596 0.063158 0.103391 0.013373 -0.000593 -0.010441 -0.021431 0.000626 -0.300856 0.080148 -0.066318 -0.005813 -0.012761 -0.017636 -0.058030 -0.056346 -0.032876 0.011333 0.179283 -0.111315 0.043301 -0.047656 0.190645 0.128945 -0.050985 0.027230 -0.120058 -0.032733 0.027399 0.185792 -0.009483 0.145400 0.003625 -0.143735 -0.073881 0.035320 -0.115091 -0.244200 -0.060323 0.058835 -0.116256 -0.117834 0.076055 0.151334 0.099373 -0.146722 0.020513 0.088367 0.112055 0.093009 0.112683 0.037613 0.042045 0.065004 0.006762 -0.223403 0.054090 -0.013301 -0.144594 -0.071505 0.170108 -0.055217 -0.091014 0.166457 0.142603 -0.042000 0.017799 0.119812 -0.217287 0.049771 -0.002490 -0.031643 -0.112218 -0.034573 0.031277 0.051961 0.095143 0.110667 0.141709 -0.018574 -0.005298 0.024334 0.003101 0.210528
-0.085053 -0.004251 -0.050856 -0.096716 -0.085127 -0.130101 -0.110264 0.002472 0.106585 0.095685 -0.133417 0.158802 -0.065852 -0.048457 0.163908 -0.325179 -0.005535 -0.074104 -0.027839 0.009909 -0.027553 0.124460 0.149236 -0.053858 -0.033970 0.032405 0.044140 0.229936 0.026191 0.086661 0.142345 0.004378 0.121580 0.005220 -0.007786 -0.101688 0.092002 0.114414 0.058540 -0.071021 0.083163 -0.133805 -0.043854 0.004627 0.108613 0.026123 0.097993 0.072049 0.022750 0.033631 -0.042150 0.154750 -0.033070 0.013909 0.019196 -0.026762 -0.065815 -0.096618 0.040906 0.155148 0.077586 0.008028 -0.045040 0.047965 0.217295 -0.117372 -0.104379 0.001201 0.168247 0.019066 -0.005518 0.052559 0.025321 0.081208 0.049678 -0.017987 -0.042005 -0.001249 -0.073221 -0.024993 -0.088908 0.109063 0.022826 -0.072303 0.002119 -0.047767 -0.009412 0.021773 0.049127 -0.020650 -0.101868 -0.077485 -0.277021 -0.134548 -0.029634 0.013233 0.001737 -0.005919 0.176523 0.112400
-0.177823 0.002996 0.108495 -0.069653 -0.025053 -0.067857 -0.042330 -0.132259 0.037077 0.016752 0.023780 -0.099009 0.175756 0.087801 0.072904 0.098232 -0.012494 0.104381 0.065082 -0.083872 -0.029578 0.114058 0.047533 0.140613 0.089469 0.079611 0.047463 0.005868 0.092322 -0.001631 0.022330 0.065603 0.177113 0.017324 -0.008503 -0.124310 -0.129864 -0.315382 0.052056 0.015590 -0.085385 -0.076707 -0.059582 -0.074211 -0.117099 0.046109 0.015710 -0.082641 0.056742 0.049069 0.136564 0.022661 0.160627 0.027378 0.062118 -0.004998 -0.215335 0.107258 -0.055803 0.116500 0.028066 -0.122276 -0.024755 -0.079197 -0.013892 0.146345 0.078776 -0.123079 -0.024929 0.000220 -0.000263 0.050398 -0.074725 0.181313 -0.001190 -0.047642 -0.003200 -0.036937 0.096534 -0.022433 -0.072969 -0.022410 0.031231 0.072652 -0.043224 0.028861 -0.218894 -0.149032 -0.119815 -0.032081 0.186177 0.090083 -0.065244 -0.175159 0.101782 0.017288 -0.036045 -0.011567 0.001923 -0.079292
0.206781 0.210983 -0.008226 -0.095378 0.089606 0.094437 -0.221105 -0.154309 0.139409 0.171384 0.049181 -0.044831 0.066321 0.025062 -0.061053 -0.119789 -0.201152 -0.178263 -0.051296 -0.092163 -0.039487 -0.126214 -0.081162 0.086684 -0.037372 0.114341 0.099318 -0.018708 -0.119603 0.157682 -0.054842 -0.045627 0.009494 0.030392 0.061016 -0.147173 -0.083152 -0.002131 0.052841 0.082410 -0.038228 0.011024 -0.022759 -0.068200 0.038886 0.029297 -0.137645 0.207367 0.103259 0.076707 -0.014605 0.025131 -0.130990 -0.022991 0.046341 -0.099438 -0.121778 -0.052572 0.166897 -0.031406 -0.031742 0.182520 -0.101917 0.123991 -0.152860 0.076715 -0.004165 -0.139963 -0.108924 -0.089830 -0.151317 0.053125 0.015951 -0.086079 0.000685 0.043825 0.094858 -0.058865 0.016810 0.082641 -0.079493 0.013630 0.103738 -0.047987 0.128291 -0.040005 0.032477 -0.019942 -0.126025 0.187959 -0.150167 0.109776 0.159765 -0.152560 0.012060 0.054266 0.034416 -0.020947 -0.185363 -0.038899
-0.073895 0.057821 -0.006413 0.145944 0.006180 0.109033 -0.087057 -0.018028 0.164354 0.080394 0.093969 -0.114749 -0.072313 -0.021237 0.122565 0.109310 -0.004951 -0.148603 0.064554 0.121521 0.270540 -0.032414 0.015249 0.002647 0.048773 0.104121 -0.050945 -0.067797 -0.105968 -0.160322 0.060253 0.015838 0.114753 -0.094475 0.036012 -0.112879 -0.196994 0.182350 0.114157 0.003681 -0.030311 -0.055654 -0.063421 0.080536 0.067486 -0.155851 -0.073665 -0.041800 0.206883 -0.064503 0.118587 0.030372 -0.073799 0.160963 -0.019490 0.009191 -0.198456 0.184211 0.154845 0.027993 -0.045438 -0.072359 0.060330 0.000012 0.017525 -0.246605 -0.065089 0.124210 -0.010298 -0.055316 -0.004286 -0.080273 0.035729 -0.021593 -0.075801 -0.185570 0.102398 0.059660 -0.142349 0.128185 0.082575 -0.039395 0.175475 -0.040796 0.098672 0.169085 0.085928 0.004477 0.088067 0.221564 -0.011186 -0.052203 -0.112418 -0.148054 -0.051107 0.022542 -0.036999 0.132490 -0.078167 0.005182
-0.024092 -0.206855 0.022294 -0.163911 -0.123885 -0.024644 0.115561 -0.069989 -0.105167 -0.156756 -0.005589 0.138812 0.057621 0.067712 0.023111 0.010504 0.115669 -0.170115 0.099432 -0.073702 0.101616 0.006129 -0.068641 -0.070029 -0.197308 -0.151775 0.003337 -0.004895 0.018477 -0.030383 -0.038934 -0.007213 0.209809 -0.141851 -0.039132 -0.156606 -0.010432 -0.075926 0.077641 0.090302 0.117231 0.029304 -0.124835 -0.003594 0.010827 -0.046488 -0.027455 0.004177 0.142674 -0.098999 0.091847 0.108513 0.052007 -0.030765 -0.002782 -0.188022 -0.019152 0.039436 0.095019 0.142889 0.058598 -0.062883 -0.125854 0.205561 0.137633 0.052642 0.022986 0.086358 -0.006555 0.193998 -0.235887 0.143893 0.196354 -0.011170 -0.109962 0.084433 0.035741 -0.054179 0.023041 -0.092493 0.027770 -0.059042 0.152935 -0.104796 0.126269 0.070108 0.078478 0.106409 -0.156058 0.060750 -0.010799 -0.055512 0.025750 -0.045960 0.180003 0.140588 0.128340 -0.133074 0.007755 -0.198089
-0.072294 -0.195259 -0.101107 0.007395 -0.149994 -0.045435 0.024216 -0.101850 -0.079666 0.178414 0.070241 -0.052498 -0.145502 0.010586 0.060462 0.078192 -0.110893 0.046846 -0.169632 0.117387 0.243967 0.019055 -0.000182 -0.014834 -0.098807 0.166151 0.194430 0.053764 -0.013188 0.095876 -0.011769 0.179813 -0.071595 0.039140 -0.081049 0.005006 -0.024322 -0.047761 -0.086247 0.037539 0.005957 -0.079497 -0.095344 -0.096962 -0.001939 -0.068852 0.086754 -0.045291 0.153791 0.106056 -0.047381 -0.013048 -0.073524 0.228663 -0.035378 0.063616 0.040030 -0.158475 0.054623 -0.083857 0.143467 0.088739 -0.053550 -0.023570 -0.063386 -0.028676 0.069682 -0.135251 -0.147110 0.012590 -0.069681 0.024342 -0.219646 -0.026563 0.012620 0.235185 -0.007463 -0.218800 -0.040609 0.022445 0.017583 0.152595 0.089595 -0.047380 0.156921 -0.166019 0.054524 -0.016951 0.081773 -0.077848 0.054630 -0.025454 -0.073065 -0.066826 -0.030399 -0.074608 -0.028867 0.084833 -0.041444 -0.054084
-0.157926 0.002338 -0.002987 -0.113626 0.092991 -0.130154 -0.028288 -0.052195 -0.029648 0.139230 -0.048905 -0.120619 0.050283 0.112386 -0.258131 -0.124386 0.146181 0.036107 0.044174 -0.049022 -0.038222 0.139991 0.034737 -0.109623 -0.023999 0.015999 -0.072161 0.121909 -0.012957 0.052571 0.033783 -0.120534 -0.199016 0.000306 -0.059897 -0.094386 0.085177 -0.085489 0.081310 -0.131645 -0.101158 0.099021 -0.040790 -0.031666 0.090737 0.052939 0.319482 -0.037439 -0.116562 -0.094173 -0.137924 -0.131040 0.012967 0.170178 -0.041394 0.054912 -0.069799 0.003676 -0.093747 -0.109243 -0.010311 -0.026825 0.038001 0.053546 0.002342 0.064385 0.076757 -0.033020 0.085833 0.016818 -0.044964 0.038800 0.086179 -0.040417 0.107342 -0.051983 -0.028987 -0.037726 0.022189 0.208561 0.048655 0.079540 0.145528 0.002250 -0.134630 0.122606 -0.053551 0.011071 0.169063 -0.145174 -0.101502 -0.068786 0.212378 0.002682 -0.036454 0.088003 -0.108208 -0.068147 -0.043713 0.074422
0.070165 -0.025634 -0.050309 0.099617 -0.005779 -0.030319 -0.013466 0.153725 -0.158091 0.148763 0.029707 0.012010 0.186274 -0.041177 0.020212 0.051069 0.079772 -0.117652 -0.225155 0.050080 -0.165742 -0.070175 -0.080003 -0.096474 -0.087166 -0.108133 -0.063985 0.072051 0.083331 -0.172847 0.111589 -0.173562 0.132271 -0.010434 0.106679 -0.067850 -0.068852 0.100998 -0.118843 -0.110972 0.046957 -0.006634 0.172585 0.032227 -0.238374 0.130403 0.082256 -0.059364 -0.043610 0.019531 -0.020354 0.013356 0.075758 0.035234 0.022747 -0.180256 0.181220 0.170259 -0.117242 -0.104703 0.097893 -0.134721 -0.165255 -0.037481 -0.104430 0.030450 -0.032710 0.189612 0.024100 0.050501 0.030250 -0.060700 -0.131039 -0.008474 0.026932 0.001336 0.028048 0.010389 0.081342 0.059026 -0.103033 -0.000020 0.125645 -0.083348 -0.066049 0.171125 -0.019770 0.001225 0.011186 0.032410 0.185195 -0.099864 -0.241065 -0.011074 -0.102316 0.168603 0.058983 -0.020629 -0.074996 -0.158717
0.135993 -0.150952 -0.039861 0.069263 -0.028660 -0.009384 0.071615 0.018760 -0.085664 0.019622 0.287700 -0.095950 0.075398 -0.012644 0.001029 0.175866 -0.134216 -0.110298 -0.111374 0.261087 -0.027633 -0.064422 0.135559 0.001848 -0.062115 0.243069 0.044744 -0.216151 -0.012686 0.076700 0.003776 0.166078 0.065524 0.006710 0.001205 0.021007 0.140231 0.098779 -0.022636 0.104876 -0.179097 0.042150 0.087188 -0.129109 -0.052388 -0.049410 -0.185137 0.119596 -0.151837 -0.072199 -0.074541 0.141380 0.084685 -0.043553 0.127250 0.019839 -0.037642 0.005409 0.120850 -0.123804 0.193256 -0.125778 0.065768 -0.120196 0.045569 0.124967 0.130995 -0.055942 -0.157880 0.090737 -0.001865 -0.028129 -0.064359 0.051915 -0.193207 0.195973 -0.170052 0.038954 -0.193299 0.065536 -0.099918 0.097238 -0.098959 -0.003838 0.000225 0.004267 -0.104050 0.042237 -0.048366 0.024554 -0.101353 -0.058688 0.017877 0.026676 0.073559 -0.006495 0.029618 0.095178 -0.096749 -0.052013
0.044311 0.038935 0.043305 0.114307 -0.041657 -0.031878 0.120161 -0.016701 -0.194289 -0.166665 -0.054228 0.164141 -0.046643 -0.164909 0.103564 0.040173 0.055794 -0.015989 0.041365 0.068250 0.157812 -0.027310 -0.061674 0.114946 0.091732 0.047246 -0.076690 0.125631 0.045812 -0.097323 0.013649 -0.037998 -0.002500 0.005637 0.017449 0.020316 -0.039223 0.130565 -0.026343 0.071745 0.030237 -0.018673 -0.253801 -0.057646 0.067498 -0.068588 0.040795 -0.212875 -0.065394 0.039089 -0.101582 -0.048414 -0.192243 0.051691 -0.005989 -0.039622 0.047421 0.028117 -0.159878 0.014617 0.158044 0.063943 0.032604 -0.065207 -0.164937 0.147338 0.033637 -0.156863 0.018220 -0.169077 -0.087273 -0.025197 -0.045177 -0.088944 0.033715 0.005653 0.096549 -0.026155 0.060113 0.092567 -0.171240 0.000113 -0.035550 -0.208357 0.046025 -0.131215 0.123121 0.024873 0.011095 -0.029728 -0.032835 -0.141865 0.139392 -0.144889 0.032965 -0.027213 0.107228 -0.022319 0.147889 -0.057735
-0.124036 0.103908 -0.032267 0.099210 -0.139208 0.058295 -0.208537 -0.050268 -0.008453 0.011048 -0.069769 -0.118966 -0.047528 -0.064106 -0.047215 0.126565 0.010219 0.021338 -0.054368 0.043337 -0.137161 0.086427 0.225445 -0.049108 -0.004733 0.052846 -0.188206 0.119416 0.158884 -0.023805 0.066580 0.124688 0.135389 -0.010954 -0.089105 -0.010483 -0.168094 0.070748 0.038182 -0.018255 0.090273 0.039422 -0.064409 -0.005303 0.163314 0.023407 -0.117915 -0.119075 0.010975 0.119713 -0.047294 -0.049806 -0.011394 0.113627 0.032490 -0.061429 0.152283 0.038866 0.015256 0.036565 0.252637 0.125228 -0.030462 -0.084794 0.167504 0.169808 0.135998 -0.055450 0.106023 0.068328 0.222670 -0.084273 -0.301155 0.079498 0.057035 0.135667 -0.051230 -0.086793 0.045786 -0.187608 -0.022237 0.212440 0.047438 0.146909 0.071137 -0.033855 -0.008195 -0.027670 0.035479 -0.001474 -0.024304 -0.011419 0.185131 0.107397 0.071086 0.067166 -0.087400 0.125211 0.062904 0.103992
0.120761 0.152232 0.044605 -0.041637 -0.028471 -0.109881 -0.054128 -0.028294 -0.003505 -0.140118 0.101627 0.087459 0.177797 -0.028141 0.050046 0.083515 0.140666 -0.191323 -0.070141 -0.037381 -0.062112 0.086473 -0.139224 0.125144 0.048892 0.024136 0.040352 -0.001952 0.019663 0.048444 -0.029768 -0.082915 0.002513 -0.034671 -0.030787 -0.048355 0.016361 -0.269519 -0.108061 0.084028 -0.077332 -0.000284 0.013791 0.052173 -0.031364 0.064135 -0.095194 -0.022294 0.099453 0.068374 -0.032268 0.005222 -0.064795 0.071939 0.125128 -0.031780 -0.113343 0.030070 -0.078928 0.070453 0.036253 -0.062832 -0.053411 0.058233 -0.118806 0.032876 -0.091603 -0.112012 -0.086734 -0.018743 0.106982 -0.116682 0.125325 -0.139642 -0.112722 0.128437 0.157239 0.022467 -0.178661 0.175391 -0.087231 -0.037157 0.006281 -0.036006 -0.024447 -0.042626 0.103443 -0.045527 -0.200837 -0.022160 0.002149 0.023061 -0.127623 -0.050888 0.006103 -0.009181 0.115601 -0.084667 -0.091821 -0.028982
0.105624 0.130529 -0.054029 0.002685 -0.011772 0.026691 -0.150746 0.123260 0.030311 0.035359 0.115748 -0.001343 0.021928 -0.051586 -0.061059 0.125083 -0.063041 0.173387 0.071946 -0.025160 -0.037942 0.043631 0.005054 0.013945 -0.068490 -0.006836 0.048490 0.070335 0.094755 -0.112516 -0.016257 -0.083075 0.018289 -0.160337 0.030876 -0.034076 0.048191 0.108899 0.192896 -0.011918 0.051906 0.109869 -0.043770 -0.088749 -0.010074 -0.058230 0.076097 -0.079489 0.087018 -0.204404 -0.183216 -0.207926 -0.066421 0.078639 -0.010568 -0.038113 -0.095979 -0.202644 -0.153433 0.084812 -0.080419 -0.056965 -0.053336 0.031604 0.035404 -0.162217 -0.114085 -0.090015 0.070254 0.073397 -0.178414 -0.081675 0.012387 0.134714 0.173364 0.144056 -0.204671 -0.097603 -0.084120 0.037002 0.054744 -0.102299 -0.133491 -0.085962 0.122199 -0.015155 -0.177041 0.060846 0.098434 -0.134865 -0.084021 -0.045312 0.021463 0.169702 0.147966 0.047796 0.012311 0.025270 0.057243 0.027285
-0.057073 -0.108096 0.086960 0.015974 -0.025919 -0.150045 0.130366 0.005054 -0.182645 -0.006687 -0.167596 0.069830 -0.124875 0.071788 0.145104 -0.118668 -0.048699 -0.163109 -0.135032 0.077659 0.059393 0.036299 -0.105438 0.069351 -0.030866 0.022629 -0.065992 -0.033154 -0.058717 0.005171 0.045215 -0.116813 0.154027 0.032188 0.054672 0.153192 0.007536 0.010923 -0.017947 0.051502 0.176657 -0.064201 -0.002115 0.082943 -0.015164 0.136610 -0.030187 0.052017 -0.112667 -0.016474 -0.047862 0.068532 -0.053484 -0.039774 -0.049626 0.013003 0.103239 -0.092363 0.115726 -0.158294 0.112686 0.067782 -0.020548 0.045838 -0.074620 -0.082712 -0.000057 -0.033400 -0.055056 -0.030895 0.099649 0.082418 0.116188 0.099827 -0.028144 -0.028366 -0.006230 0.053497 -0.027581 -0.119036 -0.065048 0.081323 -0.088510 -0.014071 0.037927 0.022464 0.125990 -0.084003 -0.042076 -0.076044 0.232387 0.001235 -0.110989 -0.131508 -0.078974 -0.134576 0.146859 0.068009 -0.044039 -0.062433
0.152045 -0.051391 0.098035 0.155166 -0.032379 -0.051592 0.120480 -0.048816 -0.066950 0.060315 0.018454 -0.089132 0.105602 -0.016976 0.058500 0.011136 0.152079 0.106333 0.015356 0.026787 0.107107 -0.093301 0.035713 0.068926 -0.038403 0.011984 0.109498 -0.103382 -0.131086 -0.083619 -0.101834 -0.005266 0.012301 -0.130690 -0.155728 0.246099 -0.033639 -0.023577 0.015811 -0.086049 -0.047183 0.049187 0.071541 0.027001 0.063221 -0.042565 -0.028660 0.052685 -0.054924 -0.086461 -0.074444 -0.009076 -0.133655 -0.120904 -0.005665 -0.050237 -0.073958 -0.007818 -0.023607 0.197107 -0.059923 0.224056 0.108526 0.061143 0.131152 -0.093195 -0.118950 -0.014052 0.002051 0.025322 0.027131 -0.001876 0.047272 0.097678 0.011166 -0.000043 -0.015020 -0.059140 0.117679 0.030820 0.021301 0.124523 -0.081813 0.204243 -0.011381 -0.018079 0.031939 0.189597 -0.211242 0.016447 0.102636 -0.119370 0.065475 0.133147 -0.079392 -0.074932 0.083945 0.079331 -0.091201 -0.096740
0.019309 -0.039772 -0.055797 -0.051481 0.080191 -0.045090 0.047895 0.154291 -0.019497 0.062306 0.095558 -0.010954 0.138854 0.202197 0.054644 0.034139 0.023880 -0.140399 -0.052282 0.057854 -0.044362 0.028041 0.108449 -0.124633 -0.051472 -0.080249 0.025537 -0.214251 -0.061072 0.041135 0.026287 0.016353 -0.007723 0.047681 -0.022300 -0.023020 -0.148259 -0.137236 0.118460 0.126067 -0.093031 0.009156 0.185740 0.032843 0.059329 -0.024258 0.169240 -0.051283 -0.073950 0.086315 -0.256536 -0.024077 -0.018512 0.036287 0.101331 0.064883 0.136485 -0.055483 -0.069018 -0.047024 -0.007705 0.071013 -0.018011 -0.003692 -0.010635 -0.021812 0.077884 0.002298 0.006501 -0.065010 0.072550 0.147795 -0.115507 0.020676 0.188280 0.097363 -0.086126 0.099368 0.013609 -0.128505 0.148656 -0.097243 -0.008825 -0.187214 -0.254825 -0.001992 0.137549 -0.019777 0.135159 0.062543 0.019729 -0.054965 0.065182 0.095527 0.063507 0.030393 -0.103683 0.034477 -0.124306 0.065187
-0.096245 0.066373 0.020930 0.098787 0.048618 -0.128600 0.232849 -0.090772 0.098015 -0.120493 0.009448 -0.221384 0.008085 0.051424 0.016087 -0.056994 0.088589 -0.133937 0.071839 0.143798 -0.097298 0.213273 0.003539 0.079883 0.205410 -0.014504 -0.055545 -0.102416 0.017722 0.149859 0.010182 -0.048821 -0.029606 0.004617 -0.171681 -0.079915 0.025721 -0.066779 -0.100052 -0.029846 0.053084 -0.096231 -0.020308 -0.094958 -0.087795 0.004992 0.060279 0.064575 0.136732 -0.145749 0.127193 0.083728 0.087568 -0.139586 -0.016930 -0.277155 -0.086399 -0.083729 0.080232 -0.204405 0.182423 0.012294 0.019246 -0.095968 -0.048980 -0.077322 -0.065908 0.088403 -0.013204 -0.025375 -0.068059 -0.137658 -0.013626 -0.025649 0.094354 0.120621 -0.194212 0.036472 -0.010532 -0.038544 -0.003996 -0.082169 0.010010 -0.051126 0.057301 -0.037573 -0.082347 0.048922 -0.067091 0.108036 -0.046942 0.093109 0.120177 0.173732 -0.076817 0.198086 0.046225 0.079469 0.080645 -0.159871
-0.120621 0.019778 -0.007853 0.073384 -0.024406 0.032514 -0.011549 0.134401 0.108795 0.002792 0.217206 -0.066135 0.041266 0.141339 -0.128680 -0.066765 -0.126550 -0.096609 -0.096582 -0.017311 -0.134365 0.105752 -0.071034 -0.008053 -0.165926 0.006770 0.134422 -0.094176 0.135390 -0.007068 0.026917 0.105878 -0.013216 -0.081532 0.106764 0.051076 -0.163035 -0.008386 -0.096765 -0.090159 0.002198 0.050194 0.296859 0.014822 -0.012489 -0.061892 0.095467 0.154768 -0.130284 0.005726 -0.026177 0.123595 -0.026723 -0.001085 -0.060074 0.180572 -0.036780 -0.024255 -0.042893 -0.058109 0.004115 -0.034232 -0.055555 -0.014682 0.096394 -0.061473 -0.063953 0.210957 0.021200 -0.155653 -0.022890 0.251528 -0.058452 0.094330 -0.089315 0.067408 -0.200935 -0.000560 -0.071115 -0.075877 0.007024 -0.025756 0.117026 -0.054092 0.082156 -0.037507 -0.019465 0.067694 -0.035828 -0.002645 0.002341 -0.040659 0.099644 0.078697 0.028654 -0.085619 0.152522 0.020972 -0.003290 -0.001966
0.017470 0.263702 0.128326 0.072317 -0.021547 0.031636 -0.151870 0.033665 0.024559 -0.006134 0.009571 0.042040 -0.288867 0.199571 -0.036148 0.148331 -0.122126 0.100259 -0.110924 0.057513 -0.091835 0.107579 -0.176098 -0.008028 -0.044992 0.062710 0.106884 0.057276 0.019769 0.106532 0.045233 0.196920 -0.026288 -0.040077 0.085464 0.216258 -0.065278 0.073271 -0.037493 -0.004469 -0.069892 -0.132151 0.100900 0.229830 0.056208 0.163945 0.031021 -0.097962 0.075351 -0.120232 -0.098283 -0.036350 -0.000876 -0.037446 0.176102 -0.143940 -0.060013 0.082391 0.113726 0.163304 0.018144 -0.015018 -0.027285 -0.061647 0.069339 -0.109582 -0.256471 0.090627 -0.055474 0.066834 -0.007077 0.013067 -0.062797 0.038947 0.040619 -0.134225 -0.183477 -0.055461 -0.040458 -0.024000 0.072460 -0.061678 -0.009108 0.201717 0.026373 0.047054 0.036063 -0.073180 0.073084 -0.016041 -0.025154 0.010866 -0.017536 -0.259292 -0.012011 0.027395 0.159502 0.069879 -0.157916 -0.056933
0.167811 -0.028382 -0.154345 -0.170263 -0.086567 0.003162 0.144277 -0.010739 -0.071188 -0.176327 -0.108551 0.240824 0.035511 0.022827 -0.026039 0.040479 0.032140 0.101424 0.055523 -0.034653 0.007391 -0.059420 -0.087712 -0.094123 0.163654 0.050588 0.214897 -0.017570 0.158052 0.034166 0.147710 0.194564 -0.045158 -0.107063 -0.147984 0.080873 -0.194151 -0.114099 0.004144 -0.040050 0.061658 -0.050912 0.044321 -0.059681 0.065925 -0.107381 -0.057489 -0.137222 -0.051822 -0.058114 -0.090730 -0.018649 -0.148991 -0.059491 -0.035862 0.090682 -0.127078 -0.009917 -0.081569 0.021377 0.142500 0.038807 0.023433 -0.062881 0.105345 0.040141 -0.018541 0.083484 -0.084771 -0.327825 0.025699 -0.003889 -0.078369 -0.025243 0.003594 -0.017995 0.048566 0.102336 0.125624 0.107599 -0.129354 0.055548 -0.150474 -0.074831 -0.062735 0.000557 0.079905 -0.120505 0.033258 -0.222330 -0.117454 0.041744 0.141050 -0.029633 0.026962 0.152755 -0.131970 0.008038 -0.036203 -0.075378
-0.115652 -0.140584 0.004919 0.088080 0.022970 -0.200889 0.038337 -0.064458 0.024649 0.157334 -0.032929 -0.025948 -0.014431 0.003095 0.076112 -0.002897 0.096158 -0.073989 0.037114 0.035957 0.156797 0.036424 0.056112 0.017083 0.144132 -0.044882 -0.049819 0.044049 0.006959 0.157316 0.067864 -0.056985 0.093204 0.044757 -0.024164 -0.141071 -0.001238 -0.124801 -0.145701 -0.048660 -0.032221 0.125229 -0.191918 0.049646 -0.166241 -0.109327 0.103255 0.041768 0.063347 0.019709 0.016440 0.001567 0.066025 -0.071752 -0.150392 -0.047705 -0.023421 -0.011703 -0.011087 -0.059946 -0.066463 0.004592 -0.076529 -0.019012 -0.105846 -0.051645 0.038224 -0.140269 -0.016110 0.039847 0.250340 0.064359 0.098568 -0.076563 0.103380 -0.204984 0.170241 -0.000726 0.024995 0.109504 0.062926 0.105936 0.062363 -0.037854 0.105454 -0.022028 -0.086296 0.134263 -0.064666 -0.002076 -0.067840 0.057129 0.025342 -0.080153 -0.122643 -0.015854 0.003633 0.020288 -0.101735 0.155649
0.091074 0.008944 -0.205592 0.061591 0.049074 0.044114 -0.114001 0.016316 -0.094912 0.219694 0.050462 -0.198282 0.027119 -0.017452 0.016736 -0.018666 -0.197642 0.005216 0.018454 -0.159154 0.023433 -0.116776 -0.246895 0.038628 0.032642 -0.098346 -0.154775 0.002598 0.260030 -0.024375 -0.012159 0.017999 -0.052261 -0.112318 0.001764 -0.012627 -0.007329 0.072295 -0.221770 0.026281 0.040378 -0.039705 0.060560 0.142882 0.085169 -0.030147 0.026875 -0.156917 0.112615 -0.015637 0.023971 -0.055337 0.075782 -0.104973 0.065341 0.015096 -0.089099 0.000197 -0.000641 0.118299 0.015756 -0.027538 0.028840 -0.037640 -0.013839 -0.110681 0.097942 0.001118 0.148208 -0.118474 -0.097075 -0.016681 0.082907 -0.164850 -0.039562 -0.023199 0.019865 -0.047469 0.009835 -0.004443 -0.103565 -0.125666 -0.039469 -0.169839 0.143761 0.084577 -0.106689 0.117081 -0.058050 -0.049888 -0.012639 -0.067028 -0.055719 -0.188431 -0.040504 0.103911 0.031410 0.105535 -0.121990 0.054316
-0.005074 0.095993 -0.135787 0.036660 0.005500 0.211919 0.037367 -0.093893 0.004914 -0.170775 -0.187103 -0.058376 0.028302 0.018543 0.027807 0.044159 0.204196 0.039333 -0.030046 -0.056789 -0.076214 -0.009228 -0.062452 0.009656 -0.086326 0.201335 0.043145 0.018489 -0.016756 0.016656 -0.045870 0.088593 -0.025672 0.066045 -0.046737 -0.133951 -0.137806 0.085829 0.108674 -0.276780 -0.088411 -0.049834 -0.013614 0.012741 0.047172 -0.049581 0.018552 -0.103562 -0.299091 -0.147845 -0.153381 0.014461 -0.068007 -0.014346 -0.133759 -0.034569 -0.011581 0.041593 0.084031 0.105339 0.076884 -0.037474 0.098166 -0.041445 -0.027022 0.155355 -0.101374 -0.083233 0.047045 -0.166067 0.254140 0.000624 0.037913 -0.132207 0.170735 -0.000700 -0.006842 0.018790 -0.032616 0.048315 -0.016148 -0.160767 -0.145548 0.039522 0.250281 -0.053094 0.069000 -0.058741 0.132859 -0.171838 -0.035208 -0.136358 -0.153338 -0.003718 -0.174781 0.148709 0.009155 0.070892 -0.099134 -0.008168
-0.115992 0.197141 0.038798 -0.041587 -0.060554 -0.003908 0.067584 -0.049362 -0.176542 -0.020564 0.084370 -0.087343 -0.028018 0.091246 0.161962 -0.184710 0.004770 0.019041 -0.026970 -0.135701 0.017796 0.082749 0.065439 0.116429 -0.052931 0.159779 -0.036796 0.056792 0.053440 -0.046248 -0.127189 -0.121680 0.099900 0.088588 -0.115838 -0.040025 0.037320 0.027922 0.020913 0.004543 -0.049239 0.228543 0.060183 -0.008389 0.094095 0.009797 -0.013687 0.181334 0.060802 0.055687 0.133775 0.082542 0.054786 -0.059881 -0.068129 0.113142 -0.006857 0.144734 -0.138241 -0.042315 0.099989 0.084509 -0.035714 -0.243284 -0.065533 -0.117882 -0.025576 -0.087793 0.071030 0.074595 -0.021049 0.026996 -0.059667 0.155416 -0.022773 -0.076671 0.088781 -0.134640 0.323844 0.013099 -0.202259 -0.082404 0.115464 -0.034099 0.011357 -0.020062 0.277360 0.001177 -0.240623 0.121706 0.182337 -0.071491 -0.029366 0.019586 0.046050 -0.139728 0.120806 0.012297 -0.031062 0.115409
-0.081472 0.008444 -0.060404 -0.077592 0.061592 0.090635 -0.164916 0.086489 -0.002153 0.026608 0.160068 -0.005791 0.106028 0.060053 0.064788 0.084643 0.030075 0.003609 0.008230 -0.012664 -0.030921 0.079814 -0.014417 0.010515 -0.002870 0.009274 0.120582 -0.082600 0.112278 0.001523 -0.040470 -0.222023 0.170072 -0.128831 -0.038207 0.154063 0.027957 0.119377 -0.144860 0.007840 0.031422 -0.079313 -0.010526 -0.154894 -0.018914 0.029605 0.125434 -0.053747 0.024879 0.045171 -0.039956 -0.207543 0.077032 0.261531 0.051709 0.083559 0.065516 0.102276 0.079635 0.024848 0.075924 -0.023844 -0.052211 -0.107333 -0.110849 0.082862 0.100316 0.019169 0.114730 -0.090459 -0.292220 0.055753 0.101407 0.121034 0.091314 -0.002974 -0.073194 -0.022300 -0.102611 -0.045704 -0.090769 0.149935 -0.149360 -0.124155 0.006022 -0.132198 -0.034444 -0.056307 0.046901 -0.244202 0.047596 -0.037473 0.108786 0.097203 -0.007199 -0.034065 0.068580 -0.013654 -0.054808 0.051066
-0.035228 0.142441 0.197785 -0.007604 0.054962 0.068584 -0.180776 -0.221757 0.005023 0.097624 -0.169872 0.011682 0.114823 -0.022295 -0.111261 0.024716 -0.016132 0.025797 0.008917 0.007013 0.021023 0.039036 0.091793 -0.202642 -0.027880 0.120386 0.001848 0.003916 0.063569 0.029469 -0.183232 0.127203 0.016512 -0.060586 -0.002156 0.095079 0.033781 0.164292 0.090672 0.088331 0.024251 -0.049289 -0.024100 -0.180359 -0.021975 -0.193167 0.097547 -0.013336 0.021000 -0.183158 0.060061 -0.055575 0.070977 0.073746 -0.015510 0.122316 -0.067031 0.118908 0.073178 -0.150439 -0.012234 -0.014697 0.020622 -0.139035 -0.061651 -0.131514 -0.000019 -0.039653 -0.065121 -0.147733 0.120373 0.019843 0.043952 -0.044386 0.013769 0.044178 0.027496 0.087421 0.074884 -0.027376 0.040480 -0.049417 0.042610 -0.016485 -0.012558 -0.073344 -0.031251 -0.098126 -0.047636 0.079637 0.051976 -0.037998 0.118927 -0.041317 -0.197580 -0.061320 -0.003668 0.116709 0.122152 -0.001598
-0.105878 -0.106577 -0.032154 -0.167486 -0.041211 -0.011171 0.007870 0.030555 -0.100912 0.190100 -0.011177 0.019363 0.186540 0.059345 0.046653 0.078363 0.140755 -0.019767 -0.061276 0.012805 0.140183 0.046683 0.053026 -0.087364 -0.004021 0.003269 -0.161884 0.128250 0.028737 -0.049770 0.036187 -0.155084 0.135816 0.173144 0.134747 -0.065100 0.038070 -0.065540 -0.084563 -0.089005 -0.032988 -0.043812 -0.119756 0.034284 -0.114148 -0.176433 -0.108898 0.041309 0.050262 0.093844 0.005865 0.161727 0.158322 0.007383 -0.187028 0.079901 -0.084851 -0.048157 0.001035 0.066520 -0.112715 -0.169596 0.157166 -0.076664 0.085504 0.133314 0.051382 -0.038222 0.001550 0.006191 -0.027202 0.028853 0.155178 0.053554 -0.036411 -0.207508 0.051855 -0.161538 -0.007622 -0.054760 0.076301 0.069991 0.003369 0.113696 -0.056999 0.026949 0.126462 -0.093192 -0.056502 0.044192 0.023027 -0.111078 -0.012315 -0.100283 -0.045010 -0.082209 -0.204051 -0.083950 0.150660 0.058270
-0.104724 -0.064100 0.109529 0.011973 -0.000357 -0.152984 0.051230 -0.191801 0.042602 0.026818 0.103882 -0.215709 0.109854 -0.210727 0.060961 0.047217 0.103086 -0.052213 0.008367 0.221012 0.121929 -0.009812 0.109583 0.018204 -0.048726 0.031377 0.057918 0.149789 0.023937 0.046172 0.128448 0.052105 -0.050901 0.036537 0.146089 0.009575 -0.198642 -0.227038 -0.032285 0.048309 -0.102270 -0.099396 0.002137 -0.069146 -0.164758 0.062024 -0.129519 -0.090515 0.097760 0.030078 -0.028438 -0.081307 -0.196646 -0.083814 0.022287 -0.120781 -0.029572 -0.015452 0.156992 0.060205 -0.001530 -0.112947 -0.013202 0.131064 0.024396 -0.148266 0.004169 -0.049809 -0.064725 0.030949 0.058810 -0.129066 -0.148897 -0.000574 0.053053 -0.005392 -0.047537 0.079600 0.183624 0.030831 0.008188 0.040140 -0.083316 0.178983 -0.050731 -0.046415 -0.019603 0.072473 0.268435 -0.147749 -0.064993 -0.079665 -0.010563 0.063139 0.059220 0.008228 -0.004074 -0.000475 -0.013704 0.038233
0.006612 0.055875 0.234937 0.195336 0.069572 0.175682 -0.109514 0.057666 -0.016360 -0.009746 -0.061296 0.057645 -0.071926 -0.202545 0.018486 -0.036090 -0.226671 -0.205400 -0.021762 0.051814 0.016502 -0.161756 0.076841 -0.063066 0.005094 -0.121128 -0.189913 0.029870 0.193031 0.022544 -0.086515 -0.077813 -0.074975 -0.025578 -0.011455 0.056050 -0.178883 -0.156411 -0.050333 -0.055978 0.101709 -0.160588 -0.123436 -0.201835 0.032579 -0.058092 -0.046577 -0.022706 0.039552 -0.099306 -0.119619 -0.004255 -0.066582 0.082935 0.022959 0.070505 -0.143736 0.030971 0.067464 -0.033997 0.004740 0.030982 0.080583 0.073903 -0.019635 0.033457 -0.075518 -0.008631 0.014557 0.032911 0.169521 0.083553 -0.049344 0.027567 0.075147 0.015414 -0.178086 -0.076009 0.090906 -0.017818 -0.144951 -0.027983 0.220780 -0.007462 0.022418 -0.004057 -0.235492 -0.102562 -0.073414 0.198830 -0.121710 0.087513 -0.029717 0.071180 0.037935 0.004332 0.119203 0.169515 0.178229 0.015489
0.017393 -0.213479 0.024902 -0.188024 0.152173 0.021887 -0.030021 0.074013 0.043666 -0.139681 -0.006788 -0.073032 -0.019593 0.221095 0.037874 0.219814 -0.115951 -0.006465 0.015491 0.098730 0.086075 -0.089603 -0.007071 0.047124 -0.059178 -0.052894 0.143806 -0.082008 0.106281 -0.215214 0.121147 0.047047 -0.125137 -0.086590 0.115791 0.187306 -0.237431 0.111255 0.027058 -0.104934 0.110052 -0.011708 -0.030067 0.113926 0.096398 -0.134966 -0.046686 -0.023662 -0.095387 0.106860 0.019064 0.112338 0.049285 -0.063346 0.008490 0.025762 0.044867 0.072892 -0.031213 -0.118140 -0.084972 0.014620 -0.085113 0.217179 0.150553 -0.044888 -0.052465 -0.015300 -0.135019 -0.047136 0.045765 0.028302 0.023941 -0.065460 -0.082048 0.045384 0.005704 0.055027 0.059263 0.173173 -0.193063 -0.007952 0.045464 -0.132887 0.041330 0.000473 0.067164 -0.040906 -0.011150 0.168893 -0.134085 -0.032407 0.067862 -0.048961 0.099962 -0.158484 -0.067347 -0.017454 -0.072195 0.043792
-0.075091 0.054756 0.000282 0.019154 -0.029241 0.041527 -0.036838 0.019492 0.019311 -0.016798 -0.069511 0.053057 0.173745 -0.065441 -0.044225 0.016894 0.015595 0.182232 -0.114476 -0.068315 -0.078895 0.165703 -0.064198 -0.035565 -0.136727 -0.052034 -0.073069 0.099031 0.063293 0.163985 0.028378 0.075418 -0.023986 -0.090036 -0.072612 -0.052494 -0.003505 -0.008188 0.108146 0.067255 0.002627 0.084472 -0.039570 0.134579 -0.070286 0.061677 -0.081608 -0.153976 0.019333 -0.044970 -0.281156 0.079266 0.033054 0.097052 -0.083283 -0.236241 -0.176432 -0.117177 0.013196 0.044718 -0.045021 0.164556 -0.027631 0.015886 -0.066821 0.118872 -0.141413 0.150745 -0.105209 0.032844 0.199447 -0.028193 -0.120025 -0.096010 0.039241 0.065354 -0.028118 -0.043288 -0.153226 -0.082048 0.015064 -0.041563 0.177978 0.060750 -0.057265 0.120036 0.046903 0.056240 -0.144228 0.102323 0.080552 0.035869 -0.070180 0.125163 -0.093516 -0.150719 0.000096 -0.039810 -0.177485 -0.199033
-0.051912 -0.057509 0.102009 -0.035445 0.141833 -0.091769 0.062800 0.114515 -0.040664 -0.019090 -0.025242 0.004926 -0.079732 0.105165 -0.068146 0.048625 0.008635 0.090282 -0.054778 0.161688 -0.046078 0.251736 0.216313 -0.039949 0.036180 -0.022818 -0.203456 -0.005628 -0.106987 0.084996 -0.033810 0.134191 -0.260686 -0.193407 0.010123 0.012716 -0.002955 -0.092200 0.079887 0.063391 -0.000498 -0.004275 0.006014 0.230751 -0.138657 0.051052 0.185179 -0.064521 -0.142898 -0.010737 0.105004 0.082906 -0.074941 0.207967 -0.060313 0.028227 0.041988 -0.013668 -0.023241 0.069595 -0.192944 0.007078 -0.021869 0.043869 -0.053719 0.195221 -0.145982 -0.052426 -0.151888 -0.001609 0.024536 0.193512 0.224914 -0.086148 0.017127 0.107767 -0.038980 0.106687 -0.037427 0.004413 -0.124747 0.126571 0.011392 -0.053746 -0.136509 -0.130988 -0.042499 -0.054924 -0.122967 -0.121190 0.029060 -0.104899 -0.026115 0.063592 -0.007417 0.045943 0.204316 -0.030928 0.009536 0.121869
0.117746 -0.001834 -0.012449 -0.080912 0.150384 0.030104 0.027071 0.147217 -0.193622 -0.067172 0.104175 -0.068262 -0.334967 0.034978 0.007829 -0.211733 0.207829 -0.053649 -0.020214 -0.085470 -0.027510 -0.051331 -0.065312 0.028812 -0.065037 0.150933 -0.007155 -0.125417 0.079066 -0.025755 -0.284884 0.076883 0.120705 -0.109154 -0.004390 -0.001624 0.141901 -0.046093 0.065177 -0.022833 0.100899 0.044612 -0.080950 0.023045 -0.014646 -0.103910 -0.385374 -0.023114 0.136566 -0.073935 0.000403 0.095255 -0.012101 0.024638 -0.033635 0.052349 0.197636 -0.182305 -0.251493 -0.072449 0.003446 0.044864 -0.102359 -0.001595 -0.131466 -0.072303 0.031539 -0.048027 0.085283 0.123398 0.095327 0.051794 0.004013 -0.002284 -0.118812 -0.010912 -0.049791 0.057066 0.033730 -0.145139 -0.028851 -0.115937 -0.038340 0.071345 0.150772 -0.038950 0.069736 0.013792 0.099745 -0.053117 0.051535 -0.073070 -0.232975 -0.058490 0.015188 0.010966 -0.156887 0.095724 -0.034202 0.032680
-0.090503 0.131793 0.043796 -0.027625 -0.051253 -0.032856 -0.086361 0.170914 0.062267 -0.095627 -0.076927 0.018226 0.046044 -0.078663 0.050654 -0.023965 -0.005515 0.001313 -0.082876 -0.160472 -0.066487 -0.264464 0.070312 -0.072607 -0.088392 -0.057840 0.160933 -0.064611 0.220604 -0.065854 -0.087394 -0.020912 0.094068 0.007431 0.090289 -0.029848 0.091490 -0.081513 0.043876 0.226043 0.009294 -0.039589 -0.059984 0.101729 0.175030 -0.104048 0.069957 0.135241 0.060103 -0.034291 0.118480 -0.069348 0.051321 -0.040135 0.101029 -0.197452 0.062503 0.009427 0.096050 -0.057918 -0.027076 -0.060401 0.015003 0.151479 0.101173 0.071257 0.115185 -0.030901 0.121578 -0.060300 0.010381 -0.084071 0.039752 0.142128 -0.097213 0.130295 0.020583 0.152425 -0.050728 -0.036399 0.087721 -0.215657 -0.054944 0.074678 -0.062396 0.237831 -0.265522 -0.084763 0.082090 -0.073937 -0.260292 0.169688 0.018301 0.054973 0.014001 0.249898 0.162445 -0.108311 -0.035605 -0.090162
0.206561 -0.185847 0.060978 -0.077235 0.042512 -0.086294 0.025206 0.088663 0.017048 -0.037189 -0.007208 0.080546 0.104557 -0.106985 -0.103549 -0.038410 0.171527 -0.024000 0.244959 -0.170984 -0.010152 -0.150746 -0.080142 0.040938 -0.142154 -0.046080 -0.084368 0.009486 -0.050712 -0.038181 -0.159003 -0.035155 0.144722 0.091667 0.181383 -0.020377 -0.143408 0.043117 -0.159171 -0.117699 0.101683 0.039428 -0.050921 -0.086779 0.083181 0.104906 0.065355 -0.142009 -0.119249 0.087960 -0.143971 -0.124677 -0.118490 -0.136418 -0.039718 0.047285 -0.079043 0.292729 0.027254 0.027541 -0.139339 0.058481 -0.100980 0.154039 0.120298 -0.053859 0.020646 0.002137 0.140543 -0.019807 -0.080093 0.011743 0.021101 -0.024844 -0.155945 -0.121740 0.213640 0.092936 -0.017247 -0.010812 0.054319 -0.012340 -0.080860 -0.058457 0.057436 0.101262 0.171474 -0.151092 -0.015199 0.031788 0.084049 0.113439 -0.181516 0.088413 -0.029891 0.027151 -0.008578 0.060648 -0.018925 0.035132
0.245873 0.045647 0.095065 -0.025798 -0.077616 -0.011748 0.110053 0.074808 -0.028847 -0.125288 -0.066926 0.078642 -0.068809 -0.145121 -0.079765 -0.068969 0.037154 0.051027 0.075434 0.133984 -0.143232 0.080179 -0.079125 -0.163339 -0.061969 0.024270 0.042377 0.005218 -0.010150 0.138945 -0.081159 -0.046239 -0.114459 -0.035901 0.042652 -0.052862 0.156660 -0.008663 -0.087815 -0.068767 -0.080298 0.060461 0.115609 0.021304 0.019439 0.145993 0.128890 -0.031658 -0.021516 0.022939 0.001422 -0.102633 -0.077443 -0.057121 0.061421 -0.128440 0.053826 0.066516 -0.115603 -0.059142 -0.132361 -0.087679 -0.117893 0.091307 0.027002 0.086061 -0.135341 -0.054841 -0.077140 0.192299 -0.065267 0.214220 -0.092589 0.013856 -0.053072 -0.031307 0.005354 -0.077665 -0.011143 -0.065819 0.059475 0.075208 -0.072007 -0.043940 0.055221 0.308430 -0.141778 0.185462 -0.020787 0.040544 -0.023971 0.010175 -0.189467 0.199345 -0.076462 -0.201617 -0.024710 -0.093117 -0.013285 -0.211846
-0.046059 -0.186927 -0.101657 -0.053960 -0.064453 -0.077149 -0.135879 -0.063644 -0.224924 -0.041960 -0.017979 0.011828 0.113148 -0.013086 0.049344 0.136910 0.181894 0.201314 -0.109876 0.085129 -0.164350 -0.079836 0.013459 0.139854 -0.111609 0.065135 0.114311 0.004452 0.102312 -0.100926 -0.018629 -0.031563 0.139722 0.001364 -0.152566 -0.045037 -0.003285 0.061505 0.042581 -0.096526 0.031090 0.258111 0.026688 -0.161325 -0.123247 0.006426 -0.000914 -0.089443 0.160328 -0.152944 -0.086123 -0.002654 -0.036265 -0.194064 0.222042 0.081508 0.134364 -0.057978 0.137885 0.099941 0.219169 0.004274 0.066471 -0.031418 0.027099 0.154609 0.100080 -0.125169 0.017173 0.155225 -0.002831 -0.059286 0.007869 -0.041104 0.057585 -0.083033 0.126590 0.163274 0.070425 0.002784 -0.089129 0.121742 0.173070 0.066313 0.222140 -0.063728 -0.219192 -0.094840 -0.106225 0.016007 -0.022386 0.084127 0.008920 0.018622 -0.076869 0.071620 0.164299 -0.102581 -0.068955 -0.025277
0.064979 -0.042390 0.022952 0.076549 0.125659 -0.189866 0.084942 -0.034008 -0.089294 -0.027214 -0.066746 -0.032164 0.019660 0.204769 0.097000 0.012356 -0.072793 -0.083693 0.098442 -0.099445 -0.139703 -0.041728 -0.041001 0.024892 -0.107461 0.081589 0.298635 0.037068 0.046665 0.171763 0.044665 -0.037394 -0.087517 -0.062360 -0.084921 -0.058693 0.051697 0.044362 0.076175 -0.073806 0.085899 -0.203011 0.135734 0.061293 0.160039 0.073857 -0.000318 -0.011099 0.151076 0.065659 -0.121709 -0.058353 -0.010394 -0.057935 -0.138638 0.070704 0.128707 0.069554 -0.002567 -0.025121 0.105513 -0.007877 0.075342 0.092676 -0.083334 0.050292 0.113753 -0.090526 0.121706 -0.056151 -0.004599 -0.147144 0.111909 -0.003989 0.082087 -0.116299 -0.032987 0.107662 -0.088642 -0.111378 -0.003779 -0.012509 0.062841 -0.054772 0.054063 0.049384 0.057856 0.120253 -0.039676 -0.025953 0.087644 -0.129997 0.087255 0.196152 0.051998 -0.150422 -0.009165 -0.163810 0.024858 0.057495
0.044705 -0.042450 -0.078132 0.005863 0.089833 -0.077162 0.030733 -0.051672 -0.092116 0.128711 -0.092251 -0.049099 -0.074127 0.100215 0.051539 -0.105474 0.174206 -0.028127 -0.169480 -0.130100 -0.034992 0.030255 -0.123392 0.131698 -0.005794 -0.076974 -0.052928 0.123540 -0.158965 0.110167 0.078312 0.048429 0.062501 -0.067416 0.064779 -0.023229 -0.011861 0.031079 0.157928 0.086313 0.028853 -0.000315 0.145614 0.014166 -0.018935 0.117497 0.083995 0.028305 -0.130855 0.088987 0.017234 -0.011242 -0.229628 -0.220023 -0.123409 0.031048 0.021051 -0.088957 0.225418 0.222775 -0.005649 0.003828 0.052945 0.103073 -0.112052 -0.035471 0.063480 0.002071 0.117444 -0.156572 -0.188985 0.141646 -0.099482 -0.114612 -0.009334 -0.136350 -0.086935 -0.045346 0.091425 0.131419 0.027439 -0.182103 -0.159042 -0.211487 0.030720 -0.153960 0.115272 0.079935 0.171589 0.116450 0.021119 -0.003815 -0.053781 -0.022959 -0.067502 0.045350 -0.043235 0.186515 -0.031248 -0.017053
0.066015 0.083884 -0.055074 0.108875 -0.111310 0.003064 0.052552 -0.006475 0.025460 -0.059489 -0.007819 -0.032982 0.037298 -0.042730 -0.144272 -0.104389 0.238215 0.022812 0.026682 0.046601 0.018292 -0.070547 0.074944 -0.062965 0.114999 -0.108902 0.026880 0.044252 -0.003428 0.009748 -0.188832 0.021412 -0.074036 0.057628 -0.132954 0.098603 -0.080075 -0.239832 -0.075573 -0.012185 -0.032498 0.044924 0.048765 -0.074532 0.107016 0.139396 -0.092597 0.019557 -0.172087 -0.038060 -0.091731 -0.021392 0.063455 0.044568 -0.002927 -0.072169 0.066097 -0.048048 -0.076448 0.048404 -0.010077 -0.190092 -0.027392 -0.025435 -0.084418 0.094819 0.008581 -0.158329 0.220620 0.047376 -0.045203 0.055695 -0.034299 -0.031134 -0.026419 0.123580 -0.067618 0.033470 0.157086 0.078749 -0.074777 -0.115999 -0.049679 0.043345 -0.038813 0.008848 0.105924 0.105719 -0.012171 -0.016515 -0.052992 -0.220408 0.056883 0.091287 0.109960 -0.092389 -0.125835 -0.057606 -0.097119 0.047096
0.083650 -0.099435 0.034754 -0.015016 -0.142448 -0.024856 0.053006 -0.072649 -0.046078 0.151660 0.100378 -0.087220 0.039712 -0.112929 -0.147461 0.002841 -0.004682 -0.028026 -0.002878 -0.179560 -0.016979 -0.068645 -0.061332 -0.024317 0.071807 0.043684 -0.006560 -0.146211 -0.010880 -0.019889 -0.037368 0.101874 -0.155065 -0.009384 -0.062766 -0.023550 0.200942 0.177268 0.067377 -0.098710 -0.123498 -0.146780 0.027917 0.098468 0.058088 0.056079 0.124325 0.076096 0.105208 0.045779 0.044928 0.054182 -0.008143 -0.305839 0.000236 0.225198 0.071786 -0.037794 -0.106564 0.007376 -0.105998 0.061950 -0.076502 0.032009 -0.019955 -0.066090 0.012672 0.090948 -0.092754 0.001968 -0.076795 0.101308 0.154052 -0.081457 -0.066565 0.107654 -0.125529 0.080550 0.304191 0.259707 -0.034936 -0.053565 0.183713 -0.014253 0.038826 0.146325 -0.176113 -0.017101 0.140026 -0.108151 -0.138244 -0.026399 0.062047 0.005828 0.015327 -0.055550 -0.105379 0.083837 -0.092935 0.106725
-0.046407 -0.045986 0.008184 -0.060870 -0.036871 -0.244171 -0.015543 -0.070325 -0.019477 0.092021 -0.059800 0.040168 0.061262 0.117950 0.039302 0.047914 0.134303 -0.130464 0.136717 -0.064572 -0.091511 0.109577 0.085082 -0.095708 -0.083484 -0.039668 0.285848 0.001782 0.004832 0.120005 -0.021368 0.093487 -0.146624 -0.232058 -0.071144 -0.200215 0.010340 -0.052862 -0.148751 -0.075933 0.017472 0.164618 -0.084583 -0.161057 0.103671 -0.044782 -0.057718 -0.096032 -0.194252 0.134476 -0.116311 -0.221694 0.118560 -0.094805 -0.164193 -0.076017 0.015937 -0.047477 0.046121 0.088044 -0.156115 0.018082 -0.038998 -0.113326 0.103383 0.003554 0.084893 -0.150704 -0.151930 -0.092374 -0.009760 0.077777 -0.132306 0.198052 -0.042619 -0.116860 -0.032762 -0.148455 -0.137065 -0.141038 -0.189757 0.068455 0.027828 0.212317 -0.011059 0.083118 0.047069 -0.059366 -0.177029 -0.076257 0.092245 -0.103628 0.028036 0.072466 0.120747 0.052398 0.042357 0.174608 0.025932 -0.088581
-0.014636 -0.186977 -0.010639 0.007381 0.049883 -0.011280 0.060387 0.119284 -0.055058 -0.073132 -0.182005 -0.139030 -0.022648 0.000871 0.096348 0.006422 0.017958 0.019775 0.019915 0.091835 0.037797 -0.060479 -0.018767 -0.163636 -0.125650 0.087173 0.018723 -0.051745 0.085184 -0.028021 0.057792 -0.096875 -0.080588 -0.029258 -0.021847 -0.036204 0.056722 -0.014475 0.123479 -0.001074 0.097035 0.034294 -0.143401 -0.101665 0.008368 -0.204869 -0.091623 -0.187560 -0.035337 -0.061258 0.100078 0.245996 -0.006409 -0.110171 -0.050043 -0.036504 -0.011826 -0.099889 -0.006400 -0.007223 0.044630 -0.098088 0.120525 -0.063707 -0.031369 0.122521 0.213960 -0.126285 -0.145657 0.077122 0.112478 0.199408 -0.084853 0.124681 -0.014783 -0.086147 0.052649 0.191817 0.040902 -0.021427 0.003932 -0.030832 -0.152850 -0.066489 0.070219 0.204331 0.043074 0.127597 0.002694 0.142469 0.093751 -0.071337 0.121334 -0.191735 0.129595 -0.050998 -0.074174 0.119831 0.244107 -0.082638
0.024670 0.228282 0.036328 -0.100704 -0.006874 -0.057869 -0.024830 -0.090324 0.133938 0.220171 -0.035622 0.047455 0.096498 -0.154187 -0.013373 -0.117244 -0.054300 0.056856 0.066138 -0.001778 -0.012250 -0.040243 0.112519 0.167225 0.067127 0.064491 0.093256 -0.008968 -0.062150 0.044249 0.003399 0.058757 -0.039252 0.070732 -0.025988 -0.033548 0.015726 0.081893 0.033406 -0.191298 -0.001003 0.025302 -0.007610 0.094486 -0.158469 -0.056030 0.089611 0.008958 0.023382 0.200239 -0.092814 -0.073395 -0.007928 -0.050690 -0.089497 0.128125 -0.065139 0.003860 0.031912 0.009364 -0.067125 -0.040233 0.121356 -0.047751 -0.016152 -0.163868 -0.061478 -0.072852 0.075173 0.095950 -0.082671 0.084398 -0.116160 0.163172 -0.077009 -0.059965 0.063406 -0.022611 0.013376 0.111811 -0.121113 -0.145526 -0.060355 -0.073786 0.123532 -0.083214 -0.078112 -0.067006 -0.078439 0.069319 -0.107197 0.044314 0.111334 0.067676 0.226208 0.087581 -0.026468 -0.023565 -0.025843 -0.023451
0.056464 0.100330 -0.042591 -0.075752 -0.155359 -0.084976 -0.141276 0.058880 -0.030607 0.103366 0.064736 0.083031 0.173008 -0.053668 0.141669 0.078854 -0.031525 -0.068234 -0.073196 -0.036395 -0.149147 -0.098957 0.143761 -0.071479 0.124994 0.088999 0.038190 0.013958 -0.241132 -0.104953 0.047709 0.137092 0.193089 -0.090034 0.183310 -0.077088 -0.027558 -0.097415 0.015273 0.018664 0.081738 -0.199068 -0.096822 -0.040592 0.182661 -0.053247 0.053873 0.036104 0.049414 -0.023963 -0.024061 0.081891 -0.009173 0.205522 -0.081841 -0.249256 -0.081841 0.010872 0.013120 -0.153841 -0.042053 -0.034499 0.016239 -0.031956 0.006387 -0.052296 0.012905 -0.038635 0.012544 -0.021737 0.003848 -0.111166 -0.041101 0.110621 -0.024431 -0.057825 -0.027772 -0.075475 -0.017279 -0.147753 0.225039 -0.016489 0.005431 -0.018038 0.061950 0.136299 -0.117855 0.010161 -0.130889 0.025339 0.225163 -0.138486 -0.035089 -0.294432 0.218843 -0.107487 0.235494 -0.210897 -0.069323 0.046743
0.008751 0.001012 -0.171176 0.062908 0.287845 -0.019534 0.049060 -0.024185 0.188432 -0.000566 -0.073102 -0.194773 -0.143322 -0.066061 0.026054 0.074780 0.023554 0.039412 -0.060688 0.103125 -0.031355 -0.044509 -0.096166 -0.111261 0.030781 -0.065992 -0.200983 0.119099 0.286477 0.078674 -0.091835 -0.206653 -0.004329 -0.154032 0.042422 -0.036861 0.021015 -0.085480 -0.032862 -0.124516 0.031124 0.034093 0.107668 -0.054156 0.036897 0.153102 0.028000 0.085326 -0.097263 0.057820 0.102499 -0.045045 -0.238114 0.033764 -0.047840 0.169128 0.074894 0.026243 -0.088929 0.174715 -0.112386 0.043729 0.050232 -0.037045 -0.047676 0.006394 0.122329 0.038284 -0.001707 0.011359 -0.021885 -0.096297 0.072279 -0.027816 -0.063269 0.080422 0.036871 -0.051831 0.002118 0.083320 -0.118645 0.078333 0.066994 -0.081207 0.004506 0.048440 0.162079 -0.074049 0.065409 0.070468 -0.027670 -0.092745 0.045525 0.119228 0.003994 0.145747 0.111920 -0.037160 -0.045937 0.115537
0.080904 -0.000517 -0.090027 -0.014746 -0.004744 -0.170295 0.096415 -0.101233 -0.097866 -0.019291 0.186386 0.188855 0.102854 -0.015534 0.029423 -0.158686 0.035067 -0.129651 -0.062777 -0.202939 0.122951 -0.057208 -0.154950 -0.175144 0.069457 0.057014 -0.055674 0.011150 0.126559 -0.194689 0.096890 -0.018994 0.045072 0.019864 0.043061 -0.100919 -0.189898 0.185690 -0.138801 0.011707 -0.173312 -0.037442 0.191948 -0.094017 0.071047 -0.053718 -0.226798 -0.011089 -0.006793 -0.061048 0.063539 0.069881 -0.083487 -0.151523 0.130132 -0.062987 -0.013696 0.008809 -0.013044 -0.131279 0.188343 -0.056111 -0.139107 0.088163 0.104736 -0.104059 -0.046601 -0.092490 0.085930 -0.048532 0.021157 -0.089997 -0.055679 0.114234 -0.034154 -0.081290 0.205265 0.079357 -0.069178 0.049104 -0.135968 -0.019523 -0.043851 -0.147955 0.045545 -0.148781 0.007472 -0.202535 -0.066290 -0.042770 -0.060297 0.059737 -0.048581 0.206567 -0.051180 -0.008959 0.116461 0.040117 -0.074067 0.027137
0.007697 -0.295359 0.215137 0.062443 0.038316 -0.008546 0.043520 0.049942 -0.127944 -0.005223 -0.102788 -0.224038 -0.139420 0.010437 0.170728 -0.120415 -0.173467 0.028248 -0.068651 -0.169354 0.124488 -0.029264 -0.163230 0.124908 0.060616 0.212562 0.283770 0.140533 -0.093622 0.085523 -0.063280 0.012698 -0.012810 0.076389 0.098137 0.022603 0.004719 0.075742 0.147135 0.016999 -0.086671 -0.019591 -0.122764 0.031072 -0.038657 -0.110574 -0.036023 0.015145 -0.252281 0.202796 0.206077 -0.063009 0.231014 -0.039229 -0.106758 0.022430 -0.076122 0.147597 -0.131545 -0.103046 -0.086053 -0.103285 0.032685 0.064352 -0.014907 -0.059921 0.176094 0.129684 0.048543 -0.196580 0.128268 -0.092628 0.022694 0.092820 0.118996 -0.192657 0.158546 -0.004932 -0.066168 -0.022065 0.165400 -0.004902 -0.042375 0.006628 -0.247200 -0.065238 0.018213 0.012883 0.001895 0.155553 -0.075015 -0.072793 0.015673 -0.016687 0.082119 0.073055 -0.055515 0.177376 0.134195 0.063195
0.076034 -0.043757 0.085152 -0.067530 -0.068108 -0.043951 -0.070534 0.095239 -0.195873 -0.014901 -0.064474 -0.067462 0.063565 -0.021966 0.014101 -0.020217 0.135957 -0.029126 0.057393 -0.110126 -0.063202 0.002698 -0.058295 0.044728 0.094404 0.080889 -0.006878 0.083291 -0.073703 -0.022769 0.174572 -0.391502 -0.130684 0.046752 0.107573 -0.023536 0.065444 0.134145 0.172696 0.250756 -0.037749 -0.132827 -0.105344 -0.084629 0.053747 0.056588 0.035712 0.048827 0.089231 0.067022 -0.112797 -0.001531 -0.180212 0.094548 -0.031172 0.059131 0.051128 -0.032982 -0.036267 0.043888 0.055525 -0.309962 0.091489 -0.029818 -0.113627 -0.220269 0.037822 0.102590 0.058500 0.182608 -0.090660 -0.043408 0.160080 0.192294 0.099866 0.168801 0.077953 -0.153093 0.012355 0.063756 0.017091 -0.085068 0.057366 0.141697 -0.047010 -0.045154 -0.007728 -0.120429 -0.073950 0.125352 -0.055869 0.053362 0.111149 -0.083657 -0.130286 0.004545 0.149770 0.148502 -0.092139 0.084652
0.097866 0.091646 -0.093695 -0.079771 -0.082116 0.149736 0.052995 -0.048426 -0.092638 -0.059204 0.032909 -0.019072 0.007427 -0.015227 -0.076892 -0.033620 0.096639 0.078975 -0.109743 0.057171 -0.137731 -0.021533 0.061241 -0.030051 0.093967 -0.043337 -0.108274 0.010272 0.096677 0.191827 -0.136673 0.084822 -0.068016 0.001953 -0.111132 0.017219 0.033411 -0.085683 0.045435 0.063848 0.001400 0.165709 0.004769 -0.145101 -0.277757 0.003029 0.191179 -0.004489 -0.059411 0.087021 -0.062065 -0.065650 0.124096 -0.074234 0.021773 0.052189 -0.076223 -0.030407 -0.065988 -0.129903 0.033622 0.080019 -0.149971 -0.005057 -0.058476 -0.013078 -0.088146 0.002803 -0.100876 0.051376 -0.073511 -0.113479 -0.034985 -0.013257 -0.154233 -0.124801 -0.110393 0.086839 0.281876 -0.094476 0.057367 0.158472 0.083549 0.101192 -0.065529 0.170919 0.030211 -0.066462 -0.018968 0.000886 0.075622 -0.039835 0.070494 -0.024336 0.195340 0.016604 -0.047979 0.014302 -0.109198 -0.063306
0.022627 -0.002350 0.086780 -0.181299 -0.003007 -0.044837 0.039446 0.154295 0.028482 0.021766 0.066858 -0.107747 -0.072538 -0.071626 -0.108454 0.082504 0.097822 -0.036105 0.083639 0.099843 0.106155 -0.008918 0.133791 -0.131860 0.135636 0.069429 0.171268 -0.045397 -0.038209 -0.018194 0.082579 0.028982 0.008660 0.124836 0.104374 0.021578 0.052312 0.168996 -0.153867 0.114197 0.038530 -0.141690 -0.043900 -0.088911 -0.030979 -0.108108 -0.047235 -0.092134 -0.056080 0.043573 0.022802 -0.073083 0.069425 0.111630 -0.000035 -0.039199 0.053429 -0.047456 0.122330 -0.080929 0.095061 -0.048361 -0.083584 -0.033977 0.180911 0.158744 -0.024623 0.116952 0.068193 -0.047721 0.013464 0.004224 0.042251 0.055834 0.119131 -0.088307 -0.247027 0.252009 -0.140236 -0.081186 -0.029907 0.069932 0.077735 0.099819 -0.284351 -0.137494 -0.225287 -0.145352 -0.023412 -0.057009 -0.055088 -0.044773 -0.109324 0.086073 -0.027674 0.084424 -0.078301 0.121017 -0.046057 0.005172
-0.047273 0.119847 -0.202148 0.015733 0.026125 -0.037276 -0.016682 -0.124349 0.024797 -0.086274 0.082899 -0.087287 0.121970 0.090227 -0.013370 0.041395 -0.027153 0.061180 0.042821 -0.023250 0.151738 0.108351 -0.074468 0.030857 -0.151947 -0.039201 0.091949 -0.258609 -0.062155 0.136539 0.163764 0.157531 0.017387 -0.080531 0.077235 0.018259 -0.035061 -0.029835 -0.008752 -0.078244 -0.088130 0.253471 -0.056045 0.075043 -0.089036 -0.121621 0.187842 -0.114619 0.165896 0.065414 -0.042566 -0.077178 -0.072524 0.132692 0.133759 -0.009594 0.065456 -0.030456 0.210820 0.134029 -0.000650 0.056061 -0.019708 -0.066567 -0.173017 -0.108763 0.047597 0.137039 -0.221534 -0.188072 0.006469 0.051619 -0.024974 -0.009277 0.056289 0.068276 0.117358 -0.038477 0.036573 -0.043793 0.084879 0.017211 -0.167940 0.138161 -0.039839 0.040495 -0.004736 -0.029818 -0.029476 -0.006428 0.072542 0.123758 0.167707 0.172351 -0.116722 0.086537 0.090509 0.175585 0.045637 0.032024
0.034379 -0.002588 0.226088 0.008736 0.072702 0.007812 0.150315 0.206707 0.001481 -0.118269 -0.000718 0.100555 0.059950 -0.266130 0.003069 0.120735 0.059018 -0.106669 -0.098610 -0.096885 -0.034260 -0.164190 -0.039931 -0.106359 0.065144 0.019059 -0.010809 -0.175234 0.066447 -0.031948 0.039345 0.005494 -0.083819 0.118706 -0.076022 -0.042769 0.009381 0.024704 -0.001029 -0.038745 -0.155238 -0.032490 -0.044332 -0.158367 -0.068721 -0.045297 0.048670 -0.007054 -0.003971 0.008141 0.061435 0.079227 0.000445 -0.004642 0.153004 0.022084 0.080997 0.090214 -0.014176 0.053610 -0.044181 -0.126375 0.031282 -0.001869 0.017372 0.015117 0.101940 -0.075379 0.024843 -0.082335 0.243890 0.078018 0.111047 0.098223 0.042209 -0.224967 0.007253 0.022234 -0.071600 0.104534 -0.087539 -0.278546 0.055718 0.047550 -0.005559 0.236983 -0.064567 0.140454 -0.149351 -0.015608 -0.054313 -0.126235 0.148223 0.013257 -0.081970 -0.029864 0.201386 -0.010445 -0.022424 -0.049085
-0.172193 0.070180 -0.025283 -0.001813 -0.060915 0.080869 0.058075 -0.056369 0.163435 -0.082885 -0.033904 -0.085691 0.123520 -0.111851 0.082824 0.160961 -0.107381 -0.034233 0.015592 0.080265 0.174343 0.016377 -0.045467 0.214944 0.110598 -0.110708 0.045068 0.214250 -0.107689 -0.053616 0.188825 -0.096776 -0.064432 -0.193596 0.047117 0.060620 -0.032787 -0.211713 0.190450 -0.074781 0.072247 0.074933 -0.020997 0.099644 0.009984 0.053086 -0.249237 0.130241 -0.084734 0.002531 0.086440 0.093007 0.026242 -0.102139 -0.003453 0.123370 0.069467 0.129314 -0.014174 0.022328 -0.131048 -0.047768 -0.057137 0.075616 0.075636 0.024548 0.279258 0.102110 0.078016 0.051175 -0.107071 0.053530 -0.030880 0.033139 -0.005910 -0.102556 0.021383 -0.050383 0.019616 -0.185314 -0.107175 -0.080320 -0.017258 0.012574 0.034577 0.035463 -0.160809 0.038829 0.001792 -0.076620 0.174710 0.024581 0.042502 -0.008062 0.076150 0.128404 0.047495 0.048446 0.125242 -0.111645
-0.115119 0.074833 0.110321 0.115550 -0.035448 0.125050 -0.050160 -0.023615 0.081752 -0.082750 0.007172 0.079588 0.062552 0.130956 0.175428 0.106010 -0.018832 -0.025512 0.092618 -0.039164 -0.030898 -0.046276 0.085511 -0.057912 -0.060587 0.002269 0.091759 -0.128945 -0.105933 0.020692 0.016855 -0.017267 0.194671 -0.083787 0.065937 -0.014637 0.291288 0.206841 -0.126919 -0.053106 -0.087136 -0.081053 0.006872 0.186620 0.021999 -0.072254 -0.177208 -0.074689 -0.037281 -0.158039 -0.012351 0.196854 0.057372 0.198420 -0.018638 0.108773 -0.076472 0.126861 -0.056056 -0.107549 0.154773 -0.190722 -0.060692 0.021843 -0.002501 0.004402 -0.063496 -0.004193 0.065828 -0.184021 -0.024045 -0.135214 0.000369 -0.140446 0.082161 -0.019419 -0.022218 0.060425 0.061985 0.178565 -0.090355 -0.036195 0.007822 -0.179616 0.052514 -0.003399 0.020048 -0.016605 -0.104020 0.047329 0.010968 -0.094812 -0.064835 0.094138 0.228097 -0.116656 -0.071376 -0.094796 0.180276 0.098167
-0.186893 -0.091297 -0.055693 0.027387 -0.024447 0.017500 -0.051428 -0.030489 -0.121400 -0.029660 0.001191 0.008342 0.159438 0.024858 0.160375 -0.109419 -0.250418 0.003695 0.033293 -0.083911 0.040899 0.190619 -0.086307 -0.038388 0.155453 0.048392 0.061332 0.297602 0.119526 -0.128283 0.137049 -0.064006 -0.179319 -0.067393 0.120510 0.024076 0.030448 0.074064 0.096038 -0.009909 0.058630 -0.032475 0.033795 -0.037147 0.252373 -0.001415 0.147951 0.146516 -0.115617 -0.143282 0.023189 0.025210 0.012288 -0.003097 -0.163173 0.036694 -0.005083 0.135009 0.074087 -0.145329 0.119748 -0.019432 -0.037845 0.064936 0.028436 0.121012 0.056128 -0.043025 -0.023775 -0.023407 -0.170692 0.150326 0.098954 -0.130229 0.058088 -0.042173 0.004946 -0.029439 0.184703 -0.029169 0.001798 -0.103217 -0.124132 0.024306 0.085244 0.063155 -0.015241 0.038382 0.082492 -0.181825 0.047556 -0.131518 -0.078269 0.010495 -0.063855 -0.217896 -0.005041 -0.117672 -0.108980 -0.014294
0.031846 -0.040177 0.101234 0.171583 0.174208 -0.033003 0.111977 0.080287 0.172507 0.079838 -0.033093 -0.050435 0.026500 -0.009640 0.155958 0.065554 -0.065234 -0.020384 0.009529 0.118022 -0.156760 -0.101386 0.158554 0.005299 0.123331 -0.011625 -0.039223 -0.079071 -0.325939 -0.026582 -0.186652 0.006497 0.084322 0.005248 0.040288 0.096012 -0.094725 0.027732 0.032060 -0.065115 -0.028366 -0.030416 -0.100896 -0.045732 -0.023214 -0.024894 0.027186 -0.048842 -0.069834 0.050428 -0.058279 0.018573 0.138246 0.087410 -0.008810 0.156095 -0.033627 0.016715 -0.105374 0.016779 -0.048973 0.050387 0.159286 -0.087947 0.013011 0.036863 -0.050536 0.072294 0.172657 -0.183570 0.085701 0.055398 -0.104928 -0.039096 -0.080638 -0.184269 -0.020656 0.039791 -0.031460 -0.078322 0.052860 -0.071950 -0.086398 0.087601 0.114300 -0.042121 0.159271 -0.054665 0.014349 -0.158161 0.159964 0.016169 0.174539 0.007872 0.136653 -0.007886 0.019396 0.021080 -0.013706 -0.128584
0.068213 0.072576 0.000507 -0.136555 0.075641 -0.026777 0.018412 0.091590 -0.106310 -0.010645 0.037051 0.050664 -0.085873 0.135202 0.120848 -0.164287 -0.151426 0.334509 0.005802 -0.108707 -0.046917 -0.047337 -0.031626 -0.012500 0.116777 -0.127246 0.013923 0.022292 0.050584 -0.077682 0.020204 -0.130190 -0.025803 0.184189 -0.099428 -0.056414 0.187941 0.080243 0.028919 0.122634 -0.118780 0.012523 0.099865 -0.125773 0.134350 -0.027170 0.120337 0.003345 -0.139947 0.005035 -0.147993 -0.109092 0.040703 -0.023752 -0.002963 0.107862 -0.025302 0.073490 -0.035927 -0.033617 -0.093137 0.174121 -0.034483 0.057385 -0.057933 -0.006139 -0.114907 -0.096085 0.193331 -0.083320 -0.167915 0.078528 0.085639 0.022247 0.251555 0.009601 0.171341 -0.032029 -0.064599 0.074118 0.064826 -0.072744 -0.076372 -0.171302 -0.057664 0.159282 0.088817 -0.045010 0.010119 0.133994 -0.040686 -0.009159 -0.009419 -0.134952 -0.011376 -0.147510 -0.045558 0.274472 -0.016107 -0.116760
0.007201 0.020015 0.117042 0.025934 0.002307 0.166417 -0.012717 0.137652 0.198161 -0.042048 -0.079838 -0.045349 -0.056953 0.007671 -0.073227 -0.058006 -0.190436 0.058289 0.249365 0.064595 -0.071069 0.224594 -0.124670 0.093187 -0.044705 0.034575 -0.073394 -0.004767 0.105330 0.025997 0.016163 0.013560 -0.055257 -0.037242 -0.071477 -0.156116 0.127602 0.087139 -0.028712 -0.067317 -0.035839 -0.028238 0.049445 0.212474 -0.127927 -0.012509 0.027025 -0.021934 -0.095034 0.084451 -0.047123 -0.056313 0.067840 0.129479 0.095539 -0.050605 0.010044 0.053394 -0.186592 -0.064547 -0.015747 -0.179625 0.148858 0.026492 -0.127709 -0.007652 -0.030405 -0.115372 -0.020852 -0.145031 0.024603 0.253433 -0.039927 -0.111084 0.189550 -0.138475 -0.012753 0.108530 0.116473 -0.009189 0.049230 -0.062395 -0.223655 0.103693 0.102008 -0.044476 0.093660 -0.133695 0.010703 0.031769 -0.149913 -0.137061 -0.126851 -0.038386 0.102772 -0.086071 0.111160 0.015338 -0.035707 -0.030328
0.137882 -0.218572 0.177501 -0.064164 0.175468 -0.182377 0.030699 0.085808 0.032138 -0.059901 0.173644 0.067245 -0.154150 0.010571 0.117997 -0.114280 0.139199 0.129776 0.123548 0.052401 0.075150 -0.105758 0.011495 -0.090301 0.037967 -0.138940 0.107043 -0.043857 -0.043746 0.005963 -0.017369 0.106804 -0.013155 -0.013092 0.049515 0.172481 0.084440 -0.072014 0.047401 -0.102010 0.021537 0.002448 -0.001271 0.225312 0.022171 0.147137 0.076573 0.090047 0.150924 0.081275 -0.083554 -0.141908 -0.117479 -0.055607 -0.033202 -0.041270 0.269612 0.035038 0.068473 0.045818 -0.028739 0.056290 0.026362 -0.123874 0.015348 -0.077389 0.062347 -0.111963 0.127320 0.009214 -0.179788 0.053925 0.022609 0.067832 0.067735 -0.138760 -0.065771 -0.186720 -0.061605 0.105168 -0.098684 -0.023481 -0.045297 -0.017337 0.054088 0.035129 -0.163117 0.114564 0.171509 -0.066088 -0.039241 -0.048127 0.057646 -0.166090 -0.106868 0.049495 0.030113 -0.081067 0.025015 -0.149069
0.051206 0.158045 -0.086255 0.066130 0.061943 -0.060559 0.040839 -0.054890 -0.042575 0.040190 -0.112749 0.119164 0.026589 0.061388 0.016207 -0.020225 0.158976 -0.106595 -0.056339 0.121877 0.035086 -0.047837 0.120433 -0.090659 -0.035846 -0.092287 -0.008137 -0.121844 0.116425 -0.048982 0.177445 -0.119309 -0.094532 -0.099658 0.160445 -0.111936 -0.021460 0.019596 -0.091088 -0.182931 0.106913 0.175008 0.048296 0.005050 -0.045847 0.102242 0.060358 -0.085842 -0.177073 -0.067200 -0.023402 0.069870 0.024385 0.029087 -0.024920 0.179693 0.003506 0.081800 -0.118573 0.045330 -0.115494 0.014990 -0.068169 0.164769 -0.240515 -0.020766 0.053400 -0.066986 -0.124062 -0.134875 -0.103186 0.019982 -0.188794 0.074363 -0.122308 -0.100239 0.036039 -0.037723 0.154733 -0.116164 0.095850 0.068745 0.120628 0.082816 -0.142560 0.062707 0.018057 0.102616 0.028613 0.024690 0.001437 -0.024080 -0.126121 0.099124 0.091956 0.008345 0.181264 0.129159 0.048011 -0.134898
-0.165995 -0.032567 0.076639 -0.110374 -0.024054 -0.056005 0.037858 0.051055 0.129072 0.054113 0.057203 0.003778 0.017220 -0.062425 -0.209245 0.054420 -0.084087 -0.011862 -0.261004 0.095876 -0.046251 0.070842 -0.068227 0.130593 -0.034432 -0.146672 -0.017381 -0.020156 -0.123170 -0.001733 -0.049974 -0.021783 -0.064595 -0.048745 -0.012033 -0.017568 0.008910 0.124576 0.097415 0.032580 -0.192534 -0.124866 0.181644 0.172239 0.083241 0.092226 -0.109548 0.001047 0.071583 -0.080933 -0.173548 -0.060529 -0.042787 -0.113463 -0.019060 -0.206276 0.040536 -0.025187 -0.038345 0.086895 -0.085491 -0.007155 -0.140469 -0.096173 0.055035 0.021394 -0.029054 -0.262302 0.073909 0.111656 0.129366 0.037290 -0.055542 -0.062410 -0.117813 -0.026428 -0.070883 -0.068094 0.185671 -0.063355 -0.011082 -0.064330 -0.042738 0.193678 0.051962 -0.008834 -0.021253 -0.017086 0.103832 0.053719 -0.032668 0.021304 0.048430 -0.000564 0.103208 -0.072073 -0.007644 0.021896 0.037978 0.058853
0.020654 0.103074 0.060795 -0.015303 -0.096499 -0.003450 0.066789 -0.025685 0.078836 0.054980 -0.035762 0.134390 -0.112595 -0.127148 0.011346 -0.018594 -0.080679 -0.190132 -0.028692 0.151797 0.077260 -0.020333 -0.026568 -0.019998 -0.036948 0.154808 0.076744 0.107103 0.012788 0.067911 -0.148870 0.091139 -0.109465 -0.169087 0.000572 0.051969 -0.034423 0.133870 0.086268 -0.055893 -0.131397 -0.023901 -0.140573 0.076072 0.026813 0.012953 0.081970 0.035049 0.183365 0.117886 0.180718 0.017789 -0.094397 0.160335 0.112034 -0.107306 0.113445 -0.066846 -0.240452 0.186240 0.104946 0.013457 -0.107091 0.168564 -0.100927 0.092943 0.168993 -0.063528 0.078448 0.028310 0.076480 -0.090180 -0.048521 0.039461 -0.100063 0.018978 0.032057 -0.130510 0.005360 -0.118812 0.170897 -0.199552 -0.166769 0.060717 0.025589 -0.003908 0.001601 -0.127082 0.053579 0.001487 0.112062 0.008872 -0.147247 0.019574 0.007333 0.038974 -0.115962 0.142058 -0.130805 -0.047351
0.234282 0.103972 -0.046210 -0.110908 -0.014859 -0.193932 0.077433 -0.138690 0.081200 -0.069785 0.000653 -0.208077 -0.098918 0.048249 0.076845 -0.058220 -0.018567 0.096776 -0.151342 -0.095451 -0.032849 0.013867 -0.013011 0.186243 -0.201019 -0.035071 0.056780 0.032258 0.016820 -0.143084 -0.071381 -0.036710 0.020835 -0.161841 0.213373 0.021369 0.001700 0.041060 0.090685 0.087754 -0.052523 -0.021467 0.161951 0.096408 -0.145585 -0.162397 0.073513 0.115916 -0.124568 -0.281174 0.177123 0.044768 0.157488 -0.018876 -0.068562 0.030496 0.031535 -0.056536 -0.033028 -0.085337 -0.060887 -0.292636 -0.311694 -0.116028 -0.177902 0.079842 -0.176728 0.060331 0.041877 -0.096504 -0.050562 0.053798 -0.053305 0.160226 0.064163 0.073328 0.158035 0.015745 0.043979 -0.112772 0.041411 -0.031831 -0.002988 0.006991 0.051195 -0.005685 -0.090870 -0.037394 -0.116123 0.018985 0.006211 -0.110802 0.176752 -0.057665 0.001953 -0.150409 0.125145 -0.001598 -0.017833 -0.139245
-0.160610 -0.211661 -0.014119 -0.074847 -0.078217 0.026307 -0.122979 -0.101168 -0.135341 -0.052598 0.075282 -0.014363 -0.179340 -0.019725 -0.026522 0.139538 -0.049395 0.008852 -0.012453 0.014708 -0.060665 -0.009524 -0.194160 -0.038833 0.135414 -0.011523 -0.100325 0.001146 -0.010455 -0.013085 -0.008597 0.173775 0.010375 -0.019838 0.049240 0.123662 0.018431 -0.110834 0.056860 0.106296 -0.046355 -0.015032 -0.061549 0.032755 -0.001529 -0.102140 0.056442 0.097828 -0.008417 0.123561 -0.070259 0.111474 -0.030579 -0.028757 -0.019629 -0.050772 0.181337 0.293072 0.064388 -0.030798 0.048581 0.197546 -0.152756 0.017172 0.012469 0.120027 0.026634 0.013703 0.050167 0.248406 -0.058817 0.006117 0.060655 -0.261357 0.177801 -0.168240 -0.063891 -0.183110 0.041610 -0.030687 0.069932 -0.105766 0.083448 0.035624 0.166082 0.026997 -0.074141 -0.018753 0.025586 0.002771 -0.108475 -0.025342 0.076558 -0.087605 -0.145670 -0.054242 -0.075078 0.110841 0.204462 -0.035158
-0.093624 -0.106743 0.157197 0.023159 -0.003311 -0.115660 0.236748 0.023521 0.009674 -0.016394 0.055818 0.076197 0.191206 -0.011175 -0.201196 -0.145539 -0.036648 -0.134336 -0.066395 0.147932 -0.016176 -0.113050 0.005908 0.121550 0.033966 0.131829 -0.103142 -0.074748 0.173636 0.059150 -0.060021 0.012675 0.065310 -0.070640 0.062825 0.285286 0.101545 -0.083875 -0.136027 0.001420 0.170915 0.012769 -0.131745 -0.128351 -0.002271 0.024200 0.033640 0.055735 0.023288 0.138748 -0.002190 -0.002156 -0.006668 -0.014589 0.124165 -0.026947 0.074846 0.050293 0.065289 -0.029163 0.062431 0.111906 0.049221 -0.009080 -0.042953 -0.040026 -0.023859 -0.123323 -0.026722 -0.034648 0.100059 -0.121878 0.010742 0.026665 -0.048462 0.004517 -0.064306 -0.193531 -0.011939 -0.093860 0.017632 0.127682 0.031074 0.180052 0.082092 0.006191 -0.003312 0.115198 -0.082612 0.138338 -0.239036 -0.135848 -0.142000 -0.119872 -0.190730 0.126059 -0.135688 -0.148771 -0.054400 -0.036872
0.021658 0.089611 -0.228767 0.155760 0.167112 0.133875 -0.087512 -0.045030 0.015797 -0.063272 0.061524 0.000648 -0.016174 -0.067176 -0.048801 -0.038662 0.205740 0.057106 0.092948 -0.007683 0.004905 -0.197964 -0.093555 0.016035 0.059195 -0.196139 -0.009794 0.177573 0.067091 0.149769 -0.111415 0.126759 -0.125722 -0.159029 -0.095607 0.001106 0.100480 -0.079892 -0.001134 -0.033666 -0.085376 0.110234 0.008757 -0.049355 -0.017340 -0.042189 -0.114246 0.217397 0.059514 -0.058926 -0.062862 -0.093990 -0.076191 0.006942 -0.034170 -0.156498 0.213599 -0.012543 -0.044235 0.172129 0.092483 -0.029745 0.146167 0.106951 0.047827 0.072182 0.288408 0.127489 -0.121178 -0.003960 0.002842 -0.020127 0.158928 -0.029285 0.005727 0.221329 0.030498 -0.002217 -0.196633 0.012772 0.058258 -0.055410 0.045325 0.071763 0.074049 0.053338 0.011004 0.038067 -0.048312 0.093586 -0.094635 -0.060911 0.060093 0.029229 0.130357 -0.065110 0.000335 0.054130 -0.165661 0.036735
-0.015389 -0.027611 -0.260180 0.157571 -0.029722 0.204765 0.132396 -0.130953 0.013028 -0.254959 -0.070682 -0.166137 0.016234 -0.043642 0.111569 0.006814 -0.105915 0.085604 0.054889 0.054449 0.080796 0.040492 0.073293 0.097608 -0.139069 0.157327 0.020664 -0.096799 -0.110086 0.021751 -0.046186 0.169958 -0.068539 0.061924 0.133218 -0.052695 -0.124073 0.035122 -0.005725 -0.011362 0.114521 -0.077342 0.070590 -0.223302 -0.084820 0.202358 0.186897 0.048998 -0.238363 0.002752 0.183552 0.021133 0.035629 -0.076494 0.134291 -0.118894 0.109675 -0.074632 0.110972 0.036191 0.103712 -0.058568 0.018257 0.029157 0.101196 0.057341 -0.175244 0.018534 0.099575 -0.080569 -0.093005 0.156059 -0.043333 0.189543 0.136945 -0.017507 0.044602 -0.076643 -0.082295 -0.174638 0.208023 0.147305 -0.071994 0.045149 0.053085 0.109805 0.001412 0.055268 -0.195412 0.024589 0.033020 -0.026170 0.016121 0.145020 0.112215 -0.118030 0.068891 -0.203959 -0.055668 0.011609
-0.000097 0.164688 -0.100712 -0.027806 -0.031455 -0.109836 -0.131457 0.047575 0.123778 -0.258950 -0.198472 -0.166870 0.038950 -0.056259 0.138981 -0.035231 -0.040172 -0.008578 0.209201 0.027968 0.108410 0.031636 -0.130494 -0.107033 0.211484 0.066972 0.003901 -0.174951 -0.020327 0.046759 -0.003469 0.162075 0.006787 -0.100059 0.018597 -0.006646 0.061179 0.088958 -0.031012 -0.039479 0.044305 -0.234409 -0.003320 -0.035689 -0.006778 -0.024753 -0.280239 -0.038737 0.062457 0.063058 0.012088 -0.028132 0.024657 0.142020 -0.159173 0.149382 0.100270 0.044535 0.027361 -0.065716 -0.006982 0.002458 0.171201 0.033433 0.032569 -0.035092 0.013424 -0.021432 0.058596 0.123587 0.022446 0.003522 -0.014390 -0.155643 0.028906 0.025221 0.181384 -0.131989 0.128541 0.045336 -0.080905 -0.068388 -0.033025 0.040958 -0.097912 -0.278597 -0.002139 -0.007000 -0.067120 0.006275 -0.065179 0.083516 -0.011230 -0.031668 0.184308 0.028472 0.043100 -0.066344 -0.106945 -0.006674
0.050412 -0.035065 -0.135039 -0.080993 -0.061860 -0.038580 -0.057704 -0.099871 -0.003796 0.045006 -0.096554 0.102631 0.178665 -0.076187 0.114259 -0.041304 -0.076311 -0.050889 0.021535 -0.014476 -0.035234 -0.144213 0.001347 -0.039460 0.003281 -0.014436 0.054912 -0.105240 0.174191 0.237990 -0.045745 0.007679 0.136798 -0.136417 0.115081 0.032998 0.108141 -0.078054 -0.025701 -0.055298 0.093513 -0.076873 0.047554 -0.108526 -0.022733 -0.100442 0.037272 -0.001265 0.072976 0.003009 0.076296 0.120977 0.118166 0.121564 -0.190532 -0.077498 0.142784 -0.102522 -0.005908 0.016433 -0.160956 0.126749 0.117754 0.143738 -0.189472 0.022866 0.020291 0.045602 -0.105249 -0.005738 -0.074300 -0.040873 0.115612 0.114338 0.034305 -0.006282 -0.014926 0.040386 0.224764 0.073533 0.105275 0.114103 0.167077 -0.035493 0.137952 0.127887 -0.075986 0.037871 -0.048065 -0.127438 -0.071604 0.009882 0.017027 -0.038071 0.016497 0.082286 -0.001048 0.063768 0.059002 0.103707
-0.046314 0.017632 0.055205 -0.183152 0.117243 -0.035506 0.022955 0.249905 -0.065426 -0.037802 0.067470 -0.019815 -0.038518 -0.142927 -0.048870 -0.121524 -0.144266 -0.045712 -0.075181 0.075806 -0.227365 -0.051696 0.058195 0.119389 -0.045781 -0.154434 0.033837 -0.125327 -0.039138 0.034661 0.035403 0.018374 0.054499 -0.083842 0.036956 0.061203 0.191473 -0.092136 -0.018194 0.063203 -0.154649 -0.067693 -0.000283 0.037867 0.058416 -0.020323 -0.202369 -0.040138 0.103892 -0.182825 -0.131807 -0.057639 -0.000952 0.085898 0.259069 -0.003410 0.037595 -0.163378 0.003021 0.137113 -0.104976 -0.037270 -0.106021 0.000621 0.007763 0.006941 -0.014640 0.178181 -0.014142 0.102082 -0.014159 0.058870 0.039694 0.022959 -0.101286 -0.155145 0.123302 -0.144369 0.149453 -0.012012 0.159393 -0.130341 -0.048606 -0.070260 0.061353 -0.130298 -0.131370 0.023166 0.056301 0.103081 0.039626 -0.010559 -0.054335 -0.286450 0.173018 -0.043405 0.019911 -0.132840 0.047659 -0.110294
0.236277 0.026604 0.007730 0.072991 -0.155239 -0.102208 0.055337 -0.017811 0.069933 0.232526 -0.015186 0.014698 0.132582 0.058381 -0.024138 0.005991 -0.072626 0.057138 -0.143270 -0.042568 0.079791 -0.030545 0.078037 0.021949 0.055505 -0.200298 0.130294 -0.095308 0.068933 0.136068 -0.013696 0.144638 0.061629 -0.028357 -0.137856 -0.006103 -0.082435 -0.067010 0.031805 -0.034550 0.030341 0.023742 -0.036879 -0.113460 -0.045963 0.100495 0.104944 -0.218676 -0.088701 0.086273 0.010334 -0.087220 0.031369 -0.215683 -0.181784 -0.023224 -0.141002 -0.036482 -0.074683 0.122795 -0.001693 -0.083846 -0.015380 -0.219586 0.097180 0.060340 -0.218928 0.208770 0.072385 -0.005897 0.012987 -0.014321 0.058114 -0.116428 0.082630 -0.055619 -0.102068 -0.129115 -0.110259 -0.022545 0.037528 -0.013952 -0.049538 -0.068881 0.065659 0.021389 -0.091606 0.076901 -0.193214 0.192457 -0.009985 0.055726 -0.116783 0.028304 0.082509 -0.051894 -0.027591 -0.029912 -0.021971 -0.093563
0.009737 0.007429 -0.074075 0.153551 -0.010596 0.104381 -0.086477 0.106923 -0.103537 -0.006035 0.020866 0.073235 0.206754 0.085301 -0.204537 0.084774 -0.234455 0.030817 -0.105971 -0.191095 0.011324 0.133161 -0.087874 -0.125914 -0.008610 -0.078878 -0.083942 -0.097341 -0.032855 0.020564 -0.022619 -0.151459 -0.068292 -0.109940 0.071328 -0.133293 0.083902 -0.067882 -0.053314 -0.033331 -0.070870 -0.048600 -0.140402 0.075015 0.002160 0.125823 0.003057 0.075484 -0.042350 0.196650 0.006707 0.080415 0.023474 -0.005565 -0.080257 -0.023901 0.025911 0.175738 0.042248 0.081507 -0.035901 0.092194 -0.049722 0.098808 0.018544 0.071948 0.051549 -0.056970 0.098376 0.056230 0.110938 0.011256 0.118400 -0.314134 -0.039773 0.050276 -0.010758 -0.006676 0.047181 0.238342 0.016492 0.053807 0.058645 0.086464 0.060319 0.082508 -0.030027 -0.062673 0.057385 0.129595 0.012888 -0.101404 0.032656 -0.127265 -0.148834 -0.062687 0.219205 0.084331 -0.165809 -0.007235
-0.013466 0.072989 -0.072253 -0.030670 0.052260 0.004413 -0.029123 -0.095932 0.163002 0.023804 0.032585 -0.128483 -0.017538 -0.233143 0.064050 0.140991 -0.013918 -0.153609 0.155394 -0.170719 -0.154123 0.003339 -0.130714 -0.041836 0.053457 0.015546 0.111762 0.025349 0.169785 0.074524 0.063344 0.127248 -0.016809 0.010956 -0.208759 0.026882 -0.014688 -0.045030 0.167682 -0.230884 -0.072080 0.137997 -0.144906 -0.175749 -0.048051 -0.259949 0.042600 -0.090093 0.046614 -0.152440 0.036582 0.074191 0.072950 -0.076052 -0.110567 0.032969 -0.153203 0.005744 -0.036840 -0.133445 0.023413 0.045934 0.120209 0.087926 -0.114891 -0.083783 0.037330 0.013475 0.070524 0.101896 -0.028624 -0.096806 -0.053809 -0.040240 0.070748 -0.008403 0.164252 0.000447 -0.008017 -0.186961 -0.015624 -0.051194 -0.017786 0.000191 -0.086778 0.060216 0.078880 -0.046541 0.056071 0.103675 -0.208053 -0.041581 -0.053648 -0.157203 -0.104290 0.147934 0.034341 -0.058415 0.006704 0.015012
-0.027197 -0.040929 -0.053670 -0.140306 0.100134 -0.177982 -0.065474 0.102033 -0.024358 -0.074640 0.079894 -0.048850 0.087121 -0.078372 -0.124616 0.160897 0.049419 0.084260 -0.271628 0.163901 0.074164 0.036479 -0.117366 -0.075208 0.129677 0.046848 -0.133925 -0.002016 0.158143 -0.048065 0.039834 0.090524 -0.079602 -0.035067 0.321649 -0.069390 -0.058741 -0.010818 0.005873 -0.206459 0.090697 -0.117169 0.110861 0.038879 0.005184 -0.204573 -0.113497 0.036366 -0.006362 0.141043 0.021252 0.068726 0.016109 -0.115626 -0.003908 -0.143894 0.126369 0.092282 0.070847 0.212903 0.059476 0.062623 -0.133374 -0.157027 0.087693 -0.006329 -0.186939 -0.032444 -0.045743 0.009294 0.169861 0.073265 -0.055290 -0.115226 -0.145332 0.040712 -0.073331 0.156235 -0.024845 -0.028707 -0.247592 0.118674 -0.020801 0.093558 -0.061566 0.187363 -0.004931 -0.152253 0.080178 -0.223517 0.044304 0.097300 -0.115326 0.126770 0.094684 0.150964 0.087744 -0.128855 -0.015018 -0.122655
0.139418 0.031608 -0.071369 0.011897 0.010792 0.108763 0.016242 0.003272 -0.071254 0.019251 0.018168 -0.056144 0.034051 0.085543 -0.127010 0.008291 0.037953 -0.175872 -0.069563 -0.074740 -0.047480 0.209422 -0.191653 0.124136 -0.052612 -0.115171 0.116379 -0.032334 -0.079712 -0.099749 0.121777 -0.037579 0.000097 0.244504 0.056383 -0.067846 -0.091003 0.190620 -0.032888 0.068757 -0.046570 0.024473 -0.049776 -0.006581 -0.010461 0.041386 0.067360 0.094675 0.078010 0.057865 0.064141 -0.020041 0.101048 0.012307 -0.071312 0.084731 -0.180072 -0.040415 -0.059779 0.110666 0.112945 0.040505 0.064643 0.063813 -0.060326 0.050913 0.032435 -0.068317 -0.189495 -0.033562 -0.013910 -0.001711 0.020240 0.009741 -0.010696 -0.037990 0.039111 -0.037112 -0.039397 0.077799 -0.050014 -0.055199 0.227607 -0.112990 0.039188 0.129942 0.170454 -0.102899 -0.019103 -0.085339 -0.154516 0.043109 0.174020 0.024174 0.132036 0.183014 0.039504 0.010622 0.079079 -0.030857
-0.085086 -0.055107 -0.031903 -0.024562 -0.003999 -0.020537 0.118830 0.109499 0.060029 0.142049 -0.022792 -0.002055 -0.109904 -0.123498 0.143779 -0.096495 0.030574 -0.079104 0.025781 0.022618 -0.013331 -0.085808 0.031993 -0.027397 0.047764 0.145953 0.141836 -0.215537 0.065395 -0.134077 -0.104409 -0.119753 0.045026 -0.051466 0.006588 0.019299 -0.009218 0.177923 -0.146795 0.162382 0.102601 -0.221610 -0.014899 0.044920 0.109757 -0.016273 -0.081287 0.031460 -0.080662 0.136655 -0.031850 -0.337977 0.039067 -0.233512 0.006070 -0.024582 -0.107118 -0.067502 0.188331 0.053444 0.102216 0.151926 -0.060000 -0.109834 -0.191475 -0.167779 -0.026830 0.087221 -0.036754 -0.050524 -0.024448 -0.052510 0.006919 0.144016 0.065101 0.040070 -0.024101 0.013247 0.091399 -0.133324 0.249596 -0.112644 0.167303 -0.062563 0.003165 -0.025113 0.004953 -0.045554 0.125874 -0.001889 -0.058255 0.164431 -0.098861 -0.049553 -0.108456 0.056534 0.100082 0.053037 0.024760 -0.018598
0.133313 -0.082485 -0.038921 0.167649 -0.150330 0.028052 0.066620 -0.095216 -0.001089 -0.100865 0.211383 0.128971 0.064747 0.057228 -0.069388 0.103868 -0.053906 -0.159315 0.140392 0.049245 0.045030 -0.036285 0.026905 -0.156521 0.042225 -0.046738 0.009620 -0.058617 0.095346 0.068618 0.028809 -0.000426 0.118409 -0.129341 -0.067127 -0.045520 0.005865 -0.020585 0.057850 0.050732 -0.040565 0.052873 0.093974 -0.114619 -0.028018 0.004780 0.136341 0.160869 -0.044550 -0.013086 0.039587 -0.128608 -0.017201 -0.016293 -0.005110 -0.172738 -0.099001 0.076231 -0.025525 0.119658 -0.074999 0.058375 0.046407 -0.026007 -0.177781 0.009006 0.099529 -0.093575 -0.130566 -0.167958 0.035973 0.091680 0.096320 0.004978 -0.158853 -0.138721 0.133145 -0.162848 0.096359 -0.010226 0.181186 0.051128 0.015049 0.050503 -0.056022 -0.138233 -0.056984 -0.302213 0.162564 0.075145 -0.009361 0.084461 -0.062662 -0.143034 -0.096834 0.169588 -0.081431 0.020259 -0.023094 0.004525
-0.057223 -0.146531 0.062823 0.030865 0.060228 0.091065 -0.021157 0.085492 -0.000958 0.195397 -0.016485 -0.148421 0.040608 0.124053 0.128450 0.062975 0.077084 -0.021925 -0.008067 0.113876 0.068639 -0.041808 -0.080633 -0.082503 -0.200768 -0.120809 -0.186219 0.089708 -0.091913 0.154717 0.000260 -0.201714 -0.094337 0.023848 0.186717 0.192595 0.091925 0.149260 -0.046330 -0.077846 -0.033887 -0.055498 0.070934 -0.010851 0.093577 0.035788 -0.211414 -0.045696 0.022685 0.048531 0.172528 0.121433 -0.139124 -0.043506 -0.113522 -0.015533 0.102335 0.017264 0.006460 0.115065 -0.028058 -0.022062 0.004598 -0.081635 -0.090615 -0.076401 0.156716 -0.004999 -0.106661 -0.142865 -0.001227 -0.064741 0.192795 0.013796 0.009216 -0.013133 0.106341 -0.020274 -0.003836 0.053609 0.068346 -0.083486 0.112147 -0.077196 0.051022 0.109352 0.139611 0.115048 -0.032359 0.084347 0.070877 0.103696 -0.007955 -0.077041 -0.012239 -0.145003 -0.163200 -0.189239 -0.043663 0.111006
0.017588 0.174827 -0.022293 0.001945 -0.018003 0.021911 -0.032834 0.018110 0.081554 0.169870 0.097652 -0.158855 -0.294428 -0.025053 0.046859 -0.104797 0.131281 0.018992 0.018278 0.013906 -0.028936 -0.089489 -0.000183 -0.001673 0.087350 0.118571 -0.018268 0.052722 0.011170 0.094845 0.062043 0.065055 -0.024941 -0.117906 0.114864 -0.069383 -0.091725 -0.176633 -0.061650 -0.002565 0.057152 -0.008836 0.011531 -0.111191 0.187063 0.021311 0.039440 -0.012289 0.097505 0.113547 -0.037254 0.024285 0.004194 0.052487 -0.176428 0.057173 -0.133907 -0.042708 -0.138943 0.105060 0.051997 0.015274 -0.121521 -0.130112 -0.005707 -0.167430 -0.045403 0.352444 0.106663 0.056340 0.000505 0.065328 -0.014000 -0.102403 0.213406 0.118311 -0.113162 0.033716 -0.119895 0.036894 -0.049186 0.062405 0.194443 -0.038261 0.010232 -0.085485 0.085337 0.070360 0.003059 0.006700 0.008312 -0.007674 0.064336 0.120791 -0.135877 -0.022156 -0.004293 0.185706 0.013738 -0.243172
-0.010676 -0.052824 -0.199089 -0.106103 0.028693 0.024446 -0.043323 0.121202 0.052106 0.147892 0.064800 0.238767 0.278610 0.226862 0.022743 0.045920 -0.058051 -0.031345 -0.058702 0.044717 -0.018678 -0.009531 0.179949 -0.011567 -0.094805 0.041121 0.014293 0.053846 -0.046760 0.031381 -0.063799 0.242965 0.063766 -0.003187 -0.082433 -0.053132 -0.022575 -0.070389 0.131215 0.112993 0.058816 -0.042722 -0.086440 0.098761 -0.175787 -0.015092 0.013881 -0.017085 -0.130346 0.060016 -0.068113 -0.005844 -0.037568 -0.086802 0.109687 -0.000558 0.154022 -0.030768 -0.081821 0.133632 0.004592 0.051378 0.053512 -0.100407 0.119876 -0.040783 0.081093 -0.004599 0.090527 0.094240 0.064445 0.021774 0.143685 -0.135415 0.140241 -0.166316 -0.061715 0.028906 0.069175 -0.026155 -0.172278 -0.017824 0.261327 0.116162 -0.033930 0.060092 -0.064021 -0.155081 -0.030653 0.062859 -0.055716 0.066223 -0.160827 -0.073195 0.133422 0.139756 -0.055313 -0.185614 0.013865 0.148004
0.029194 0.188524 -0.039674 -0.040623 -0.250964 -0.085791 -0.097911 -0.046607 -0.032915 0.107106 -0.070338 -0.113540 -0.000582 0.074157 -0.048142 0.099330 0.205320 0.013179 -0.209488 -0.090566 -0.085296 -0.136872 0.005659 0.096170 0.069923 0.249102 0.244144 -0.035156 0.099649 0.052738 -0.069951 -0.036072 -0.156586 -0.021625 -0.092591 0.144172 -0.020632 -0.160915 -0.149390 0.002728 0.096390 0.225171 0.156679 -0.013422 -0.055020 -0.005225 -0.042659 0.245599 0.133314 -0.081560 0.113111 -0.114770 0.010584 0.033490 -0.047710 0.290842 0.037771 -0.001834 -0.047294 0.151159 -0.082208 -0.062220 -0.009119 -0.044449 -0.077906 0.061207 0.041522 0.065874 -0.053896 0.065325 -0.031068 0.035975 -0.248292 0.107365 0.042397 0.263017 0.074657 0.187659 0.061055 0.141303 -0.154556 -0.184580 0.049744 0.108059 0.061787 0.099818 0.189575 0.060050 0.189861 -0.107797 -0.178036 -0.128219 -0.198075 0.121326 0.205383 0.074519 -0.043796 -0.040347 0.076658 -0.022396
-0.200563 -0.027555 -0.042656 -0.095115 -0.173706 0.017750 0.089535 0.001266 0.064166 0.092409 0.069766 -0.031430 0.013056 0.108444 0.130127 -0.031650 -0.130645 -0.083310 0.106446 0.065506 0.133874 -0.151667 -0.002040 0.052731 0.031617 0.039742 -0.101101 0.117397 -0.157011 0.022516 0.061227 -0.109653 -0.014534 -0.256650 0.000575 -0.137261 -0.105779 0.079734 -0.143220 0.043325 -0.089443 0.047507 -0.100214 -0.009307 -0.062985 0.117447 0.055634 -0.045232 -0.003736 -0.133064 0.083333 0.152038 -0.069146 0.037434 0.105218 0.153515 -0.095230 0.085230 -0.068341 -0.030225 -0.104426 0.088365 -0.095699 -0.120157 -0.048493 0.062670 0.045307 0.033851 0.053219 0.038664 -0.002457 0.045553 -0.029611 0.035115 0.036568 0.143688 -0.027985 -0.185254 0.231733 -0.063591 -0.077405 -0.096841 -0.031887 -0.081982 -0.005276 -0.046416 -0.114693 -0.108669 -0.070740 0.243803 0.051994 0.037000 0.008326 -0.023878 0.065581 -0.142698 -0.022695 0.268930 -0.150567 0.049945
-0.174385 -0.021369 0.118714 0.077376 -0.082263 -0.058837 -0.001869 -0.212345 -0.012886 -0.024831 0.238104 -0.042906 0.027058 0.099094 -0.002358 -0.036581 -0.025520 0.034196 -0.047320 -0.017125 -0.120706 -0.164379 -0.137443 -0.189289 0.093602 0.036793 0.018641 -0.217698 -0.036310 -0.047302 0.005743 -0.191368 -0.092848 -0.026052 0.010100 0.065151 0.072115 0.028843 0.136935 -0.012812 -0.070160 0.015391 0.120588 0.193140 -0.040040 0.089840 -0.037621 -0.080148 0.078068 -0.101885 0.073900 0.098163 -0.159268 -0.023822 -0.018775 0.009459 0.001858 -0.036654 0.038305 0.102018 0.016112 -0.057985 0.193839 -0.058284 -0.114953 -0.139933 0.061954 0.039250 -0.024813 -0.000903 -0.122716 0.036611 -0.014237 -0.033045 0.114346 0.080398 0.029189 -0.060242 -0.008374 0.220745 0.015346 0.101058 0.116374 0.097902 0.101759 -0.124479 -0.011478 -0.093355 -0.021806 0.284694 0.052283 -0.124976 -0.134462 -0.091552 -0.020286 0.044676 0.135182 0.173629 0.028399 -0.099074
-0.092429 0.043570 0.101338 -0.002399 -0.162438 0.000486 0.056901 -0.244565 -0.040684 0.026128 -0.009605 -0.008382 0.163535 0.063751 -0.009090 0.060950 0.163253 -0.121098 0.091275 -0.061459 0.097448 -0.007108 -0.124598 -0.023594 0.061378 0.140746 -0.029501 -0.169740 -0.101874 -0.014944 -0.001826 0.190226 0.121272 -0.205586 0.101423 0.053241 0.059220 -0.007404 0.093994 0.181260 -0.173345 0.156439 0.023958 0.141812 -0.166165 -0.017202 -0.069681 0.028606 -0.084343 -0.114151 -0.015504 0.190165 0.174016 0.064505 0.205592 0.116661 0.024236 -0.045538 -0.131441 -0.147208 0.073323 0.035094 0.040600 -0.041614 0.040545 -0.103120 0.181706 0.034618 0.018296 0.055177 0.178420 0.049091 -0.030114 -0.101436 -0.039754 0.193552 0.023896 0.008480 0.201442 -0.140177 -0.061867 -0.039011 0.129361 -0.050969 -0.097035 -0.227439 -0.007145 -0.021735 -0.055647 -0.056170 -0.308442 0.049767 0.145249 -0.254588 0.021995 -0.019543 0.087597 -0.212806 0.046053 -0.067346
-0.215576 -0.211038 0.054374 0.038269 -0.093249 0.213255 0.039928 -0.021748 0.008687 -0.059918 -0.003372 -0.037903 -0.098987 0.036071 -0.180966 0.192523 0.075418 0.196432 -0.211573 -0.063959 0.153866 -0.047413 0.122513 0.076164 0.167813 -0.020223 0.125316 -0.015452 0.041158 0.013606 0.089746 -0.039516 -0.139078 0.073052 0.134360 0.047004 -0.036907 0.035150 -0.013634 0.093878 -0.118258 -0.115517 -0.060898 0.236808 -0.090470 -0.128829 -0.040025 0.035075 -0.017962 0.133332 -0.009257 0.091871 0.131706 -0.010667 0.039633 0.125224 -0.125433 0.003855 0.004418 0.021599 -0.001219 0.126758 -0.053276 0.042775 -0.119100 0.120968 0.024334 -0.061106 -0.068313 0.014839 -0.058275 0.085275 0.067825 -0.085569 -0.050662 0.108531 -0.085547 0.065527 0.096621 0.054237 -0.054042 0.205325 0.078793 0.226334 -0.144141 0.096249 -0.121582 0.057089 0.070441 -0.004319 0.064353 -0.192311 -0.074309 -0.123475 -0.066021 -0.023145 0.061964 -0.047865 0.002201 0.123965
-0.141739 0.149223 -0.227580 0.094956 -0.136173 -0.089544 -0.080638 0.024962 -0.158374 -0.226421 0.158880 -0.099022 0.009778 0.289019 0.067156 -0.090636 -0.042753 0.009619 0.049527 -0.119464 0.058309 0.117926 -0.111527 0.124000 0.036561 0.101584 0.123180 -0.011611 0.066908 0.006652 0.015231 -0.068095 0.103591 0.050959 0.168546 0.008113 -0.028875 -0.187029 -0.255311 -0.009187 0.062712 0.024948 0.050529 0.023095 0.016558 0.115515 -0.013319 -0.096417 0.012881 -0.082017 0.058617 -0.165617 -0.087132 -0.023454 -0.141203 0.104321 -0.018662 -0.118563 -0.177627 -0.096474 0.104470 0.038079 0.159994 -0.100612 0.061747 0.152961 0.167267 0.049815 -0.040523 -0.037335 0.038357 0.106935 0.065803 0.016533 0.038893 -0.003081 -0.064929 -0.006895 0.035449 -0.044178 -0.147155 -0.015749 -0.034594 -0.189509 -0.096092 -0.015760 0.002346 -0.112878 -0.026171 -0.039789 0.034626 0.020540 -0.062922 0.111746 -0.007745 0.192693 -0.077399 -0.090259 0.092563 0.116014
-0.093291 -0.052919 0.017062 -0.044596 -0.115836 -0.106562 0.057640 0.115376 0.064041 0.003320 -0.087043 -0.146579 -0.133076 0.054846 -0.250789 0.080262 0.283608 -0.016276 0.093530 0.055764 0.188946 0.194221 0.069088 -0.115244 0.145458 0.037254 0.069701 0.205591 -0.099626 -0.219522 -0.108918 -0.146483 0.051399 0.024733 -0.121676 -0.178429 0.035412 -0.009382 -0.055952 -0.071054 -0.035961 0.022085 0.088032 0.071397 0.029569 0.043995 0.243719 -0.066710 -0.168362 -0.069951 0.014542 0.030160 0.165998 0.102603 0.038510 0.002607 -0.000600 0.053736 -0.025211 -0.118539 0.086560 0.126038 -0.047304 0.079781 -0.021267 0.062747 -0.032778 0.205075 0.059442 0.141313 0.038085 -0.089087 -0.018985 0.098112 0.001010 -0.086374 0.057979 -0.224256 -0.061917 0.080194 0.213129 0.136291 -0.026432 0.122391 -0.087931 -0.097634 -0.069090 -0.025287 0.148511 0.061797 0.009787 0.034919 -0.120278 -0.049635 0.022220 -0.019423 0.029641 0.107548 -0.171811 -0.107180
0.213328 0.026849 0.009289 -0.149212 0.026707 -0.005293 0.098952 -0.029636 -0.037078 0.129911 -0.022279 -0.073155 -0.105762 0.112332 -0.020810 0.030093 0.157815 0.077206 0.083296 -0.097354 -0.005693 0.205157 0.045610 0.026740 -0.035796 -0.121087 -0.014897 0.024291 -0.193328 0.038671 -0.005275 -0.029451 0.038666 0.060711 -0.069036 0.008040 -0.081088 -0.207535 -0.013407 -0.135181 -0.155583 0.150629 -0.126564 -0.145949 -0.047537 -0.002431 -0.052287 0.071075 0.150063 0.017498 0.229877 0.053393 -0.025936 -0.066718 -0.020167 -0.131270 -0.113060 0.000296 -0.013052 -0.152276 0.120037 -0.161394 0.070658 -0.062649 -0.040034 -0.083014 0.023337 0.036790 -0.119639 -0.010494 0.034370 0.041952 0.113168 -0.062895 -0.038419 0.064419 -0.228371 -0.116509 0.064400 0.074629 0.112161 -0.159933 -0.052635 -0.060251 0.086510 0.039455 0.099614 0.145905 0.104558 0.200532 0.075417 0.014250 0.026095 -0.078869 0.069884 -0.033204 0.083200 -0.189477 -0.130904 -0.057183
-0.039437 0.129157 -0.087905 0.071278 -0.063535 -0.001970 -0.024694 -0.172452 -0.004728 -0.009794 -0.042539 0.088056 0.014613 0.047017 -0.134688 0.052998 -0.045072 0.189572 -0.053928 0.148345 0.144720 -0.068603 0.027556 0.042469 -0.127076 -0.171020 0.087941 -0.006168 0.017890 0.149989 0.043048 -0.013240 0.010252 0.053608 0.119648 0.124000 0.023765 0.283942 -0.070640 0.110311 -0.017780 0.038515 -0.180064 -0.018960 0.114098 0.063898 0.002478 0.163821 -0.090734 0.101714 -0.035901 -0.042823 0.156211 -0.234367 -0.055933 -0.061253 -0.025977 0.141267 0.021080 -0.122342 -0.153348 -0.100772 -0.017581 0.020533 0.009997 0.012570 -0.192612 0.076692 -0.003111 0.114673 -0.140320 -0.074340 0.036397 0.034803 -0.091883 -0.167626 -0.010128 0.105553 0.034570 -0.080598 -0.029499 0.025477 0.058189 0.066753 0.035734 -0.051178 0.163776 0.088038 0.011961 -0.009490 -0.075113 0.056130 0.038962 0.081022 0.197346 -0.040662 0.104609 -0.015539 -0.057582 0.124626
-0.039526 0.045305 -0.056508 -0.147847 0.083425 -0.008382 0.038779 -0.178489 0.086782 0.126463 0.128929 -0.056192 0.042258 -0.027669 0.107239 0.017742 -0.084385 -0.081301 -0.130851 -0.006007 -0.004830 -0.025246 -0.043619 -0.156732 0.032483 -0.140477 0.152658 0.046053 0.008390 -0.056007 -0.130015 0.013931 0.113610 -0.007833 0.135139 -0.142633 -0.037442 -0.104510 -0.201187 0.026811 0.021325 0.022492 -0.114493 -0.016529 0.060383 0.146426 0.117145 -0.088097 0.081665 0.162460 -0.028957 0.033113 0.062562 -0.068349 0.041063 0.136599 -0.130238 0.052709 0.073560 0.048355 -0.154828 0.128580 0.094808 0.060664 -0.019479 0.068721 -0.057345 0.141454 -0.005197 -0.032874 -0.036980 0.025791 0.053439 0.014590 -0.104352 -0.095964 -0.121666 -0.006637 -0.011541 -0.151335 -0.062757 -0.092815 0.124326 0.048978 0.052720 0.065369 0.055901 0.080981 -0.055020 -0.021757 0.060398 -0.006612 -0.011389 0.047904 0.002097 -0.005807 0.102568 0.050296 -0.025637 0.038191
-0.073836 0.153194 0.103310 0.195932 -0.068984 -0.085415 0.040135 0.055698 -0.078903 0.009909 -0.114031 0.031017 -0.057126 0.057973 0.005865 0.238253 0.050765 -0.167578 -0.076305 -0.021157 0.024854 -0.045925 -0.148514 -0.128806 -0.021232 -0.026741 -0.019136 0.044084 0.118548 -0.005411 0.090152 -0.060353 0.029739 -0.089686 0.118951 0.233094 0.164465 0.059324 -0.009104 0.087457 -0.092137 -0.256403 -0.041494 0.017294 0.093970 0.041587 -0.073256 -0.057863 0.000898 0.093230 -0.217625 0.072792 0.057344 -0.094047 -0.112401 0.058536 -0.112974 0.022230 -0.016163 0.013772 0.130689 -0.022919 0.037718 0.107434 0.272059 -0.034584 0.151865 -0.130379 0.032261 0.215688 0.057607 -0.031415 -0.023242 -0.070046 -0.019268 -0.042096 0.039566 -0.040898 -0.000357 -0.229412 -0.024467 -0.025277 0.117785 -0.038177 -0.197340 -0.029416 -0.037738 0.090685 0.037766 0.185201 0.115506 0.067760 0.083810 -0.063209 -0.186136 -0.040263 -0.033135 0.376124 0.022050 -0.120309
0.202626 0.046805 -0.047317 -0.056469 -0.130088 0.123312 0.233718 0.014652 -0.036738 -0.096335 0.110838 0.164806 -0.011832 -0.131131 0.019621 0.173361 -0.002454 0.050346 -0.012827 -0.025061 0.060174 -0.028355 -0.075304 -0.006838 -0.187075 0.019601 0.089993 0.220985 0.063979 -0.002814 -0.109513 0.055607 -0.049952 -0.055401 0.016999 -0.152025 0.021797 0.168279 -0.039401 0.024893 0.032059 -0.076427 -0.075935 0.143930 0.018277 -0.104932 0.019260 0.126830 0.303445 -0.010249 -0.185209 0.050444 -0.049456 0.019745 -0.092096 -0.071529 0.010114 -0.089935 -0.141999 -0.029146 -0.007032 0.125913 -0.079916 -0.026550 -0.217923 0.113585 0.090333 -0.170304 -0.058045 0.026128 -0.148618 0.163002 -0.039415 -0.008665 -0.037804 -0.180003 0.101992 0.217088 0.112506 0.114684 0.047273 0.041809 0.057463 0.022616 -0.071379 -0.078043 0.101833 -0.159694 0.070721 0.029208 0.030814 0.099849 -0.207802 -0.183310 0.220721 -0.165839 -0.164340 0.143123 0.160985 0.135668
-0.033919 0.081785 0.081597 0.214611 -0.020989 0.089428 0.048884 0.108058 -0.190941 -0.087189 0.077866 0.062875 -0.088143 0.053479 0.038526 -0.035620 -0.078816 0.090685 -0.078054 -0.114108 0.066665 -0.081705 0.088359 -0.042960 0.099889 -0.012490 -0.028480 -0.122069 -0.107445 0.049740 -0.096913 0.109703 -0.066919 -0.014683 0.085688 -0.012479 -0.111849 -0.042899 -0.128798 0.029950 -0.180321 0.013900 0.020767 -0.082005 -0.026872 -0.114719 -0.074328 -0.086331 0.005660 0.102365 0.039017 0.154568 0.102406 0.071068 -0.200354 0.015747 0.082789 -0.017999 -0.000936 0.055028 -0.074008 -0.066984 0.012221 0.179412 0.190574 0.002074 0.006024 0.053583 0.053093 -0.126327 0.129783 -0.183051 -0.104384 0.073700 0.024955 0.046255 0.054967 0.042935 0.154212 -0.022023 0.016928 -0.036343 0.022625 0.043718 0.166279 0.068836 -0.074837 -0.070837 0.090165 0.090095 -0.093322 0.057963 0.083374 0.091885 0.019960 0.001698 -0.048320 -0.107385 -0.027740 0.091432
-0.052725 -0.116711 -0.002753 0.117241 -0.196739 -0.100291 -0.057835 -0.175787 0.061822 -0.065379 0.032483 -0.087443 -0.099700 -0.017837 0.135241 0.013789 -0.117672 0.157798 -0.128076 0.014054 0.010761 -0.130673 0.252877 0.045375 -0.060960 0.032467 -0.036636 0.041862 0.050701 0.092459 0.229212 -0.064589 0.099747 -0.051561 0.172969 0.163437 -0.070436 -0.043236 0.006411 -0.023500 -0.102825 0.036638 -0.003443 0.054572 0.127034 0.009302 -0.094077 0.125192 -0.148682 -0.154535 -0.052506 -0.109807 -0.139932 0.141316 0.056143 0.035270 -0.022973 -0.087124 0.091623 -0.021681 0.055490 0.002053 -0.124540 0.156330 -0.153203 -0.096244 0.133907 0.027715 0.075432 -0.037200 0.144072 0.057734 0.166087 -0.069643 0.051626 0.140519 0.028381 -0.009933 0.064185 0.059443 0.028526 -0.020074 0.024525 0.071320 0.163334 0.020608 -0.062541 -0.121660 -0.057910 -0.032325 -0.065118 -0.036962 0.029514 0.010187 0.109131 0.062518 -0.122551 0.112988 0.235259 -0.043994
0.154109 0.084058 -0.047751 -0.006793 -0.125342 -0.162861 0.005561 -0.104872 -0.009132 -0.070900 -0.061438 0.123740 -0.021256 -0.131123 -0.147099 0.071132 -0.041459 0.024182 0.087576 -0.079395 -0.093165 -0.016882 0.069255 -0.112334 0.194477 0.131585 -0.037676 0.066271 0.177266 -0.046717 0.053372 -0.010705 0.143643 0.146781 -0.041841 0.025144 0.069019 0.078344 -0.090306 0.001377 -0.133367 -0.047025 0.155512 0.191159 0.032068 0.048549 -0.057514 -0.111873 -0.232593 -0.160925 -0.003192 -0.058966 -0.036984 0.084278 0.031713 -0.107168 0.159457 -0.062976 0.226665 -0.058244 0.099156 0.033422 -0.055909 -0.216109 0.185184 0.174285 0.043018 -0.058501 0.080695 0.093333 0.277795 -0.050656 0.053561 0.007376 -0.134898 -0.013069 -0.043598 0.208046 0.060488 0.183394 -0.043202 0.036123 0.019619 0.104788 -0.015699 -0.114281 -0.015281 -0.096514 -0.165461 0.132362 -0.013299 0.130721 -0.069951 -0.182497 0.224927 0.068012 -0.036887 0.052147 0.117030 -0.118724
0.126476 -0.097938 -0.080475 0.044234 -0.031591 -0.073464 0.011073 -0.076202 -0.051271 -0.226717 0.059476 -0.113234 -0.179043 -0.000894 -0.251947 0.037483 -0.119723 0.052901 0.050742 -0.121879 -0.110904 -0.138889 -0.125660 -0.149894 -0.179675 0.126552 -0.177509 0.053238 -0.093817 0.100378 0.007295 -0.101946 0.131054 0.080359 -0.013499 0.099314 0.037124 0.163494 -0.041526 -0.037649 0.029728 -0.081879 -0.128459 0.351620 0.015354 -0.071089 0.019333 -0.061731 0.170963 -0.160950 0.070255 -0.013942 -0.205877 -0.069172 -0.090125 -0.003762 -0.043184 0.172319 0.026768 -0.060694 -0.055373 0.037589 -0.102581 -0.015747 0.029530 0.019195 0.157493 -0.018591 -0.055335 -0.183183 -0.032780 0.030389 -0.054175 0.007031 0.118329 -0.033235 0.054172 0.056091 -0.150947 0.019850 -0.078270 -0.188199 0.001880 -0.077040 -0.041240 0.168501 -0.031828 0.176543 0.230194 0.226060 0.128037 0.034148 0.059503 0.004847 0.081894 -0.051560 0.090668 0.053524 -0.038984 0.048565
-0.035024 0.010273 -0.106390 0.066184 0.137916 -0.127353 0.094337 -0.158801 -0.113728 -0.083539 0.058356 -0.153044 -0.059188 0.115769 -0.221404 0.006388 -0.065771 -0.060501 -0.105771 -0.074259 0.125491 0.136166 -0.045886 -0.161869 0.021971 0.115548 -0.038378 -0.073380 -0.096540 0.187068 -0.112233 -0.143757 0.118424 -0.007988 0.082845 0.032729 0.095051 0.036216 -0.004779 -0.013459 -0.147366 0.161784 -0.007188 0.056914 0.125790 -0.048379 0.025464 0.114066 0.064639 -0.035718 0.127732 -0.037215 0.048889 0.142494 -0.075631 -0.064918 0.062943 -0.062819 -0.168374 0.153283 0.120226 0.251506 -0.215655 0.195403 0.019003 0.019311 0.106449 -0.008833 -0.007899 0.011538 0.182098 -0.111941 -0.111984 -0.097482 0.008223 0.134373 -0.064435 0.025554 0.200516 -0.001623 -0.099551 0.034472 0.004298 -0.140849 0.166631 0.124110 -0.110975 -0.048255 -0.025683 -0.001436 0.101401 -0.034221 -0.046753 0.146424 0.038760 -0.045658 0.107196 -0.126319 0.091078 -0.068227
-0.197147 -0.045680 -0.068266 -0.089094 -0.033559 0.007222 0.133961 -0.106647 0.203818 0.150432 -0.089015 -0.051718 0.126977 0.095185 0.132398 0.051106 -0.105910 0.088812 -0.081436 -0.102846 0.145334 -0.007220 -0.076264 -0.030602 0.189806 0.151688 -0.055210 -0.005414 0.029278 -0.074796 -0.039523 -0.178593 -0.106058 -0.024795 -0.191350 -0.066497 -0.021380 -0.051000 -0.019169 0.128115 0.159937 0.107659 -0.079920 0.067190 -0.061432 -0.027123 0.012664 -0.054459 0.056895 -0.088366 0.062622 0.021531 0.026581 -0.125330 0.006645 0.064865 0.077981 -0.116784 0.119937 0.050616 -0.002090 -0.096085 0.084845 -0.084113 0.042900 -0.187458 -0.018245 0.021868 -0.134178 -0.023580 -0.117518 -0.045475 0.039593 -0.021381 0.023704 -0.076361 -0.039166 0.009974 -0.124972 0.056179 0.002552 0.079697 -0.188689 -0.005044 0.052846 -0.047349 0.037073 -0.014894 -0.171944 -0.051191 0.014780 -0.111231 -0.021008 0.229837 0.041574 -0.044341 0.154808 0.043895 0.129638 0.064584
0.030789 0.035092 -0.139321 0.071544 -0.044952 -0.128587 -0.148472 -0.045931 0.171044 0.172959 0.020628 -0.112047 -0.137668 -0.110840 -0.041473 -0.032119 0.127413 0.109345 0.064380 0.145438 0.033792 -0.053655 -0.029633 0.014193 -0.013655 0.031321 -0.224517 -0.065761 0.095596 0.109321 0.078868 0.062965 0.058888 0.083692 -0.029738 -0.005074 0.098105 -0.015153 -0.023395 -0.061965 0.141975 0.072036 -0.095900 -0.062605 -0.058696 -0.085115 0.067422 -0.001794 -0.170416 0.002913 0.181508 -0.165198 -0.009558 0.069294 -0.161120 -0.031062 0.064486 -0.109094 0.018285 0.013157 0.031325 0.070047 0.079685 -0.008041 0.023925 0.097182 -0.042337 -0.072604 0.115008 -0.186387 0.024779 0.128286 0.027864 -0.089388 0.092598 -0.026575 0.058424 0.104211 0.007337 0.043405 -0.023594 0.097069 -0.045792 -0.225166 0.084197 -0.013992 0.061856 -0.057623 -0.170093 -0.099997 -0.056582 -0.052069 0.084717 -0.046861 -0.078377 0.046822 0.101303 -0.191074 0.056931 -0.041280
0.065561 0.166210 0.086284 0.058720 0.050782 -0.049457 0.018283 -0.052876 0.053974 -0.008156 -0.026218 0.061852 -0.046014 -0.071206 0.030478 -0.028002 0.074958 0.017751 0.005223 0.035246 -0.172338 0.026653 -0.145778 0.094205 -0.031872 -0.051510 0.019280 0.035182 -0.001070 -0.095353 0.040948 0.140244 0.036130 0.114260 -0.004950 -0.022510 -0.010907 0.124520 0.138260 -0.072963 0.068244 -0.040527 0.178599 -0.027878 -0.328045 0.078364 -0.003947 0.058869 0.162672 0.111082 0.017125 -0.068419 -0.029595 -0.016114 -0.054627 -0.275624 0.127454 -0.022439 0.024200 -0.121033 -0.126102 -0.155797 0.093186 0.057230 0.002207 0.033021 0.095238 0.033649 -0.053969 -0.127871 -0.098824 -0.069694 -0.048257 -0.037932 -0.031392 -0.162605 0.058845 -0.116467 0.151661 0.003353 0.118070 0.094158 -0.106305 -0.043820 0.018257 0.032742 0.071364 -0.171443 -0.132588 -0.125048 0.065533 -0.131940 0.072538 -0.063827 0.216693 -0.087329 -0.092042 0.126304 -0.049763 0.144152
-0.139404 -0.083643 -0.040680 -0.110920 0.251214 0.076928 0.095890 -0.045125 -0.055214 0.047635 0.175460 -0.154689 0.121806 0.047473 0.037675 -0.148105 0.038059 0.073283 0.088652 0.031160 0.019844 -0.220276 0.042949 -0.120340 -0.006480 0.008625 0.054407 -0.051457 -0.129236 0.188248 0.110386 -0.107285 -0.208156 -0.043680 0.154476 -0.137225 -0.201265 0.085213 -0.108227 0.069463 0.100536 -0.157490 -0.162538 -0.131047 0.112288 -0.108509 0.136817 -0.189478 0.008867 -0.110603 -0.016711 -0.069173 0.037157 0.132708 0.014463 -0.096019 0.027212 0.024376 0.019015 -0.186290 0.067102 0.090670 -0.052382 -0.030338 0.002833 0.146834 -0.118670 0.095463 0.138087 0.042304 -0.140592 0.051927 0.124368 0.098274 0.066017 -0.078052 -0.072798 -0.085247 0.144538 -0.118722 0.004991 -0.189253 -0.054125 0.052393 0.267869 -0.021788 0.171457 -0.046127 -0.055943 0.131522 0.042760 -0.078632 0.024691 -0.010993 -0.199373 0.052629 -0.093864 -0.043848 -0.039524 -0.060499
0.136262 -0.065701 0.013055 0.074138 0.114116 -0.087941 0.071459 0.049078 -0.016899 0.138212 -0.035816 -0.224956 -0.084168 0.049119 -0.009230 -0.051949 -0.108364 -0.097232 0.099443 -0.010386 -0.142176 -0.121786 -0.080563 -0.162080 -0.051804 0.006635 0.011284 -0.026981 0.096003 0.042608 -0.163405 -0.073675 0.079490 0.181214 -0.155233 0.010663 -0.106832 -0.005219 0.069274 -0.059118 0.076954 -0.151882 0.025239 -0.066791 0.123851 0.091612 0.043760 -0.143065 -0.027628 0.026241 0.015342 0.057032 -0.028821 0.065488 -0.027405 0.098140 -0.012156 0.022859 0.154966 0.052387 -0.114773 0.039384 -0.147579 -0.087511 0.136271 0.002058 0.016311 0.160299 -0.188927 -0.096910 -0.049930 -0.159766 0.027575 -0.078104 0.191319 -0.189920 -0.006287 0.056261 0.067844 0.097881 0.021881 -0.052076 -0.040790 -0.099434 0.136659 0.116705 -0.123390 -0.094110 -0.011020 -0.011599 0.142929 -0.165746 -0.091470 0.104153 0.025916 0.077267 -0.001889 -0.031158 0.246036 -0.146940
0.064654 0.017585 -0.005454 -0.042234 0.030524 -0.118877 -0.027622 -0.001919 -0.127580 -0.009028 0.004627 0.105385 -0.045832 -0.097916 -0.021116 -0.136936 -0.045015 0.004199 0.057029 -0.047477 0.050624 0.061039 -0.001098 0.020700 0.023959 0.050359 0.044249 -0.035284 -0.011980 0.095765 -0.044125 0.069607 -0.151726 0.014694 0.131848 -0.057484 -0.125999 0.134757 0.008935 0.090030 -0.135965 -0.040984 0.073244 -0.087376 -0.003377 0.103412 0.077141 -0.169343 -0.133505 -0.008572 0.049765 -0.034488 0.116058 -0.111032 0.031403 -0.068222 0.113760 0.033445 0.040530 -0.007212 -0.012936 0.041215 0.011111 -0.047652 0.123923 -0.227283 0.153820 0.040925 -0.109923 -0.068681 0.009772 0.065045 -0.147966 -0.091634 0.026111 0.147565 0.005121 -0.115826 -0.043049 -0.127562 -0.133584 -0.083454 -0.045504 -0.059724 0.096421 0.060709 0.121289 -0.118886 -0.030260 -0.079382 -0.102971 0.005876 -0.026492 0.038861 0.021957 0.097879 0.102571 0.103140 0.169634 0.155571
-0.052572 -0.086969 0.031483 -0.008902 -0.024058 -0.019772 0.179052 0.313338 0.083461 0.021623 0.053552 -0.036387 0.058445 0.042802 0.100183 -0.066700 -0.027937 -0.124928 0.028381 -0.108206 -0.006708 0.025326 -0.100953 -0.075373 0.016789 0.078432 -0.105413 -0.023605 -0.161462 -0.154947 0.150401 -0.030852 -0.113016 0.111761 -0.064834 0.171604 0.154422 -0.151155 0.082354 -0.223697 -0.023501 -0.122893 -0.084736 0.024570 0.064785 0.142535 0.047386 -0.119058 0.200109 -0.156515 0.056935 -0.143977 -0.183661 0.003958 -0.009391 0.006527 0.115161 -0.078846 -0.013767 -0.036059 -0.145424 -0.032596 0.102712 -0.033479 -0.202069 0.130149 -0.023462 -0.036758 0.045076 0.279754 -0.065881 0.085475 -0.061975 0.131748 0.082210 -0.067867 0.040972 -0.001792 0.095125 -0.061458 -0.064635 0.081406 -0.116118 -0.187806 -0.125891 -0.108728 -0.002288 -0.106267 0.054636 -0.139559 0.143231 0.003557 0.005206 -0.257894 -0.007362 0.236199 -0.021098 -0.003117 -0.152884 0.056908
-0.004906 -0.103188 0.004912 -0.052468 0.076365 0.107402 -0.135470 -0.059083 0.059149 -0.055186 -0.077069 0.157501 -0.047142 0.045669 -0.042307 -0.113896 -0.004857 -0.001528 -0.075389 0.061021 -0.172731 -0.046862 -0.057145 -0.057535 0.106273 0.039238 0.002370 0.130445 0.139797 -0.049897 0.084388 0.072780 -0.061483 -0.046601 0.153418 0.049924 0.150596 -0.086618 -0.101131 0.023935 0.056991 0.047288 -0.053878 0.069377 0.014569 0.022783 -0.036292 -0.108664 0.020033 -0.205341 -0.073446 -0.036157 0.059392 0.052154 0.071898 0.014255 -0.008351 -0.006129 0.064983 -0.105162 -0.018255 0.013875 0.073639 0.039478 -0.030029 -0.219420 -0.050315 0.029261 0.061577 -0.005044 -0.130036 -0.084179 -0.067301 0.017354 -0.016149 -0.077762 -0.036013 0.058042 -0.016812 0.030031 0.031075 0.122940 -0.037719 0.043224 -0.169298 0.080598 -0.087354 0.116930 0.152117 0.062987 0.040589 -0.116667 0.164317 -0.124342 0.009203 -0.022160 -0.004288 0.152006 -0.067270 -0.124521
0.077940 -0.116675 0.186818 -0.060983 0.061651 0.116657 0.033268 -0.104143 0.152953 -0.052665 -0.121499 -0.038602 -0.187680 -0.141687 -0.055847 -0.041709 -0.182469 0.090527 -0.051388 -0.079534 -0.130651 0.093443 -0.053462 0.081612 0.066807 -0.103834 0.153124 0.051473 0.094257 0.245241 0.105950 0.011187 -0.219880 0.148574 0.135428 0.105772 0.057901 -0.015017 0.262569 -0.135075 -0.109013 -0.132088 0.169707 0.031105 0.130279 0.139838 0.095450 0.160567 -0.047966 -0.081645 0.103034 0.059524 -0.033789 -0.049958 0.035968 0.074005 0.137950 -0.049003 -0.058163 -0.161458 -0.024653 -0.069883 0.017123 -0.077312 0.022120 0.116611 -0.101547 0.092829 -0.153630 0.076429 0.042061 -0.200509 0.099731 -0.038698 0.138044 -0.098347 0.072800 -0.110809 -0.060857 -0.032966 -0.071322 -0.005163 -0.129331 -0.004560 -0.114274 0.100926 0.020296 -0.035692 -0.072973 0.071827 0.071563 -0.035931 -0.020849 0.173373 0.050381 0.083445 0.031362 0.014246 -0.038693 -0.190157
-0.018121 0.013592 0.133678 -0.148358 0.011143 -0.021988 -0.014352 -0.104237 0.282094 -0.051163 0.136999 0.033728 0.089537 0.101491 0.001716 -0.014871 -0.114856 -0.007136 0.127039 0.007271 0.035037 0.062534 -0.071811 0.001427 -0.003021 -0.038232 0.116995 0.115898 0.047670 -0.071493 -0.035110 0.015354 -0.048370 0.177982 -0.088936 0.068020 0.117683 0.008175 0.014085 -0.044493 -0.034458 0.016629 -0.108651 -0.046014 0.178445 -0.101604 -0.120184 -0.054610 -0.129250 -0.075935 -0.089865 -0.114964 -0.244900 0.190244 0.007666 0.038941 0.003707 -0.171000 0.081467 -0.076264 0.294128 0.177250 0.024749 -0.011302 0.034648 -0.004181 0.129436 -0.111921 -0.146212 -0.125677 0.097007 -0.028868 -0.069606 0.008082 0.046017 0.070952 0.002854 0.094091 0.142153 -0.063437 0.014986 -0.143850 0.210410 0.013705 0.018248 0.088172 0.030888 0.018641 0.128846 -0.168147 -0.145653 -0.193367 -0.075723 -0.117748 0.184838 -0.096472 0.020734 -0.012679 -0.013027 -0.028255
-0.030127 -0.063865 0.125582 0.079317 -0.129935 -0.031686 0.021886 -0.116739 -0.107110 -0.000241 0.032603 0.149158 0.072476 -0.265842 0.168763 -0.018643 0.037529 0.144801 -0.051960 0.071143 -0.046821 -0.008327 0.054401 -0.015003 -0.103383 -0.068644 0.042024 -0.013760 -0.046273 0.008336 -0.056368 -0.043480 0.178925 -0.164868 0.230291 -0.048853 -0.038366 -0.063092 -0.016290 -0.081061 0.055510 0.057386 0.043256 -0.197475 -0.055745 -0.162146 -0.027108 0.140050 0.007037 -0.107769 -0.013081 -0.040955 -0.108637 0.021824 0.047874 -0.008475 -0.020904 -0.008926 0.058318 0.014711 0.035130 0.033270 0.057770 -0.098072 -0.058374 0.182147 -0.110191 0.191488 -0.047389 0.099242 -0.007435 0.065842 -0.077325 -0.063376 0.064593 -0.125450 -0.077228 0.037607 0.126774 0.082239 0.028757 0.051444 0.257546 -0.144793 -0.024458 -0.068081 -0.132180 0.064765 0.023382 -0.032096 0.206022 0.014161 0.055335 -0.041706 0.162110 0.058717 -0.131218 0.023541 -0.119414 0.071695
0.018170 -0.060523 -0.011126 -0.039302 -0.125480 0.053112 0.127092 0.034936 -0.065350 0.027140 -0.121516 -0.112454 -0.092875 0.077738 -0.060694 -0.051621 0.024158 0.070657 0.049566 -0.020590 -0.004280 0.100239 0.139572 0.137885 0.125901 0.069845 -0.104233 0.157553 -0.081918 0.180799 -0.079589 -0.141383 0.298068 -0.049598 0.138906 -0.023581 0.048175 -0.085766 0.099003 0.220188 -0.122015 -0.155557 -0.095808 -0.055367 -0.075671 -0.023853 -0.089041 0.014096 -0.015371 0.079787 -0.024105 0.026336 0.091080 0.016543 -0.147586 -0.016251 -0.020928 -0.003167 -0.008767 -0.115954 0.006647 -0.028701 -0.225577 0.111968 0.037868 0.144525 0.098386 -0.000479 -0.072268 -0.137213 -0.204496 0.066165 -0.188404 0.121817 -0.014735 -0.025607 0.013050 -0.051138 -0.041819 -0.023666 -0.052394 -0.183110 -0.007056 0.165404 0.041783 -0.132928 0.108866 -0.010940 -0.026458 0.021670 -0.044895 0.032729 0.003067 0.051499 -0.160549 -0.106948 -0.039987 0.053523 -0.122995 0.191437
0.170999 0.019421 -0.123052 0.051212 -0.105944 0.035951 -0.019876 0.000308 -0.054081 0.004246 -0.070034 -0.001862 0.012757 0.151769 -0.182526 -0.085146 -0.014622 0.027485 0.003679 -0.036805 0.172044 -0.023076 -0.112752 -0.135104 -0.072344 0.021330 -0.032522 0.082649 0.029830 0.010894 0.007532 0.026704 0.118642 0.066762 -0.145668 0.073263 -0.199051 -0.011175 -0.057392 -0.055414 -0.031628 0.019713 -0.076944 0.028484 -0.146316 0.029674 -0.070944 0.071491 0.027687 -0.089112 -0.020256 0.242034 -0.217923 0.027380 0.046289 -0.081088 -0.086008 0.054194 -0.124121 0.150328 -0.043689 -0.069209 -0.184249 -0.127994 0.079963 0.043633 -0.048078 0.068714 -0.151660 0.160537 0.101709 -0.210997 -0.080815 -0.014731 0.038675 -0.018722 -0.013085 0.000872 -0.018564 -0.134698 0.120736 -0.175678 -0.010266 0.029641 0.128813 0.041460 0.189124 0.044993 -0.042525 -0.081762 -0.042666 0.072560 -0.131470 -0.086528 -0.040642 0.142502 0.012584 -0.023201 -0.040787 -0.248622
-0.078624 -0.137383 -0.010137 -0.119124 0.132645 -0.017044 0.065083 0.057528 -0.059591 0.109451 -0.102575 -0.084848 0.039092 -0.056432 -0.128987 -0.154142 0.159049 -0.004833 -0.030558 0.011099 0.044101 -0.084714 0.066253 0.064111 0.134762 -0.281814 0.031533 0.160460 -0.124460 0.132323 -0.015004 0.027977 -0.071948 0.026058 -0.033754 0.126695 0.136304 0.052554 -0.151166 0.104142 0.004652 -0.087670 0.007767 0.053174 -0.032571 -0.047152 0.029002 0.131822 -0.078187 0.134786 0.063122 0.149187 0.277007 -0.111061 -0.017700 0.071424 -0.201961 -0.141336 -0.158729 0.072289 -0.066492 0.081671 0.194065 -0.023777 -0.026269 -0.006097 0.105228 0.137979 0.029882 -0.122643 -0.046937 0.101064 0.005054 -0.052551 -0.031360 -0.134905 -0.099439 -0.045871 0.107103 0.077151 0.135454 -0.044732 0.075177 -0.109531 -0.010402 0.077524 -0.012964 -0.144780 0.107904 0.062457 -0.090000 -0.024709 -0.135929 -0.039260 0.107751 0.071709 0.003528 0.116431 0.058329 0.166122
0.021088 0.113768 0.107459 -0.057544 -0.053903 -0.088387 -0.079437 0.181707 -0.007028 0.065079 -0.093526 -0.003190 0.035370 -0.087005 0.087886 -0.032554 0.262839 0.134816 0.036208 0.057431 0.153516 0.020978 0.165468 0.045188 0.128839 0.015071 -0.038015 0.061440 0.071758 -0.023175 0.089676 0.111506 0.107631 -0.166032 -0.029112 0.132205 0.034006 -0.000085 0.110055 0.128074 -0.308532 -0.008566 0.198131 -0.012914 -0.058637 -0.078165 0.085661 -0.167842 0.048738 -0.049313 0.180480 0.042660 0.154839 0.120998 -0.090634 0.186913 -0.073412 -0.112080 -0.085470 -0.017362 -0.071598 0.111927 0.030685 0.033528 0.132354 -0.017986 0.002548 0.120718 0.060964 -0.080644 0.062566 0.071062 -0.153133 -0.067394 -0.078404 0.075831 -0.018583 -0.249897 0.031120 0.076533 -0.098638 0.112395 0.017552 -0.150860 0.041917 0.005239 0.066840 -0.127308 -0.108032 0.151861 -0.027091 0.005575 -0.163497 0.083220 0.216077 0.073097 0.087654 -0.108131 0.038173 0.033426
-0.098114 0.076457 -0.056394 0.128586 0.186706 0.087033 0.080223 -0.091797 -0.062311 -0.026863 -0.062006 -0.109478 -0.009365 -0.024985 -0.042818 -0.079904 -0.111295 -0.191576 -0.129489 -0.010905 0.089579 -0.066657 -0.113357 -0.040464 0.101248 0.038088 0.142387 0.195745 -0.037739 -0.034284 -0.068470 -0.018615 0.070612 0.131634 0.006456 -0.072070 -0.036548 -0.051120 -0.079659 0.008736 0.087433 -0.181081 0.046253 0.097820 -0.139938 -0.037850 0.084329 -0.101225 0.028065 0.111131 0.098811 0.119850 -0.028744 0.100143 -0.006300 -0.059240 0.024184 0.033267 0.133934 0.067078 -0.116850 0.051734 0.083133 0.078398 0.105972 -0.210334 0.101101 -0.030689 -0.044282 0.012469 -0.022772 -0.100229 0.015487 -0.114979 0.039881 0.299682 -0.129849 0.014287 0.094543 -0.095404 -0.000835 0.166561 -0.089481 -0.036576 0.065653 0.064426 -0.138074 -0.064729 0.039528 0.129066 0.123396 -0.009679 0.037766 -0.003924 0.077647 -0.272244 -0.035773 0.144327 0.232579 0.016782
0.045499 0.069348 0.255830 0.142062 -0.032491 -0.044450 0.047171 -0.100836 0.042753 -0.022105 0.059911 -0.207110 -0.015748 0.111536 0.040396 -0.009341 0.141984 -0.007891 -0.020998 0.115749 -0.250615 0.069033 -0.124228 -0.117875 0.014371 0.096812 0.152431 -0.040987 0.051658 0.094370 0.018081 -0.262742 -0.004376 0.000314 -0.079430 0.046953 -0.068457 0.063921 -0.085894 0.071752 -0.104942 -0.190106 -0.060928 -0.034022 -0.101538 0.022181 0.034331 -0.025638 0.012725 -0.166518 0.248494 0.125318 -0.035508 0.020820 -0.074677 0.008773 0.031868 0.072513 0.079521 0.049050 -0.067148 0.125430 -0.009397 -0.134638 -0.084523 0.146314 -0.098760 0.116686 0.066909 -0.036351 -0.061381 0.241438 -0.102581 0.132011 -0.102422 -0.046407 0.057346 -0.001766 -0.040885 -0.086498 -0.254275 0.150789 0.096996 0.181439 0.009316 0.173119 0.016311 0.085402 -0.180855 0.001045 -0.007155 -0.057740 -0.013081 -0.120335 0.081526 -0.038707 -0.093569 0.017715 -0.006482 -0.142550
-0.187864 0.107944 -0.060721 -0.054908 0.041765 0.057192 -0.026163 -0.073714 0.065197 0.075779 0.001811 0.021082 -0.034338 -0.004505 0.142975 -0.059393 -0.025211 0.023747 -0.086804 -0.018589 0.004426 0.200812 -0.053590 0.183233 0.143278 -0.040966 -0.156021 0.023615 0.063072 0.056197 0.022590 0.090398 0.075972 0.114304 0.043591 -0.050430 0.044147 0.103665 0.087567 -0.008919 -0.029020 -0.107216 -0.053619 -0.206827 0.032750 0.043061 -0.123120 -0.216953 -0.200343 -0.029430 -0.036661 0.114846 0.055042 0.084024 0.027972 -0.032179 -0.054461 0.018025 0.161567 -0.008581 -0.073556 -0.067698 0.014193 -0.101286 -0.006226 -0.028320 -0.110627 0.023865 0.016972 0.070566 -0.152003 0.033640 -0.125782 0.158705 0.024371 -0.139456 0.037673 0.112118 -0.005737 0.149745 -0.008278 -0.071337 0.017031 0.133070 -0.082933 -0.005731 0.105646 0.069142 -0.001110 -0.000273 0.026953 0.143442 -0.074121 0.043052 0.007537 0.037788 -0.019366 0.065230 -0.136352 -0.100325
0.040433 0.093002 0.130646 -0.113879 0.029711 0.162880 -0.090576 0.156015 -0.016837 -0.139953 0.030535 -0.022390 0.107467 0.183893 -0.146978 -0.070986 0.010055 -0.100292 0.033819 0.021828 0.115924 -0.102734 -0.159351 -0.023739 -0.056500 0.022581 0.086492 0.264270 0.045388 -0.038219 -0.087740 0.143468 -0.005336 0.017607 -0.020671 0.145044 0.021911 0.082226 0.015567 -0.107434 -0.026612 0.007048 -0.025582 -0.026924 -0.089006 -0.049912 -0.050989 -0.089576 -0.055309 0.025912 -0.048624 -0.022124 -0.151669 -0.048209 -0.146020 0.203693 0.207246 -0.033065 0.078890 0.119559 0.087528 0.196764 0.045192 -0.113100 0.116828 0.051488 0.126333 -0.024970 0.212080 -0.014816 -0.010569 -0.088645 0.155452 -0.026408 0.215838 -0.025617 -0.073638 0.128693 -0.012035 0.018456 -0.129667 0.082604 -0.080443 0.116750 0.086667 -0.040476 -0.059327 -0.008263 0.112601 -0.034631 0.024109 -0.012499 0.070357 0.108211 0.082451 -0.225780 0.133910 -0.128120 -0.162674 0.101446
-0.106444 -0.117952 0.019666 0.196816 0.026618 -0.091405 -0.081878 -0.076292 -0.035346 -0.007388 -0.106231 0.062557 -0.056500 0.038504 0.048844 -0.120833 -0.004861 0.103739 -0.037173 -0.027327 0.053272 -0.238768 0.073857 0.027140 0.089335 -0.032667 0.026370 -0.014432 -0.087663 -0.044214 -0.045063 -0.171272 0.075259 0.004527 -0.076761 0.080527 -0.011272 0.232470 0.012400 0.390266 0.038198 0.075838 0.028721 -0.116612 0.159442 -0.152333 0.000340 0.047279 -0.103513 -0.050326 0.163503 0.023438 0.129450 0.029642 -0.079615 0.053154 0.077657 0.175772 -0.058721 0.005298 -0.121651 0.038002 -0.173263 0.059819 -0.183842 -0.127915 -0.063737 0.041656 0.175627 0.094848 0.141625 0.129787 0.030536 -0.062162 -0.110293 -0.057626 0.168100 0.071373 0.231599 -0.117484 0.039927 -0.020695 0.099041 -0.016938 -0.103184 0.026814 -0.046984 -0.012904 -0.010464 0.003834 0.030988 0.031012 -0.016916 -0.081512 0.034060 -0.011896 -0.113637 -0.052727 0.037384 -0.065034
0.042614 0.070476 -0.077764 0.109173 0.082733 -0.044679 0.009030 -0.040108 0.054692 0.048675 0.048994 -0.037391 0.067110 0.141594 0.106709 0.198259 -0.055654 -0.107851 -0.075577 -0.005668 -0.003746 -0.011193 -0.141529 0.042802 -0.005041 -0.050106 -0.013890 0.019259 0.215397 0.108084 -0.074827 -0.232881 0.123951 -0.094425 -0.103479 -0.094605 -0.133257 -0.002679 -0.185312 0.007920 0.034812 0.052009 0.114286 0.187199 -0.209992 0.126094 -0.212436 -0.038631 0.011879 -0.149776 0.024701 -0.064998 -0.073335 0.074440 -0.064805 -0.099477 0.120624 0.171612 -0.121602 -0.228582 -0.044015 -0.103132 -0.034978 -0.115546 0.021846 0.034091 0.156198 0.145942 -0.051000 -0.048088 -0.006118 0.012057 0.120221 -0.081872 0.193013 0.138224 -0.003650 0.054742 0.130658 0.095659 0.018590 -0.084213 0.088769 -0.014283 -0.032047 0.037039 -0.062491 -0.040302 -0.168102 0.111657 0.071310 0.150466 0.076219 0.121886 0.058415 -0.038963 0.122928 -0.097676 0.115736 0.020077
0.104206 -0.050009 -0.057968 0.084044 0.044042 -0.196636 -0.132257 0.175034 -0.153851 -0.015510 0.044091 0.088432 -0.047971 0.108205 -0.018486 -0.109590 0.085307 0.232025 0.025601 0.072188 0.020268 0.079263 -0.109800 0.074496 0.173441 -0.031344 -0.069758 -0.017014 -0.064746 -0.085451 -0.040891 0.060410 -0.044122 0.046253 0.107693 -0.066364 -0.164466 0.118052 0.275758 -0.027362 0.024383 0.064523 0.222277 -0.097613 -0.015092 0.308274 -0.110295 0.127363 0.160419 -0.039500 0.014073 -0.116654 0.210016 -0.107274 -0.009582 0.108457 0.170399 -0.122513 -0.011198 0.139458 0.081840 -0.004503 -0.082414 0.226466 -0.052846 0.059070 -0.075309 0.020788 0.089745 0.151701 -0.065320 -0.044607 0.016471 -0.117527 0.026664 0.054834 0.024694 0.123568 0.204160 -0.123461 0.051028 -0.043322 -0.024700 0.005930 0.188406 0.190342 0.088747 -0.043713 0.035650 -0.058068 -0.034578 -0.056845 0.065705 0.048594 -0.037801 0.035393 0.007614 -0.015682 0.216419 0.020784
-0.073905 0.027109 0.109521 -0.053173 0.043171 -0.071176 0.086593 0.134416 -0.062567 -0.112263 0.021182 0.040546 -0.047071 0.095568 -0.040331 0.092067 0.055607 0.076472 0.084076 0.242671 0.057619 -0.074724 -0.105915 -0.060111 0.018212 -0.127643 0.082843 0.036230 -0.073448 0.037607 0.016583 0.122570 0.059333 -0.005431 0.000215 -0.049223 0.004653 -0.036198 -0.119481 0.086373 -0.135897 0.102060 -0.056068 -0.129902 -0.083905 -0.050049 0.029658 -0.119323 -0.136884 0.165904 0.074465 -0.023214 -0.010381 -0.157382 0.061419 -0.019488 0.020818 -0.009914 0.113043 -0.047986 -0.053653 -0.071726 0.065912 0.010630 -0.109775 0.138112 -0.008260 -0.049253 -0.194557 0.057725 0.030638 -0.184520 -0.081513 -0.141998 0.034228 -0.152889 -0.014590 -0.065017 -0.028360 -0.298739 0.184739 -0.120329 -0.060419 0.003268 0.045893 0.035983 -0.046833 -0.014025 0.031171 0.005202 -0.134613 -0.004667 -0.085022 -0.057195 -0.034217 0.075239 0.197104 -0.035538 0.203649 0.026244
-0.031375 0.119356 -0.265957 0.092444 0.065702 0.092597 0.143141 -0.072981 -0.060783 0.021858 -0.057940 0.136204 0.126927 0.050682 0.075889 -0.084349 -0.093741 -0.028542 -0.012920 -0.125987 -0.056502 -0.102027 -0.142673 -0.046716 -0.047655 -0.046217 -0.101293 -0.159406 -0.009504 -0.053807 0.081615 -0.053668 -0.129243 -0.226754 0.182065 0.039238 -0.152758 -0.004547 -0.126075 0.209370 0.099548 -0.035669 -0.002581 0.173177 0.237831 -0.132553 -0.123512 -0.062352 -0.095284 0.059677 -0.038857 0.096909 -0.023277 0.024030 0.058275 -0.039310 -0.088748 0.114204 -0.069205 -0.061194 0.121631 0.142635 -0.035339 -0.163880 -0.049571 0.086413 -0.169406 0.118951 -0.074200 0.036942 0.087687 -0.037861 0.060445 0.140191 -0.246777 -0.017608 0.010581 0.022978 0.029954 0.176307 0.001884 0.024917 0.235127 -0.045800 0.184329 0.010335 -0.009090 -0.096946 -0.007597 0.153104 -0.241299 -0.057905 -0.083231 -0.045959 -0.068777 -0.059294 0.044043 0.030624 0.020792 -0.064117
-0.060450 -0.278073 -0.192833 -0.026687 0.137467 0.082014 0.057333 -0.129392 -0.054912 0.100962 0.021792 0.126300 -0.213821 0.019925 -0.035658 0.153684 -0.012482 -0.012438 -0.067114 -0.003586 -0.054704 0.010298 -0.166307 0.082189 0.127025 0.041984 0.000166 -0.030370 -0.054855 -0.029449 0.172037 0.042690 0.141914 -0.088689 0.085592 0.036060 -0.138601 -0.036613 0.183753 0.086768 -0.051761 0.006548 0.072588 -0.122609 0.144365 0.064950 -0.141021 -0.047770 0.168419 -0.139643 0.248745 -0.117098 -0.007313 -0.093975 -0.086471 0.097901 -0.059939 0.021942 -0.013385 -0.036469 0.080510 0.078837 -0.007118 0.052742 0.016356 -0.272292 -0.028923 0.109257 -0.114507 0.072188 -0.185882 -0.046588 0.076880 0.132477 -0.061832 -0.037471 0.318639 -0.110158 0.065560 0.124061 0.006485 -0.001274 0.163179 0.013060 0.021796 -0.022943 -0.075416 -0.049677 -0.079803 0.148694 -0.227513 0.038317 0.226825 -0.082766 0.107104 -0.090710 0.040045 0.166409 0.126596 0.088305
0.181511 -0.005910 0.004017 -0.076728 0.081058 0.034822 0.034828 -0.055850 -0.063985 0.186372 0.109821 0.042813 -0.015753 -0.009924 -0.114197 -0.074455 0.123388 -0.074439 0.015202 0.082771 0.044562 0.081009 -0.015231 -0.173736 0.252988 0.011343 0.000910 0.008742 -0.006277 0.017460 0.108389 0.137935 0.311905 0.054587 -0.031092 -0.036892 0.096200 0.089434 -0.011024 -0.025956 0.005189 -0.002195 0.152647 0.054370 -0.007937 0.089530 0.055244 0.073623 -0.025217 0.142128 -0.156666 -0.159324 -0.074165 0.114587 -0.139918 0.030789 0.004891 -0.134548 0.013883 0.001692 -0.007457 -0.136451 -0.026716 -0.055207 -0.128931 0.034299 -0.046292 0.132562 -0.081341 0.034657 0.042988 -0.218878 -0.032298 -0.189210 -0.222503 0.044266 -0.180511 -0.107887 0.111515 0.036001 0.087837 0.202561 0.027396 -0.052235 -0.013518 0.066143 0.134742 -0.037680 0.074054 0.162930 -0.026663 -0.093190 -0.017169 -0.089144 0.057094 0.050699 0.017258 0.051496 -0.005296 0.132219
-0.097264 -0.049958 -0.085031 -0.038702 -0.006281 0.102298 -0.077298 -0.012340 0.084465 -0.002829 -0.167458 -0.097818 0.109419 -0.017910 0.077002 -0.046597 -0.110598 0.054765 -0.154088 0.003384 0.013735 0.076260 -0.089355 0.044620 -0.036503 0.107358 0.047669 -0.176171 0.062159 0.190273 0.109895 0.010825 0.156797 0.039689 0.032796 0.030445 0.137195 0.074185 -0.133467 0.098786 0.052382 0.012475 0.124024 0.212755 -0.090242 -0.067515 0.105237 0.052248 0.041338 0.009365 -0.110233 -0.009687 -0.014613 -0.184227 0.148096 -0.007081 -0.234514 -0.036728 -0.053207 -0.005606 -0.058212 0.181009 -0.050091 -0.064025 0.191954 0.043006 -0.024599 0.019957 -0.043067 -0.202885 -0.068307 0.100300 0.056434 0.109092 -0.066344 -0.000387 0.039717 0.145208 -0.018114 -0.051914 -0.143046 0.015297 0.094940 0.175655 -0.195411 0.026403 0.017198 0.083398 0.138369 -0.051053 -0.039882 0.089470 -0.060012 0.058644 0.023744 0.039463 -0.000653 -0.073097 0.071501 -0.154533
-0.026681 0.201281 -0.096845 0.055637 -0.062457 -0.102570 -0.048754 0.286223 0.170580 0.103697 0.016107 -0.096150 -0.011088 0.078768 0.106444 -0.077887 0.011191 -0.118909 0.269268 -0.051104 -0.018077 -0.138185 0.034823 -0.091457 -0.035550 -0.147573 -0.078871 0.074705 -0.002187 0.184680 -0.036610 0.120026 0.000609 -0.094525 0.110353 -0.016428 -0.046860 -0.092681 -0.015177 0.103693 0.180588 0.064950 0.063342 0.035006 0.076538 -0.167098 0.011022 0.170970 -0.065386 0.027025 0.023634 -0.154284 -0.084469 0.008981 0.115994 -0.021159 0.019893 -0.014768 -0.146192 0.101375 0.016235 -0.091312 0.058199 0.031205 0.024283 -0.122319 0.010998 -0.055084 0.061517 -0.037780 0.103432 -0.021168 -0.026069 0.107702 -0.148691 0.008452 -0.077946 -0.035680 -0.095210 -0.064356 -0.084062 -0.128835 -0.023800 0.103504 -0.088837 -0.045288 -0.015999 -0.073198 0.080181 -0.016959 0.001930 0.053544 0.154270 -0.026756 -0.156415 0.057794 -0.165618 -0.010964 -0.061732 0.134072
-0.038483 0.038191 0.038513 -0.203402 -0.039601 0.012625 0.039775 -0.094314 0.070836 -0.107935 0.089158 -0.096796 -0.066838 -0.013072 -0.035049 -0.072709 -0.152041 0.062795 -0.111094 -0.043946 -0.001600 -0.007825 0.056424 -0.093650 -0.040437 -0.152280 -0.076958 0.056748 0.191685 0.042255 0.034848 -0.083635 0.042505 -0.001015 -0.068765 -0.026149 -0.032518 -0.172785 -0.106583 -0.181371 -0.179865 0.075828 -0.178202 -0.053046 0.171910 -0.043880 0.070690 0.057580 -0.161597 0.052036 0.102547 -0.026248 0.089259 0.176320 0.017508 -0.031462 -0.078487 -0.271629 0.007097 -0.009745 0.010055 0.092062 -0.081445 -0.142736 0.126441 0.021021 0.032674 0.138743 -0.032554 -0.062564 -0.175681 0.038253 0.031663 -0.101649 -0.083779 0.008927 0.028938 0.034552 -0.037465 0.131720 -0.076531 0.121872 0.125302 0.012937 -0.079248 0.082294 -0.267058 0.129481 -0.078725 0.079347 -0.068671 0.066372 0.014585 0.028917 -0.006318 -0.031539 0.065353 -0.055548 0.210375 -0.168123
-0.068316 -0.197432 -0.014543 0.097146 -0.037539 0.060720 -0.039421 0.062658 -0.087849 0.010044 -0.121774 0.093536 -0.172807 -0.199550 0.113358 0.087091 -0.116818 0.025850 -0.081571 -0.138739 0.014783 -0.128732 -0.147816 0.076406 0.081177 0.021919 0.089206 0.116377 0.008812 -0.004477 -0.004892 0.039563 0.077662 0.006484 -0.065991 0.028944 -0.130516 -0.032971 -0.026431 0.157412 -0.057043 -0.061185 -0.057149 -0.127743 0.162309 -0.079452 0.062882 0.055957 -0.060990 0.063547 0.046228 -0.086362 -0.080675 -0.216788 0.041023 0.144272 0.064781 -0.019054 0.071880 -0.023680 -0.134724 -0.160321 0.021540 0.041447 -0.046844 -0.072458 -0.090620 0.017976 -0.097193 -0.003807 -0.116192 0.121359 0.056400 0.060673 -0.096639 -0.187446 0.027964 0.029278 -0.001617 -0.170719 -0.026481 0.072303 0.094604 -0.007972 -0.087811 -0.041788 -0.073540 0.110513 0.152891 0.087172 -0.101786 0.097089 0.000558 -0.077692 0.061159 -0.175227 -0.000612 -0.027711 0.154589 0.001007
-0.003343 0.072942 -0.059376 -0.081758 -0.131782 -0.063807 0.020346 0.198609 -0.043894 0.007972 0.095039 0.028717 0.000374 0.056186 0.044223 -0.027052 -0.073653 0.140289 -0.074968 -0.201203 -0.065704 -0.090842 -0.049488 -0.091746 0.030816 0.020756 -0.030390 -0.045554 0.158118 -0.033987 -0.002487 0.119177 -0.111006 -0.161634 -0.007352 -0.094191 0.165539 0.003874 0.077959 0.078457 0.016982 -0.045589 0.001714 -0.187422 -0.152221 -0.059659 0.027634 -0.083806 -0.039479 -0.146120 0.057867 0.050307 0.029471 -0.057152 0.030251 0.052661 0.134891 0.095657 -0.094937 0.174320 -0.015461 0.130243 -0.017133 -0.014737 0.040793 -0.167161 -0.124229 0.051062 -0.057604 0.012322 0.153336 -0.049271 0.081166 0.025819 -0.302231 -0.157906 -0.025556 -0.134271 0.002748 0.068349 -0.183662 -0.048772 0.111229 0.026981 -0.195439 -0.111850 -0.049861 -0.039451 -0.050146 -0.004103 0.027347 0.054075 -0.175701 -0.067315 -0.150919 -0.144381 -0.017787 -0.078476 -0.165602 -0.159274
-0.062728 0.002606 -0.009899 0.017988 -0.003863 0.074590 -0.173080 -0.139970 -0.077698 0.002962 0.088017 0.177165 -0.042737 -0.098731 -0.029830 0.036943 0.016747 0.055779 -0.058013 -0.132854 -0.129834 -0.083533 0.015664 0.039283 -0.182264 -0.069317 -0.116655 -0.045600 -0.024139 -0.155509 0.054675 -0.010170 0.004736 0.174452 0.246256 -0.020088 -0.142775 0.050816 0.105058 -0.012163 -0.199700 -0.029975 0.019075 0.087491 0.074525 -0.061963 -0.195566 0.066830 0.282981 0.075893 -0.057645 -0.012732 0.198518 -0.047796 0.034230 0.028184 -0.222526 -0.074911 0.012912 0.004545 -0.030838 0.026451 -0.009525 0.080747 -0.101306 0.000690 0.130388 0.007263 0.085352 -0.025816 -0.061213 0.049099 -0.053202 0.124622 0.028844 0.001674 -0.071459 -0.141696 0.099208 -0.139499 -0.057410 0.099422 0.047399 -0.028349 0.151970 -0.025817 -0.273157 -0.066636 -0.152710 0.203028 -0.000200 0.049825 0.031053 0.092384 0.106859 0.027983 0.042806 -0.067524 0.003051 0.041564
-0.220366 -0.101943 -0.093714 0.007773 0.086265 -0.047424 0.194100 0.032545 -0.038169 -0.055596 -0.044417 0.049999 -0.061724 -0.051351 0.037527 0.075483 -0.098652 -0.192750 0.055608 0.105494 0.032985 -0.002426 -0.087151 0.061665 0.043482 -0.026795 -0.111037 -0.102438 0.121055 0.012901 0.010779 0.211898 -0.101965 -0.082993 -0.046895 0.129316 0.118370 0.077090 0.176240 -0.045436 0.121347 0.094773 -0.006425 0.140562 -0.042937 0.147679 0.098370 -0.076909 -0.068782 0.087740 -0.007483 -0.004612 0.025785 0.171359 0.131957 0.119669 0.079259 0.190976 -0.029096 -0.000715 -0.011181 0.086972 0.055072 0.039131 0.103615 -0.225310 -0.095650 -0.160495 -0.003597 -0.010435 0.119605 0.086346 -0.111310 0.040373 -0.136077 0.168891 0.188482 0.102969 0.012165 -0.105005 0.063855 0.085186 -0.045740 -0.109377 -0.009716 -0.041517 0.021641 -0.157294 -0.004269 0.108964 -0.002216 0.096862 -0.021860 -0.135425 -0.164344 0.126914 -0.056383 0.039366 0.029618 -0.104353
-0.122760 0.092182 -0.041376 0.055219 0.068157 -0.002440 -0.183033 -0.088812 -0.155447 0.110375 -0.003559 -0.013299 0.014550 -0.154688 -0.026258 -0.047751 -0.034553 -0.058404 0.037240 0.089727 -0.162125 0.007970 -0.130483 0.124627 0.129535 -0.051559 0.044209 0.140876 -0.071547 -0.036128 -0.291636 0.061672 0.046683 0.025847 0.182498 -0.002850 0.131805 -0.024011 -0.078913 -0.085100 -0.297022 0.102717 -0.011212 -0.030890 0.173139 -0.076212 0.081196 -0.048309 0.058257 -0.102474 -0.047602 0.049900 0.125602 -0.102188 -0.139992 -0.123979 0.145528 0.068220 -0.009946 0.219908 0.047383 0.024760 -0.110067 -0.125489 0.068029 0.173405 0.121401 0.030269 -0.004616 -0.161987 0.122648 -0.046177 0.047075 -0.206576 -0.049242 0.073704 -0.088343 0.058601 0.048088 -0.075078 0.121019 0.002383 0.106587 -0.221817 0.030825 0.064694 -0.057290 -0.074930 -0.047551 0.092800 0.030286 0.031045 0.017228 0.028981 -0.058277 -0.110365 0.103718 0.032022 -0.047814 0.240101
0.125221 0.191724 0.189026 -0.034863 0.072717 0.094249 -0.068318 -0.039876 0.081734 0.096024 0.033285 0.031948 -0.078638 -0.097572 0.014762 -0.063010 -0.061180 0.044580 -0.199085 -0.056679 0.070527 -0.010540 0.004257 -0.037020 0.134082 -0.131070 0.022648 0.144946 -0.047765 0.002519 -0.012145 -0.123576 0.030963 -0.177690 0.062109 -0.018199 -0.093483 0.028053 -0.091770 0.011219 -0.078125 -0.100797 -0.010959 -0.084525 -0.055733 0.109339 0.199887 -0.039400 -0.072019 -0.071555 -0.024505 -0.085306 -0.087019 0.128328 0.150191 -0.090354 -0.058326 0.023424 0.011465 0.030150 -0.024991 -0.093482 0.016550 -0.044940 -0.066558 -0.009060 0.095073 0.091823 -0.045806 0.004713 -0.025245 -0.084730 0.132877 -0.098673 0.083958 -0.061763 0.091504 -0.095983 0.002422 0.075488 -0.166967 0.112126 0.046051 -0.050107 -0.067928 0.081611 0.180659 0.013026 -0.132109 -0.004964 0.067146 0.089354 -0.112759 0.060355 0.008485 0.080153 -0.159047 -0.071867 0.022104 -0.120143
0.137527 0.021290 -0.116273 -0.058396 -0.073307 0.044836 0.082666 -0.003476 0.069823 0.013638 0.216034 -0.028971 0.097200 -0.009504 0.103973 0.001355 0.047120 -0.018082 -0.033917 -0.010486 0.114527 0.231481 0.049143 -0.135891 -0.164986 -0.058183 -0.005257 -0.046733 -0.052177 -0.190253 -0.041160 0.086901 -0.090265 0.036016 0.233174 -0.153424 -0.022658 -0.100320 -0.008264 0.082594 -0.011956 -0.126787 -0.026139 -0.043020 -0.107309 0.030277 0.184296 -0.024675 0.028466 0.194085 -0.030826 -0.021179 0.013438 0.133025 -0.011911 0.111958 -0.015513 0.057299 -0.299106 -0.072599 0.073460 -0.157359 -0.135512 0.023204 -0.021325 -0.022062 -0.076944 -0.112308 0.105762 -0.016718 0.017232 0.040917 0.055177 -0.044489 -0.057456 0.085324 0.019258 -0.113950 -0.078515 0.062305 -0.061338 0.106406 -0.028374 -0.075735 0.032694 -0.049898 -0.057494 0.034874 0.143759 -0.166706 -0.034017 0.017545 -0.072620 -0.054986 -0.037219 -0.106317 -0.082984 0.125290 0.055074 0.037932
-0.102363 -0.098395 -0.051536 0.106466 0.048987 -0.111576 0.052209 -0.172108 -0.014448 0.234767 0.025407 -0.211683 0.232372 0.085684 0.090634 0.118636 0.056911 -0.146918 -0.153805 0.095415 0.036205 0.204437 0.052516 -0.054025 -0.033876 0.093253 -0.213252 -0.003294 -0.200943 -0.076081 0.195458 -0.198364 0.004405 0.067247 0.014952 0.150205 -0.033052 0.045883 0.222371 0.149088 0.105623 0.198330 0.001926 -0.060143 0.166515 -0.071114 0.049678 0.099945 -0.100999 -0.045189 -0.072734 -0.099284 0.095093 -0.067555 0.016182 0.041334 0.035834 0.076875 0.134818 -0.142325 0.189423 0.168703 -0.048145 0.022052 0.082708 -0.123502 -0.034901 0.036633 0.049932 -0.042944 -0.020171 -0.015645 -0.180903 0.027158 -0.011469 0.090146 0.022130 -0.214352 0.010873 0.006832 0.049289 0.064157 -0.042242 0.158821 0.116926 -0.039835 0.091985 -0.160101 -0.112973 -0.079170 0.044297 -0.082052 -0.092856 0.124092 0.087846 0.166144 0.263091 -0.017467 -0.205904 0.100634
0.045781 -0.019173 0.146321 -0.169532 -0.037600 -0.080985 0.038501 -0.056531 0.016677 -0.080046 0.186785 -0.101345 0.000348 0.117710 0.160730 0.182619 -0.035722 -0.028902 -0.079830 -0.032755 -0.090138 -0.004007 -0.033379 -0.106377 -0.139483 -0.010586 0.134627 0.160682 0.013357 0.053892 0.207778 -0.068465 0.132646 0.031974 -0.023442 0.140633 0.097332 0.221284 -0.066336 0.059523 0.045463 0.060192 -0.048526 0.047343 0.200495 -0.093834 0.130813 0.002023 -0.076162 -0.297811 -0.033095 -0.013686 0.068699 -0.116675 0.098825 -0.092593 -0.046517 0.057903 0.098297 -0.100617 -0.114617 0.098139 -0.072101 -0.049411 0.011095 -0.009658 -0.101061 -0.011253 0.071782 0.108821 -0.159138 -0.030845 -0.054903 -0.025228 -0.072375 -0.099266 0.058147 -0.020313 0.028709 0.080416 -0.030019 -0.046624 -0.133007 -0.119380 -0.034374 -0.031285 0.229583 0.054640 0.031657 -0.012917 -0.132709 -0.031024 0.011338 -0.028668 0.058478 0.048041 0.089451 -0.206309 -0.009361 0.145180
-0.001240 -0.101172 -0.005981 -0.069688 -0.004315 -0.161327 0.138608 -0.038375 0.091895 0.065508 -0.047268 0.145234 -0.080474 -0.056309 -0.149921 0.005145 0.177841 0.057072 0.044559 0.105917 0.022425 0.154199 -0.096860 -0.059023 0.081907 0.047480 0.112015 0.112253 0.236368 -0.045805 -0.132997 -0.024035 0.117700 -0.069896 -0.014861 -0.074319 -0.001858 -0.058749 -0.097323 0.025239 0.108511 0.112321 -0.016653 0.135484 -0.032823 0.062031 -0.170381 -0.037376 0.209497 -0.110432 0.033149 0.050300 -0.098989 -0.044529 -0.140347 -0.186064 0.241773 0.179621 0.002682 0.117157 -0.049190 0.155089 -0.120797 -0.132726 0.011926 -0.010788 -0.016760 0.052186 0.048752 -0.040704 0.010179 0.080510 -0.007591 0.101941 0.003527 -0.111448 -0.006075 0.017133 0.105789 0.153263 0.106301 -0.031927 -0.037728 -0.000326 0.004001 0.079610 0.097208 -0.109132 0.033681 0.121512 0.125982 -0.068606 -0.029769 0.034744 0.067836 0.058159 -0.061463 0.076134 0.136850 0.175978
0.081327 -0.172673 0.007203 0.018200 -0.066297 -0.103361 -0.046503 0.273557 0.027176 0.161845 0.119772 -0.197153 -0.124218 0.033494 -0.133448 -0.059950 -0.010809 0.136760 0.138769 0.070079 0.048859 -0.018634 0.071949 0.062613 -0.092461 0.081626 0.037916 -0.064328 0.044497 0.221508 0.040906 0.095293 0.094571 -0.017040 0.168816 0.007246 0.034206 -0.079760 -0.091672 -0.105948 0.093075 0.123244 0.079800 -0.029232 0.021075 0.011865 0.022875 -0.168780 0.068495 0.165855 -0.042672 -0.043324 -0.058989 -0.118093 0.153063 -0.093452 -0.073971 0.018949 -0.013257 0.014974 0.101388 -0.012814 -0.030614 -0.075767 -0.220393 0.023722 -0.145325 -0.048989 -0.090592 -0.014741 0.104292 -0.108705 0.012495 -0.137130 0.095550 -0.165036 0.047666 -0.197648 -0.210548 0.135903 -0.145672 0.029487 -0.115794 -0.118005 0.266884 0.102501 0.109706 0.272049 0.059832 -0.045870 -0.269502 0.025199 0.067368 -0.035558 0.057644 0.053598 -0.013964 -0.069529 -0.004987 0.132517
-0.043441 0.203488 -0.007505 0.099498 0.038296 0.085731 -0.049902 0.116903 0.096807 0.076481 0.102610 0.310544 -0.061103 -0.077166 0.030214 -0.078884 -0.023712 0.037331 -0.054501 0.272073 0.032238 0.062918 0.052648 0.036452 -0.045698 -0.063165 -0.073363 0.033214 -0.126307 -0.078394 -0.276701 0.060969 -0.042429 -0.080679 0.003882 -0.044624 0.044085 0.028512 0.092960 0.105202 0.027983 0.185978 -0.053053 0.038900 0.112177 -0.184532 0.040730 -0.076622 -0.077148 -0.059087 -0.011731 0.111122 0.055640 0.004354 0.240268 -0.159750 0.014277 -0.049221 0.015279 -0.120713 -0.082784 -0.233427 -0.002608 -0.042286 -0.077949 0.058673 0.112198 -0.002885 -0.062546 0.097544 -0.056024 -0.015218 -0.112794 -0.036923 0.022960 0.147236 -0.072905 -0.055892 0.013896 -0.200611 0.287145 0.002761 0.112365 0.032176 0.007340 -0.230017 0.009821 0.028588 0.016005 -0.065349 0.091644 -0.077560 -0.097634 0.007008 -0.076107 0.100980 0.021855 0.307413 -0.128101 -0.044298
0.193696 0.201080 -0.063506 -0.000497 -0.119017 -0.133221 -0.041946 0.042933 -0.015231 0.105650 -0.105594 0.057378 0.099975 -0.106793 -0.113248 0.084255 0.019529 -0.038742 0.130203 0.026428 0.130746 -0.090154 0.071703 -0.105710 0.022440 0.120521 0.012107 -0.116639 0.084517 0.060044 -0.057685 -0.058905 0.196020 -0.093134 -0.031910 -0.012455 -0.150683 -0.083665 0.000949 0.111591 0.160405 -0.104772 -0.086041 -0.133613 -0.118244 0.132580 -0.006951 0.200084 -0.065830 -0.107343 0.118843 0.131639 0.108195 0.131489 0.084533 0.026882 0.079686 -0.129469 -0.106836 -0.060304 -0.149421 0.034393 -0.096782 -0.017700 0.037140 -0.117018 0.260849 0.088377 0.127743 0.134897 0.145196 -0.092243 0.134259 0.019254 -0.099151 0.057072 0.200504 -0.079154 0.037459 0.186448 -0.101059 0.041645 -0.013667 0.014587 -0.208227 0.101966 0.087796 0.040116 0.018675 -0.016246 -0.194424 0.136448 -0.017842 -0.019488 0.012889 0.133345 0.029195 -0.008537 -0.038393 -0.224657
0.124148 -0.081969 0.102739 0.126649 0.088664 0.033518 0.010326 0.020205 0.113902 0.084796 -0.022145 -0.142237 0.016124 -0.064430 -0.010670 -0.070292 0.000436 0.006757 -0.046275 -0.101944 -0.106550 -0.055604 -0.166935 0.117098 0.052375 -0.110239 0.008895 -0.062681 -0.122387 0.034424 -0.087102 0.054955 -0.048449 0.185385 0.002689 -0.040385 -0.071819 0.004954 -0.025719 0.025200 0.244731 0.146891 0.033373 0.047653 0.126527 -0.070482 -0.053634 0.074220 -0.046787 -0.051174 -0.218818 -0.047019 0.075609 -0.072879 0.093246 0.114796 0.052750 0.002470 -0.119869 0.032579 -0.076259 0.003030 0.018167 0.084362 -0.023193 -0.225613 0.104755 -0.108097 -0.033869 -0.009014 -0.021541 0.055940 -0.034045 0.120230 0.067480 0.228026 -0.052427 0.060478 0.078647 0.064539 0.043387 0.065982 -0.070773 -0.026155 0.035340 -0.140360 -0.074761 0.017500 -0.120517 0.007107 -0.086463 -0.073045 0.141189 0.200445 0.035029 0.002375 -0.111206 -0.071621 0.069587 0.023613
-0.059975 0.018290 0.022217 0.029155 0.135479 -0.189771 -0.078532 -0.124833 -0.060514 0.052637 -0.169093 0.008234 0.031511 -0.021660 0.136569 -0.008014 0.195174 -0.004746 0.122710 -0.012632 0.008083 -0.019360 -0.077018 -0.031460 -0.118853 -0.027112 -0.189931 -0.053286 0.044974 0.049312 -0.007378 0.152986 0.051275 -0.081140 0.190175 0.052854 -0.225125 -0.047250 -0.141377 -0.047438 0.080521 0.100867 -0.096773 0.032133 0.008688 0.032229 0.044640 -0.057176 0.036159 0.013078 -0.048935 0.047791 0.211886 -0.051245 0.020340 -0.182443 -0.035794 -0.095874 0.055975 0.017058 -0.045261 -0.008808 -0.002799 0.094710 0.158248 -0.001420 0.008513 0.074183 0.101311 -0.229993 -0.174515 -0.014868 0.177385 0.095427 -0.066262 -0.027971 0.271204 0.036991 0.064935 -0.039950 -0.051255 0.105526 0.119581 0.142181 0.017080 -0.052001 0.039513 -0.001731 -0.074948 0.106294 0.045968 -0.028009 0.013655 -0.030540 -0.150970 -0.121376 -0.034704 -0.190849 0.011813 -0.118357
-0.116613 0.036184 -0.036804 0.007876 -0.102514 0.210100 -0.044457 -0.008856 -0.086212 0.020532 0.062197 -0.065879 0.058831 0.026352 0.175093 0.043548 -0.127737 -0.169804 0.210487 -0.011710 -0.100329 -0.070618 0.037525 -0.087005 -0.107934 0.010906 0.142379 0.141184 -0.076797 0.071233 -0.218745 -0.080399 0.099674 0.042774 0.002695 0.025444 -0.085560 0.231034 0.146002 0.129776 0.049825 -0.016616 -0.238647 -0.014876 -0.007116 -0.014959 0.067523 0.132141 -0.134478 0.016595 0.210017 -0.077911 0.106536 0.028318 0.068537 -0.114921 0.071765 -0.287655 0.004289 0.048463 -0.006351 0.071003 -0.004479 0.053966 0.074134 -0.011315 -0.007664 0.063196 -0.151712 -0.133818 -0.000304 0.124165 -0.026978 -0.041591 0.046691 0.141224 0.104363 0.064575 -0.079708 -0.151647 -0.012073 -0.099417 0.087790 0.118590 -0.014367 -0.083653 -0.193816 -0.046144 0.001917 0.047337 -0.068365 0.000733 -0.136244 0.030204 0.033345 -0.006740 -0.117169 -0.054279 -0.056682 -0.069756
0.171173 -0.033540 0.048611 0.169833 -0.046196 0.126604 0.079988 -0.160240 -0.155545 -0.184120 0.024481 0.033330 0.005464 0.113938 -0.138460 0.007418 -0.097941 -0.026220 -0.000156 0.020392 0.076683 0.029365 -0.097929 -0.009370 -0.132714 0.028539 0.019247 0.000278 -0.021143 0.229370 -0.089530 -0.147339 0.046933 0.086264 -0.067694 -0.232985 -0.128794 0.005560 0.021215 -0.048746 -0.118683 -0.000741 0.007713 0.048862 0.031001 0.009547 0.038047 0.011708 -0.037176 -0.019565 -0.076078 -0.016980 -0.131299 -0.124743 -0.043720 -0.002557 -0.047152 0.054198 0.015650 0.098358 0.071860 -0.060124 -0.052963 -0.095593 0.041618 0.030229 -0.187371 -0.173452 0.110358 -0.006815 0.016251 0.058593 0.112492 -0.038244 0.120835 -0.053636 0.101531 0.023245 0.115821 0.062894 -0.043415 -0.005602 0.052602 0.039860 0.162092 0.214012 -0.134309 0.044406 0.008930 -0.002416 0.086320 0.111330 -0.156725 0.028670 -0.006778 -0.012695 -0.026877 -0.000212 0.005220 0.049398
-0.129815 0.026130 0.112346 0.011397 0.155611 0.051117 0.018101 0.086240 -0.049708 -0.060498 0.152854 0.127728 -0.203015 -0.071901 0.203395 0.006899 -0.068601 -0.021818 -0.005260 0.064987 0.040039 0.077041 0.017002 -0.110950 -0.148188 0.017368 -0.142935 -0.024555 -0.079709 -0.012051 -0.035660 0.008357 -0.068686 -0.031214 -0.026773 -0.167898 -0.085117 -0.002866 0.011981 0.250274 0.136165 -0.255239 -0.034392 0.195561 0.145090 -0.164680 0.187996 0.098787 0.033843 -0.144851 0.166397 -0.074447 -0.033005 -0.032213 0.012728 0.151977 0.076378 -0.043527 0.043160 0.022709 0.105696 -0.023060 0.057506 -0.161367 -0.033267 0.024566 0.014775 -0.131569 -0.075836 -0.136960 0.044825 0.224060 0.008696 0.091811 -0.018947 -0.106130 0.008574 0.082026 -0.030316 -0.014008 -0.073347 0.050965 -0.000838 0.185338 -0.079101 0.033026 0.032306 -0.024224 0.065049 0.018270 0.003275 0.062117 0.079516 0.115188 -0.053432 0.113997 -0.079163 -0.028874 0.157216 0.100862
-0.110451 0.055073 -0.186972 -0.063249 -0.009307 0.053200 0.020076 -0.025310 0.038002 -0.000900 -0.040671 -0.095327 0.036787 -0.004881 -0.144919 0.052918 0.132447 -0.014012 0.098065 -0.148640 -0.031799 -0.098743 -0.051017 -0.067423 0.029526 -0.036982 0.166407 -0.072281 0.005675 -0.152807 -0.043853 -0.073775 0.168373 0.255656 0.070315 -0.000012 0.056907 0.004205 -0.055750 -0.092980 -0.105734 0.041060 0.007786 0.120487 0.033747 -0.013071 0.028796 0.028851 -0.047517 -0.150209 -0.053342 0.016743 0.054299 0.013092 -0.022151 -0.233543 0.095428 -0.038389 -0.004949 -0.123528 -0.096155 0.087614 -0.093467 -0.080393 -0.008725 0.041119 -0.061074 0.116968 0.054663 0.069614 -0.110786 0.070991 0.037938 -0.009995 0.061940 0.018359 0.156451 -0.178242 -0.108336 -0.103198 0.229671 0.015278 -0.023881 -0.032992 -0.088176 0.103036 -0.104736 0.046908 -0.080767 0.108610 -0.143706 0.013479 0.045669 0.092028 0.224712 0.014878 -0.167373 -0.035575 0.120216 -0.018599
-0.031736 0.101057 0.100540 -0.088774 -0.050726 0.065539 -0.168096 0.015282 0.097872 0.104348 0.079550 -0.101314 -0.021298 0.057332 0.136112 0.113259 -0.125095 0.121301 -0.119797 0.166533 -0.051044 -0.023170 -0.047988 0.164097 0.090580 0.183605 -0.073239 -0.132056 0.059341 -0.045932 0.058674 -0.109152 -0.068371 0.006951 0.034508 0.053774 -0.223873 0.041598 0.038182 -0.028696 0.095631 -0.223360 -0.119675 -0.032937 -0.148626 0.250988 0.033594 -0.012047 -0.104626 0.071877 0.157966 0.001672 -0.179191 -0.156219 0.153738 0.072732 0.025424 0.028588 -0.005753 -0.049689 -0.086834 0.013118 -0.129070 -0.035903 -0.006224 0.132231 -0.110398 -0.056633 -0.107664 0.067202 0.010532 -0.027973 -0.142703 0.013594 0.052764 -0.024501 -0.090959 0.017432 -0.065730 0.059281 0.171247 -0.017614 0.069658 -0.177507 0.132154 0.125029 -0.183612 -0.106837 -0.175533 0.095224 -0.039106 0.127246 0.040797 0.061196 0.076147 -0.121509 0.059891 -0.273694 0.036498 0.027095
0.190407 0.145283 -0.021698 0.028253 -0.054669 -0.041221 0.050302 0.129780 -0.071625 -0.137195 0.139235 -0.082201 -0.023805 0.121429 -0.088431 -0.069109 -0.114482 0.311249 -0.018057 -0.004634 -0.113785 0.038477 -0.060907 0.003374 -0.138393 0.086042 0.072474 -0.050480 -0.162159 -0.012028 0.090722 0.133904 -0.018381 0.192772 0.079320 -0.070693 -0.109220 0.048428 0.041061 -0.057901 0.037873 0.064204 0.160557 -0.005937 -0.168472 -0.043194 -0.117751 0.082261 0.172715 -0.053837 -0.019436 0.055697 -0.121297 -0.038476 -0.153986 0.009609 -0.072066 -0.030651 0.000540 -0.155015 0.011121 0.070753 -0.000775 0.073620 0.050707 -0.075156 -0.305958 -0.181235 0.017242 0.129879 0.061693 -0.063772 -0.005826 0.069317 -0.019151 0.025032 0.076446 0.014816 -0.066711 0.151264 -0.055634 0.043292 0.009788 -0.042586 0.025904 -0.077970 0.057670 -0.058475 0.087976 0.062770 -0.049408 -0.050611 -0.050538 0.006668 0.062536 -0.102705 0.052901 -0.173604 0.044683 -0.116932
0.024774 -0.101371 -0.090160 -0.036932 -0.073167 -0.137936 0.040578 0.116361 0.082080 0.108792 0.159846 0.113967 -0.144750 0.010313 0.023154 -0.076569 0.022604 -0.208067 -0.132228 -0.046682 -0.039718 -0.094079 0.151737 0.032421 0.169420 0.077554 -0.112983 -0.131282 -0.111736 -0.025510 0.079691 -0.093956 -0.091689 0.098923 0.040054 -0.127447 -0.095494 -0.102188 -0.059370 -0.073317 -0.101070 -0.103031 0.058448 -0.027172 0.009456 -0.075627 -0.216711 -0.129460 -0.137528 -0.059141 -0.069289 0.041050 0.139507 -0.138667 0.062923 0.097063 0.376734 0.087935 -0.032322 -0.217734 -0.010913 -0.022121 -0.067398 -0.197020 -0.000671 -0.190311 -0.133917 0.159879 0.009651 0.166305 -0.124146 -0.002306 0.044386 -0.160828 0.092014 0.000638 -0.118939 0.012909 0.028242 0.078393 0.073228 0.057991 -0.152673 -0.168625 -0.132079 0.053312 0.054986 -0.023249 -0.057291 0.138474 -0.027552 -0.058544 -0.024005 0.033022 0.100695 0.017827 -0.054049 -0.065400 0.021134 0.122324
-0.125890 -0.076438 0.188627 0.102699 -0.012859 0.106078 -0.177924 0.051281 0.065494 -0.093987 -0.154676 -0.155431 0.007258 0.021049 0.146481 -0.040946 -0.126813 0.011418 -0.082033 0.223170 0.075458 0.006831 -0.054315 0.022941 -0.045861 -0.108690 -0.087001 -0.000852 -0.055790 0.033657 0.148442 -0.049666 0.015765 0.037926 0.111699 -0.100082 -0.132287 0.049190 -0.037291 -0.120595 -0.007864 -0.074828 0.111432 -0.114724 0.086336 -0.001869 0.095727 -0.136084 -0.139608 0.064235 -0.138246 0.004250 -0.034051 -0.124843 0.028494 -0.079491 -0.049920 0.014735 -0.083652 -0.149639 0.090622 -0.030211 -0.006935 0.051606 0.022991 0.125530 0.104884 0.019709 -0.061191 -0.020177 -0.033829 0.085415 -0.070848 0.184932 -0.054298 0.105669 0.215933 -0.092872 0.264824 -0.010591 -0.247002 0.169235 -0.023568 -0.105455 0.089766 0.268425 0.145300 0.013754 0.016979 -0.017015 -0.109624 -0.010701 0.086204 0.067784 -0.070982 0.049309 -0.195538 0.069253 -0.140054 0.112428
-0.011511 0.064136 -0.028871 -0.069207 -0.031537 0.027157 -0.069651 0.053203 -0.146585 0.073822 0.119952 0.081857 0.054563 -0.017443 0.076807 0.042998 -0.015720 0.106809 -0.119503 0.046303 -0.048080 0.071918 0.138583 -0.024741 0.028844 0.100500 0.048056 -0.015586 0.032615 0.201539 -0.134693 -0.028541 0.005507 0.050947 -0.031522 -0.047414 0.070908 0.009502 -0.040789 -0.013992 -0.019925 0.119865 -0.143840 -0.007232 0.020183 -0.047070 0.060067 -0.001539 -0.017233 0.109409 -0.150327 -0.054062 0.029331 0.119228 0.126800 0.038194 0.003338 0.064214 -0.016611 -0.138833 0.008749 0.023197 0.109449 0.042666 -0.004229 -0.007590 -0.083874 0.116584 0.057413 0.156533 0.172343 -0.053531 -0.064749 0.069460 -0.002947 0.060958 -0.058456 0.064649 0.114299 0.027908 -0.043450 0.017615 0.001148 -0.023766 -0.077506 -0.018058 -0.027367 0.033864 0.111938 0.063754 -0.123250 -0.055304 0.159475 0.027303 0.156524 -0.089718 0.004192 -0.076902 0.091577 0.023720
0.051398 0.090183 -0.059006 -0.078378 0.162140 -0.077534 -0.078288 -0.124860 0.070046 -0.013815 0.018757 -0.052443 0.032350 -0.041585 0.137068 -0.113264 -0.009026 -0.087390 -0.029780 -0.064729 -0.157968 0.260823 -0.015279 -0.111908 -0.088735 0.253639 0.041650 -0.076115 -0.176132 0.082105 0.083275 -0.106185 -0.078541 0.027565 -0.002468 0.053670 -0.221942 0.030305 -0.062633 0.092189 0.078831 0.072233 -0.120287 0.165811 0.159337 -0.115479 0.095080 0.094688 -0.080486 0.080188 0.034665 -0.055941 0.031065 -0.180850 0.081559 -0.082699 0.004166 0.108536 -0.062817 -0.184185 -0.120594 -0.028438 -0.061190 -0.023782 -0.029759 0.089650 -0.229826 0.039875 -0.146291 -0.044496 -0.122702 0.150706 -0.000517 0.028063 -0.053441 0.191270 0.019281 0.015786 0.287606 -0.078815 -0.108533 0.199501 -0.027681 0.005447 -0.052328 0.215123 0.020230 -0.298120 -0.100122 -0.039322 0.189350 -0.006020 -0.029853 0.201014 -0.039131 -0.173500 0.011026 -0.012151 0.101471 0.002818
0.022059 0.014369 -0.069122 -0.154919 -0.115485 0.106983 0.134349 0.207686 -0.116046 -0.037282 0.071869 0.093190 0.067253 -0.140972 0.062898 0.033325 -0.037173 -0.040297 -0.084452 -0.027496 -0.039892 -0.026522 -0.081844 -0.000317 -0.005722 0.067860 0.022499 0.104401 0.000837 -0.084177 0.016022 -0.198219 -0.066156 -0.080988 -0.135890 0.070873 -0.018969 0.007660 -0.001714 -0.145209 0.081867 -0.148022 0.124577 -0.026750 0.095211 -0.016032 -0.285300 0.150149 -0.103991 0.036288 0.051977 -0.145705 0.055265 0.098428 -0.099474 -0.019134 0.054394 -0.086245 0.015443 0.104681 -0.036360 -0.067791 0.164073 -0.108676 0.027648 -0.170222 -0.010065 -0.083187 -0.083255 0.014002 -0.217466 0.195979 -0.032017 -0.122572 -0.036971 0.009740 0.110257 -0.086958 -0.331067 0.088202 -0.077759 -0.134597 0.003149 -0.084093 -0.051291 0.038636 0.047609 0.094129 -0.071511 -0.104773 -0.137947 0.042723 0.116821 -0.124145 0.049472 0.216577 0.033744 0.123502 -0.053037 0.002749
-0.187567 0.221386 0.044585 0.012292 -0.208209 -0.040868 0.184606 0.110400 0.121543 0.120990 -0.021511 0.004123 0.069448 0.034833 0.068535 0.096713 0.049975 -0.003052 0.157360 -0.068444 -0.039439 -0.037467 -0.085396 0.023457 -0.059390 0.003472 -0.005186 0.219407 -0.097703 -0.116239 0.028111 0.026904 0.028474 -0.043037 0.034705 0.113520 -0.175341 -0.178545 -0.093994 0.042457 -0.098322 -0.033478 0.168909 0.020898 0.127414 0.098480 -0.030145 0.149906 0.020402 -0.102624 -0.006877 0.183224 -0.099990 0.105422 -0.033509 0.008291 -0.066815 -0.010080 -0.132792 -0.090737 -0.102289 -0.029914 -0.074824 -0.154468 0.174331 0.067942 -0.019969 0.076950 -0.016440 -0.265063 -0.073657 -0.070579 -0.050131 0.058149 -0.258076 -0.144094 0.012266 -0.246897 0.105300 0.082916 0.076748 0.037723 -0.003156 -0.036145 0.061795 -0.251515 -0.007522 0.009116 -0.104832 -0.061562 -0.010128 0.068239 -0.072089 -0.066683 0.043346 0.253505 0.023892 0.022773 -0.102680 -0.013826
0.045066 0.015793 0.105513 0.008639 -0.063755 0.052230 -0.142260 -0.043565 -0.051643 -0.051795 -0.347564 -0.002029 -0.107195 0.086537 0.022948 0.078040 0.120190 0.091227 0.156132 0.024606 -0.001889 -0.240921 -0.028156 -0.004888 -0.000343 0.006014 0.181016 -0.066389 0.161632 0.074856 -0.049687 0.017410 0.040781 -0.133420 -0.039110 0.086808 0.161864 -0.039878 -0.088265 -0.161551 -0.104543 -0.168140 -0.062548 -0.220351 -0.035856 -0.054156 -0.023239 0.067210 0.166280 -0.119158 0.096265 -0.103706 0.051661 -0.087282 -0.080007 0.172124 0.043723 0.005200 0.236154 -0.040116 -0.061736 -0.015899 -0.031919 0.025332 -0.106674 -0.013704 0.060195 0.067116 -0.052057 -0.070545 0.030060 -0.051225 -0.030308 0.183163 -0.128671 -0.008710 -0.137863 -0.035604 0.135316 0.112098 0.025413 0.021672 -0.005733 -0.029771 0.125096 0.258695 -0.085720 -0.012467 0.127781 -0.122476 -0.049496 0.137988 0.024939 -0.021765 -0.111263 -0.013088 -0.004851 0.005224 0.055381 0.109391
0.106519 0.012101 0.072646 -0.070119 -0.092571 0.138086 -0.173494 -0.050371 -0.141996 -0.173690 -0.095092 -0.125017 0.059327 0.178126 -0.055939 -0.265442 -0.110214 -0.043997 -0.173383 0.101063 0.059822 0.043809 0.188358 -0.020606 -0.098204 0.087633 0.025594 0.153935 -0.104337 -0.017238 0.033512 0.170412 0.038505 0.006549 -0.072113 -0.138068 -0.180580 0.146734 0.022320 0.032950 -0.000150 0.031805 0.138169 0.102763 -0.073759 -0.082496 -0.082564 0.152355 0.018308 0.101038 0.101471 0.028040 0.004907 0.043228 -0.054032 -0.068777 -0.007219 -0.107845 -0.064764 0.076181 -0.046282 0.078050 -0.046278 0.002514 0.157319 0.057118 -0.072243 -0.176955 -0.002038 -0.156427 0.022605 0.094675 -0.068520 0.101740 0.061802 0.005207 -0.113686 0.008515 -0.048209 0.029226 -0.135680 -0.130773 0.128179 -0.164802 0.022261 0.015828 0.007800 -0.036797 0.086004 0.000278 -0.142031 -0.046404 -0.115725 0.098144 -0.221266 -0.009812 0.119108 0.132616 -0.024736 -0.031019
-0.046803 -0.039687 -0.041000 0.018193 0.092841 -0.100541 0.030236 -0.163363 -0.069075 -0.098784 0.004141 -0.083407 0.046106 -0.123040 0.008305 0.021619 0.173795 -0.124444 0.027680 0.228009 -0.097218 0.039168 -0.007592 0.011085 -0.161520 -0.020358 0.073468 -0.047424 -0.026105 -0.027773 0.017530 -0.061894 0.027105 0.152722 0.033896 -0.086830 -0.048411 -0.001929 0.019359 0.083792 -0.061470 -0.050261 0.075634 -0.057469 -0.011502 -0.015899 -0.098933 -0.010844 -0.100420 0.195432 0.020849 0.034379 -0.165964 0.066804 -0.130476 -0.065064 0.107617 -0.056654 0.014593 0.100077 0.077073 -0.176056 -0.028590 0.022521 0.037712 0.015163 -0.197523 -0.076439 -0.056050 -0.122944 0.015585 -0.106702 0.205658 -0.192734 -0.121992 0.068777 -0.136388 0.028307 -0.024102 0.078536 -0.078469 0.048270 -0.200272 -0.109571 0.047788 -0.110724 0.086607 0.033302 -0.085118 -0.061908 -0.020430 -0.020744 -0.007195 0.103002 0.069962 -0.118735 -0.012325 0.098092 -0.070583 0.036960
0.053927 0.112392 -0.170625 -0.138341 0.056815 -0.089126 0.175762 -0.225254 -0.145369 0.122695 0.164038 -0.039003 0.069635 -0.168989 -0.023277 -0.004509 -0.135507 0.125446 0.076649 -0.125532 0.152807 0.034018 0.141746 -0.070381 -0.166811 -0.143367 0.037101 0.049459 0.189528 -0.018502 0.014460 0.103070 -0.022738 0.195366 -0.104574 0.074096 0.030337 0.021195 0.014196 0.028072 -0.008703 0.072300 0.067780 0.046149 0.139908 -0.045681 0.063835 -0.020736 -0.046498 -0.003261 0.033022 -0.050614 -0.083006 -0.073712 -0.042096 0.137370 -0.097670 0.034517 0.010260 -0.021907 -0.021085 0.041807 0.021837 0.005189 0.036903 0.001073 0.145001 -0.113963 0.061238 -0.053754 0.104350 0.050175 -0.030134 0.014046 -0.028570 0.243290 -0.070803 0.023590 -0.103778 -0.061960 -0.009808 -0.175754 -0.006867 0.040010 0.051912 0.102254 0.029376 -0.094619 0.099036 0.179823 -0.110346 -0.030381 0.108635 0.216294 -0.071056 0.042633 -0.094767 -0.020385 0.081358 -0.076897
0.140232 -0.003745 0.128379 0.148368 -0.142500 0.156292 0.045318 -0.046924 -0.012987 0.012766 0.135050 -0.148466 0.172686 -0.069094 0.194065 -0.049414 0.007128 -0.089407 0.255397 -0.119278 0.040840 0.049686 0.012910 0.071250 0.012981 -0.010129 0.034823 -0.102495 0.030061 0.088537 0.079924 0.022171 -0.031236 0.095809 0.020004 0.097583 0.128601 -0.173880 0.048813 -0.078048 -0.134665 0.033450 -0.146245 -0.024918 0.059135 -0.179931 0.051478 0.006921 -0.187247 -0.007139 0.153234 -0.089166 0.030901 0.152695 -0.070070 0.045930 0.116039 0.011645 -0.176475 0.104781 0.044496 -0.032801 0.044624 -0.054445 -0.010433 0.007808 -0.185260 0.109255 0.045413 0.022734 -0.078868 0.077440 -0.163138 -0.104135 -0.005443 0.134870 0.208488 -0.090275 -0.173230 -0.151859 0.084717 -0.033506 -0.085022 0.013514 -0.008452 0.064525 0.023894 0.045229 -0.051374 0.151297 0.029467 -0.075593 0.060442 0.063464 -0.018143 0.018179 -0.075816 -0.123916 0.041841 -0.010772
-0.061311 0.157091 -0.018074 -0.056970 -0.057960 -0.003320 -0.116463 -0.100600 -0.028329 0.018597 0.023731 0.036917 -0.057481 0.090589 0.121294 0.002741 -0.078151 0.063598 0.147546 -0.118578 -0.054988 0.042207 -0.031950 0.064740 -0.184893 0.001795 0.008811 0.022265 0.031439 -0.159919 0.092547 -0.012666 -0.092153 0.074925 0.019788 0.032756 0.011571 0.002169 -0.171556 -0.055022 -0.029892 0.046352 -0.019490 0.034984 -0.021439 -0.073809 -0.052383 0.164862 -0.072643 0.121381 0.119129 -0.052830 0.024531 0.075194 0.006609 -0.020773 0.051636 -0.178675 -0.038994 -0.016410 0.087697 0.228578 0.156129 0.058060 0.035817 -0.056276 0.068041 0.130146 -0.015884 -0.108958 0.093427 -0.054893 0.025660 -0.020409 -0.120373 0.177163 0.045536 -0.041478 0.017071 0.029972 -0.001976 0.003399 0.082065 -0.058615 -0.077856 0.116175 -0.157036 -0.003209 0.057401 -0.110147 0.136446 0.153563 0.082758 -0.031758 0.054834 0.247086 0.001419 -0.065390 -0.009553 0.034398
-0.053852 -0.030546 -0.023854 0.146979 -0.048722 0.013767 0.135560 -0.069555 0.102970 0.002682 0.033460 -0.010422 0.068280 0.025817 0.123050 -0.099506 0.075702 -0.076760 -0.063164 -0.147431 -0.035759 -0.031315 0.022564 -0.039556 0.049057 -0.040769 0.045903 -0.054685 0.104953 -0.161042 0.087746 -0.077577 0.051751 -0.089913 -0.276370 0.131462 -0.061281 -0.006232 0.003751 -0.149311 -0.002900 -0.090278 0.045227 0.179927 0.035957 -0.070227 0.086795 0.018106 0.055163 0.067582 -0.163405 0.052671 0.070288 -0.069141 -0.146144 -0.013995 0.010718 0.098620 -0.105233 0.110507 0.070961 0.085955 -0.010218 0.071917 -0.030329 0.178455 0.039517 0.007547 -0.031635 -0.045019 0.074499 -0.019552 0.115002 -0.018364 0.165108 -0.081297 -0.075094 0.135824 0.035985 0.066098 0.030810 -0.162392 -0.029271 -0.069900 0.007258 -0.099687 -0.130169 -0.086862 0.024337 -0.015113 -0.042083 -0.124137 -0.108268 -0.056908 -0.198754 -0.138354 0.025682 0.092980 -0.047060 -0.076788
0.019873 0.020204 -0.037088 -0.002483 -0.128407 0.051928 -0.185237 -0.062513 0.052420 -0.056259 -0.171970 0.090076 0.001528 0.073199 0.018839 0.050570 0.040160 -0.197712 -0.138431 -0.003552 -0.057323 -0.108536 0.141416 -0.010146 0.007541 0.008527 0.003165 0.159112 0.093114 -0.047577 -0.001074 -0.055725 -0.135602 -0.059410 -0.278272 -0.068488 0.074049 0.125373 0.049451 0.161488 -0.126417 -0.050991 0.088358 -0.083447 0.088526 -0.108304 -0.010832 0.013383 0.222992 0.027128 -0.032926 0.089876 -0.000011 -0.234112 -0.021014 -0.009045 -0.014534 -0.158550 0.114740 0.079112 -0.076194 0.090372 0.010001 -0.017664 -0.055414 -0.040944 -0.005928 0.138828 0.032716 -0.044662 -0.070134 0.106221 0.057037 -0.023137 0.070062 0.018033 0.071165 0.055849 -0.067291 0.122010 0.067082 -0.277604 -0.080414 0.037830 -0.005545 -0.221638 -0.139458 0.043669 0.146216 0.136959 0.034884 -0.132972 0.143293 -0.022329 0.049696 -0.056826 -0.002593 0.152398 0.048320 0.091145
0.105735 -0.028614 -0.038784 0.143298 0.042093 -0.073950 0.099487 -0.035797 0.070154 0.091064 0.061798 0.116116 0.160637 0.000824 -0.080780 -0.190420 0.009414 -0.172175 0.114828 -0.021414 -0.088373 -0.148558 0.102375 0.174109 0.130876 0.122610 -0.076378 -0.007482 0.238559 0.054212 0.087564 -0.002893 0.114731 -0.014871 -0.000142 0.114717 0.133394 -0.012423 0.102371 -0.051503 -0.051049 -0.037497 0.124070 0.010592 -0.040205 -0.044825 -0.030303 -0.105631 0.043494 -0.006173 0.066803 0.009299 0.031889 -0.108059 -0.049897 -0.003681 -0.109643 0.127020 0.204455 0.005471 0.087719 -0.051386 0.018694 0.110777 -0.055716 0.037360 0.016770 -0.093158 0.060205 0.106667 -0.000472 -0.130012 0.243254 -0.064952 -0.099302 -0.029341 0.018021 -0.073589 0.097818 -0.108289 0.080511 -0.026070 0.093656 -0.020730 0.078456 0.054689 -0.123266 0.164062 -0.036556 0.176075 -0.047574 0.036886 -0.085977 -0.000138 0.010405 -0.024775 0.087273 -0.026407 0.063361 -0.003068
-0.109952 0.059919 -0.092635 -0.106302 0.154189 -0.076752 -0.171478 -0.072513 0.154738 -0.086676 -0.081735 -0.094582 -0.145551 0.104301 0.108350 0.085770 -0.009208 -0.011933 -0.084431 0.002777 -0.063515 -0.055771 0.044724 -0.024298 -0.183106 0.100372 0.103284 -0.074889 0.140550 0.042723 -0.119009 -0.059482 -0.114235 -0.022593 0.108595 0.047656 0.031663 0.119760 -0.072589 0.010475 0.060811 0.022092 -0.066455 0.078934 -0.078306 0.026869 0.211718 -0.019316 0.183036 -0.050015 -0.075454 0.075248 -0.008370 0.094433 0.024982 -0.041739 -0.112504 0.093424 -0.104892 -0.094462 0.080192 0.065900 0.048645 0.102861 -0.127920 0.041740 0.082458 0.011078 0.025414 -0.008164 -0.114394 0.004836 0.027958 0.123750 0.014076 0.055843 0.102166 -0.026256 0.015804 -0.119063 -0.260746 0.100218 -0.027593 -0.064671 0.027513 0.056367 0.119727 -0.020349 -0.037297 0.080684 -0.004405 0.055598 -0.028174 0.044313 -0.072168 0.155345 0.080090 0.039442 -0.023039 -0.103338
-0.056369 0.036676 -0.021869 0.223733 -0.058855 -0.063732 0.156503 -0.094034 -0.121916 -0.055816 0.118251 0.105408 0.050445 0.028454 -0.059044 0.031534 0.036151 0.022288 0.080387 0.075335 0.065590 0.046814 0.044812 0.030518 -0.137542 0.094156 -0.037531 0.087473 -0.027056 0.087038 0.046632 0.002769 0.085561 0.027110 -0.007218 -0.149705 0.077430 -0.023167 0.123774 0.179024 0.127980 0.103809 -0.012422 0.199869 0.080080 0.246474 0.005353 0.095812 0.053974 -0.118069 -0.089100 0.025922 0.020346 -0.131419 0.155017 0.025579 -0.019342 0.053668 -0.085795 0.002616 -0.051504 0.216028 -0.055228 0.130276 -0.102753 0.100936 -0.063615 -0.223763 0.055451 -0.097873 -0.223248 0.050767 -0.131653 0.043941 0.087708 0.047144 0.033862 -0.151460 0.089164 0.066374 -0.046663 -0.074777 -0.028740 0.204104 -0.022129 -0.078988 -0.035102 0.104237 0.220441 0.092237 -0.084731 0.022848 -0.083238 0.024491 0.103816 -0.010458 -0.024498 -0.085788 -0.099408 0.242685
0.147251 -0.254519 0.054974 -0.173310 -0.001164 0.065867 -0.105671 0.096951 0.011762 0.101426 0.135036 0.060332 0.004223 -0.081687 0.171492 -0.060577 -0.109884 0.093309 0.044044 0.039442 -0.036958 0.069823 -0.057611 -0.007848 -0.013705 0.017525 0.076041 -0.137212 -0.062748 0.137336 -0.030261 -0.054394 -0.139718 0.095136 0.163199 0.093210 0.084681 0.142884 0.114765 -0.244795 -0.069747 -0.079264 0.073438 0.066830 -0.120431 0.130850 -0.010772 0.271990 -0.005625 0.154492 0.112928 -0.005880 0.241163 -0.044525 -0.015540 -0.087177 -0.005359 -0.057939 0.091962 0.082073 0.004500 -0.120694 0.066605 -0.022372 0.017723 0.032745 0.015172 0.078639 0.075975 -0.055388 -0.069770 0.021487 -0.015412 0.044268 -0.068357 0.119477 -0.069436 -0.062105 0.098223 0.012341 0.067521 0.129967 0.127636 -0.004318 -0.073104 0.018939 0.081648 0.123493 -0.059694 0.010408 0.035697 -0.083034 0.084316 0.001009 0.032620 0.178267 0.056802 0.153454 -0.017859 -0.088155
-0.082295 -0.083880 -0.090897 0.030247 0.065230 -0.105492 0.028923 -0.004001 -0.028383 0.108220 0.115491 -0.042879 0.115806 0.033915 -0.063249 -0.005884 0.057148 0.010953 0.083161 -0.119437 -0.024517 0.090457 0.066311 -0.120600 0.067715 0.264027 0.105631 -0.061242 -0.000977 0.111008 -0.102398 -0.182433 -0.060894 -0.197815 -0.056276 0.014948 -0.098832 -0.118123 -0.042693 -0.007707 -0.017108 -0.012849 -0.139725 -0.066292 0.073108 -0.028257 0.165936 0.022541 0.045802 0.043481 0.145260 0.009428 0.194137 0.049736 0.105514 0.199465 0.062257 0.070708 -0.006480 -0.096289 0.058466 0.102807 0.017214 -0.139479 0.020927 -0.065789 0.092030 -0.025906 -0.014734 0.218449 0.096756 0.096308 0.022905 0.123923 -0.131034 -0.099577 0.091779 -0.035031 0.041253 -0.146779 -0.063537 -0.131480 -0.103079 -0.012241 0.065863 0.146664 0.058821 -0.084161 0.115557 0.104979 -0.038913 0.053156 -0.030124 -0.023879 -0.081820 0.198832 -0.015455 -0.093214 -0.015916 -0.084769
0.046549 0.062169 0.051524 -0.113836 0.119599 -0.001911 0.067877 -0.024697 0.031539 0.067759 -0.062984 0.095201 0.046561 0.083939 0.073567 0.184747 -0.007422 0.022864 0.145228 0.107893 0.038957 0.179247 0.033593 0.057516 0.057315 0.015106 -0.115642 0.108329 -0.025515 -0.029720 0.082136 -0.192058 0.123411 -0.171792 0.009047 -0.091272 0.142831 -0.048943 -0.018340 0.041132 -0.004383 0.037743 0.024181 -0.022158 -0.044767 -0.059810 -0.004223 -0.177448 -0.075491 0.207179 -0.001261 0.041067 -0.090571 0.109792 0.117404 0.030729 0.030232 -0.018092 -0.014623 -0.033511 0.114298 0.047982 0.111279 0.198062 0.076332 -0.116537 0.049655 -0.016671 0.107280 0.077668 -0.136213 0.070961 0.077790 -0.037075 -0.039790 -0.112016 -0.106898 0.103779 -0.036311 -0.029861 -0.002722 0.048740 0.028752 -0.094207 0.003225 -0.025844 -0.116034 0.052630 0.051352 -0.193570 -0.037400 -0.057633 0.006255 -0.021556 0.010361 0.150189 0.126082 -0.033582 -0.046229 -0.120022
0.105799 0.172133 0.071535 0.076413 0.055546 0.075010 0.057481 -0.116264 -0.015949 -0.051128 -0.015311 -0.037543 -0.054528 -0.170458 0.016311 -0.013827 -0.111397 0.091109 -0.065257 0.039923 -0.103738 -0.142934 0.020316 -0.042811 -0.001471 0.070840 0.044919 -0.069958 -0.071462 -0.088750 0.037184 -0.077859 -0.007701 0.046522 0.065465 -0.066823 -0.147665 0.045169 0.055950 0.085631 -0.060189 0.057162 0.127588 0.173503 0.179123 -0.154866 0.008948 0.027874 -0.076001 -0.036179 -0.020627 0.056783 0.068635 0.079683 -0.120648 0.073368 -0.040987 0.088585 0.170165 0.044651 0.140744 -0.218009 0.005097 0.057195 0.084894 -0.037042 -0.092314 0.054804 0.125127 -0.019341 0.101455 -0.134103 0.257759 -0.124190 -0.047500 0.121591 -0.043767 0.134325 -0.024011 0.021613 0.166043 -0.005325 -0.093838 -0.017412 0.092084 -0.187724 -0.115408 0.168393 0.079878 -0.078560 -0.007261 0.061721 0.078123 0.184411 0.006223 0.045002 -0.073868 0.105338 0.138742 -0.017989
-0.115023 0.165588 -0.106503 0.067699 -0.263947 -0.008080 0.077550 -0.136921 -0.066113 0.022150 0.078245 -0.066750 0.116902 0.130175 0.066346 -0.027849 0.283662 -0.207740 0.013126 -0.111353 0.123879 -0.125856 0.127379 0.035969 -0.029514 0.169434 -0.123143 0.024621 0.041199 -0.133491 0.040670 0.192452 -0.006219 -0.144869 -0.026500 0.085686 0.110673 0.091145 0.054757 -0.163459 0.092650 -0.055083 -0.068331 -0.031760 -0.082234 -0.158472 0.115352 0.010660 -0.013643 -0.041320 -0.199409 -0.135571 -0.143385 0.004668 0.013392 0.030301 0.019815 0.056651 -0.087561 -0.088903 0.168522 0.055473 0.102837 -0.054191 0.016583 -0.047389 -0.020825 0.147647 0.020452 -0.004530 0.047023 0.143565 -0.012157 -0.092790 0.089417 -0.025046 0.091907 -0.038458 -0.031873 -0.009621 0.126035 0.142950 0.110243 0.009588 0.120215 0.024156 0.165039 0.035749 -0.169197 0.046486 -0.004927 -0.256081 0.029714 -0.134875 -0.002549 0.010076 -0.142349 -0.152940 -0.047216 0.118904
-0.163841 -0.056411 -0.181339 0.092957 0.016810 -0.042337 0.122329 0.135105 0.144042 -0.001420 0.107404 -0.097522 0.003530 -0.088139 -0.244572 0.046967 0.079164 -0.144621 0.046631 -0.034870 -0.010186 -0.099558 -0.006645 0.009107 -0.115446 0.120195 0.103022 -0.053123 -0.074198 -0.035061 0.141146 0.076186 -0.004095 -0.054835 0.074355 -0.122669 -0.010943 0.092172 0.124006 0.001290 -0.009481 -0.131339 0.034782 0.049783 0.065124 0.049066 -0.141844 0.007591 -0.189720 0.003521 0.091314 0.043961 0.047075 0.091211 -0.066685 -0.086357 -0.012923 -0.154047 0.058014 -0.093955 -0.005166 0.153701 0.209709 -0.204592 -0.103354 0.141492 0.027931 0.003529 0.035635 0.099550 -0.137137 -0.028630 0.007404 0.001759 -0.019419 0.020371 -0.088979 -0.149451 -0.063894 0.135260 -0.021038 0.037085 0.012034 0.013289 0.032208 0.033362 -0.102646 0.221191 -0.105205 0.043851 -0.110069 -0.103870 0.176313 -0.089994 -0.077642 0.022393 0.077858 -0.167553 0.085052 0.047919
0.290621 -0.050373 -0.080646 -0.010935 0.005764 -0.002480 -0.012280 -0.059556 -0.018850 -0.087133 0.155985 -0.074890 0.129211 -0.009270 -0.014663 0.059748 0.066396 -0.138704 -0.032238 -0.028782 0.063225 -0.127652 -0.014404 -0.004554 -0.045858 -0.169738 -0.016890 -0.016014 -0.040861 0.120948 -0.129920 -0.222939 -0.295426 -0.016805 0.073644 -0.048032 0.101593 0.110159 0.027660 -0.009584 -0.159884 -0.149155 -0.097164 0.139420 -0.009310 -0.033729 0.106472 -0.169711 0.159146 0.123334 0.049481 0.017795 -0.190510 -0.261582 -0.086900 0.068519 -0.078970 -0.074890 0.044529 -0.052934 0.053040 -0.075884 -0.040535 -0.092437 -0.082242 0.063116 0.038955 0.052064 0.174204 0.249301 -0.114619 -0.092543 -0.013762 0.009442 0.087874 -0.003350 -0.093002 -0.011252 0.057447 -0.087427 0.125252 -0.052334 -0.030571 0.022701 0.054852 0.162581 0.096113 0.033931 -0.178505 -0.131732 -0.009516 0.100606 -0.003487 -0.015428 -0.038327 0.088420 0.037734 -0.126756 0.074973 0.074024
-0.243304 -0.040596 0.057110 -0.045350 0.035942 0.109749 0.025927 0.134413 0.129132 0.034335 -0.133910 -0.002999 0.051817 0.055433 -0.147566 0.010392 0.046409 -0.009563 0.139039 0.091546 -0.020204 -0.119624 -0.101842 -0.237394 0.014456 -0.173672 0.073066 0.001688 0.016522 -0.086514 0.191838 0.060590 -0.039999 0.049228 -0.284210 -0.180747 0.030050 -0.056455 0.055700 -0.000397 -0.055133 0.159622 -0.146346 0.108023 -0.072791 -0.176807 0.060354 -0.093684 -0.030603 -0.007656 0.137399 0.161739 -0.018050 -0.126664 -0.038833 -0.003240 -0.080845 0.103842 -0.151531 0.223002 -0.060813 0.004647 0.141586 0.053580 -0.066476 0.107891 -0.091735 -0.042001 -0.164848 0.171256 -0.060536 -0.013923 0.050185 0.089251 -0.109195 -0.086120 -0.023341 -0.030749 0.114139 0.006734 -0.022306 -0.165305 -0.151703 -0.073400 0.146838 -0.024515 -0.049292 -0.123045 0.056940 0.032506 -0.072409 -0.055313 0.087283 0.041236 -0.092360 -0.061248 -0.003942 -0.057684 0.060586 0.114806
0.127998 0.174601 0.065301 -0.035640 -0.084577 -0.281437 -0.002784 -0.140328 0.062723 -0.188943 -0.015642 -0.033047 0.152845 0.032083 -0.162315 -0.124372 -0.044661 -0.063157 0.080739 -0.068411 -0.031990 0.062310 0.067543 -0.111916 0.022908 0.071394 0.207417 0.005898 0.101691 0.012990 0.047550 0.058186 -0.153632 -0.008270 -0.105195 0.023014 0.102831 -0.046598 0.078138 -0.102452 0.100186 -0.082099 -0.155432 0.104640 0.049688 0.113589 -0.071500 0.049558 0.018710 0.048752 -0.157616 0.049940 -0.131917 -0.170397 -0.037462 0.049812 -0.190604 -0.095009 -0.036514 -0.045050 -0.189266 -0.129070 -0.133249 0.144606 0.231603 -0.136134 -0.067336 -0.021183 -0.195201 -0.140445 0.025588 -0.063208 0.127087 0.013824 -0.055016 0.042420 0.084362 0.021336 0.056519 0.065380 0.075272 0.119866 -0.103489 -0.069424 -0.042927 0.008993 -0.000156 0.009914 0.000442 -0.014364 -0.079298 -0.061842 -0.090039 0.124783 0.035841 -0.043763 -0.264500 0.136453 0.086077 -0.092652
0.002231 -0.013256 -0.116773 0.021345 -0.035722 0.060888 0.060478 -0.111899 -0.123249 -0.001818 0.011697 -0.189785 -0.163141 -0.270655 -0.008729 0.036836 -0.246172 -0.143768 -0.136649 -0.145994 0.178123 0.105528 -0.024257 0.135401 0.026097 -0.000208 0.080019 0.016139 0.013758 0.220463 0.038338 0.016306 -0.132568 -0.112164 0.056042 -0.058168 -0.098224 0.136272 -0.150165 0.002508 -0.094654 0.106364 -0.085802 -0.125133 -0.016232 -0.025721 0.069408 0.070968 -0.104987 -0.110765 0.098522 -0.066216 -0.115421 -0.109780 0.055381 0.066253 -0.045256 -0.044140 0.033631 -0.059009 -0.066694 -0.017278 -0.002033 -0.051726 0.055016 0.106548 -0.022311 -0.219546 0.034536 -0.087975 -0.005928 0.076667 -0.041189 -0.074204 -0.003414 0.100696 -0.034153 -0.025459 0.037436 0.225451 0.122499 0.000815 -0.066632 0.124349 0.048576 0.222681 0.104953 -0.039245 -0.074665 -0.042667 0.100116 -0.013671 -0.121667 -0.046804 0.154971 -0.061637 -0.063223 -0.058183 0.195588 -0.072616
-0.150871 -0.112295 0.058512 -0.050916 0.064466 0.069658 -0.259791 -0.112150 -0.183898 -0.107050 -0.107669 0.142810 -0.060777 0.139213 0.001950 0.049585 0.094132 0.050103 -0.056964 0.047676 -0.044055 -0.031350 -0.099693 0.014742 0.042541 -0.073200 0.056848 0.038839 0.005166 -0.069717 -0.037897 0.047893 -0.028951 -0.132584 0.067029 -0.064855 0.038542 0.076520 -0.010159 -0.084650 0.232669 -0.104003 0.035415 0.018449 0.159979 0.061282 0.106902 0.012273 0.186373 0.003617 -0.144567 0.185834 -0.107085 -0.218221 0.056839 0.039762 0.076028 0.121094 -0.186753 -0.061879 0.053528 -0.006285 -0.013089 -0.214052 -0.028877 -0.195402 0.078300 -0.111173 0.045496 -0.038743 0.111941 0.180748 0.055895 0.119259 0.099967 0.066508 -0.090609 0.070905 -0.158050 -0.001443 -0.076220 0.053570 -0.099084 -0.172232 -0.060260 -0.081257 -0.194200 -0.080685 -0.093057 -0.007830 0.142948 0.120390 0.121043 0.086500 0.165054 0.067516 -0.043293 0.137342 -0.099790 -0.000236
0.152383 -0.114007 -0.267079 0.097606 -0.045802 -0.078170 -0.003535 0.047426 -0.036566 -0.078092 -0.095318 0.108670 0.032151 0.199982 -0.023692 0.032722 -0.008909 0.049803 0.033249 -0.076634 0.153126 0.148125 -0.131411 -0.086015 -0.021538 -0.067019 0.082874 0.040375 -0.094707 -0.007540 0.045334 -0.193359 -0.125636 -0.223068 0.077265 0.048572 -0.032966 0.097147 -0.108334 -0.117137 0.170303 -0.048896 -0.049108 -0.079220 0.001334 -0.092545 -0.072544 0.121947 -0.063549 0.075902 0.095452 0.016143 0.004149 -0.049818 0.173736 -0.056152 -0.082119 -0.201044 0.020600 0.171670 0.045833 -0.091788 -0.014385 0.011796 -0.032256 0.075360 -0.009845 0.194664 -0.110586 0.054817 0.017991 -0.033392 0.098026 0.274125 0.105864 -0.093583 0.053406 0.102567 0.020287 -0.010608 -0.061180 0.145294 0.012005 0.012358 -0.024008 -0.179083 -0.008614 -0.026730 0.074639 -0.034574 -0.173627 0.066048 -0.051929 -0.087786 -0.047360 -0.053672 -0.126725 -0.082832 0.113412 0.043137
-0.077648 0.065528 0.027116 0.007858 -0.095197 0.334607 -0.154027 0.041275 -0.182723 -0.165728 -0.029486 -0.063290 -0.162287 0.090158 0.092783 -0.052529 -0.141307 -0.081036 0.030506 0.028028 0.061063 -0.088278 -0.087087 0.110652 -0.026534 -0.034124 0.043942 -0.040868 0.015955 0.012409 -0.080183 -0.063791 0.099374 0.062101 -0.004677 -0.053083 0.154165 -0.081445 0.002343 -0.005366 0.031961 0.064895 0.166953 0.031701 0.102997 0.075171 0.051545 -0.046493 0.220807 -0.205979 -0.103352 0.042035 0.072553 0.082178 0.102460 0.018657 0.192068 0.112983 0.015026 -0.005107 0.071431 0.100854 -0.109125 0.058096 0.118375 0.019700 0.187647 0.104115 -0.024316 -0.162775 0.190452 0.082655 -0.033962 -0.063984 0.034293 -0.034483 -0.000385 0.022970 -0.056342 -0.041020 0.025384 0.037731 0.020170 0.048481 -0.087197 0.125954 -0.028069 0.046329 0.058808 0.086685 -0.033054 -0.003569 0.037891 0.134689 -0.041003 -0.040410 -0.079885 -0.076929 -0.135394 0.032844
0.002095 0.129537 0.132110 -0.009597 0.020852 -0.002783 0.065115 0.030199 -0.087172 -0.058079 -0.081807 -0.065416 -0.225391 0.045843 -0.012086 0.093304 0.043059 0.046278 -0.016979 0.037436 -0.186003 -0.065028 0.015932 -0.003192 -0.184064 -0.014104 0.031187 0.048699 0.096320 0.017743 0.270833 0.064262 0.175113 0.177177 -0.140439 0.004460 0.035888 0.088190 0.083278 0.011434 -0.005315 0.003373 0.059594 -0.176569 0.142581 -0.048655 0.025485 0.033304 -0.039371 0.041561 -0.111002 -0.037068 0.118856 -0.055807 -0.032606 0.347698 0.114415 0.063544 -0.043816 0.045778 -0.014263 -0.111578 0.076722 0.100580 0.048547 -0.018616 -0.088279 -0.025142 0.054925 -0.121228 -0.086140 -0.037161 0.072239 0.003772 -0.075932 -0.080070 0.030731 0.102670 -0.111147 0.003105 -0.023125 -0.131095 0.176491 0.038749 0.166734 0.110048 -0.124755 0.129789 -0.036904 0.026755 0.085719 0.053138 -0.002581 -0.153084 -0.003808 0.204479 0.041579 0.069692 0.149210 0.200333
0.053563 -0.019394 -0.104837 0.168189 -0.302033 -0.001202 0.114777 0.009992 -0.040643 0.074072 -0.008879 0.100388 0.046802 0.097544 -0.026438 -0.100809 0.137666 0.179305 -0.138121 -0.125226 0.168337 0.008624 0.071524 0.164109 -0.065058 0.121196 0.019204 0.083307 0.066344 0.088366 -0.131242 -0.007303 0.070622 0.090238 0.015641 0.109242 -0.018965 0.029442 -0.108352 0.005703 0.007098 -0.019454 -0.164420 -0.046195 -0.017961 0.138678 -0.166141 -0.103047 0.195157 0.177473 0.040930 -0.027738 -0.085207 0.195277 -0.025953 -0.027633 -0.167559 -0.060127 -0.074531 0.007511 0.026282 -0.112525 -0.068470 -0.077682 0.135630 0.129207 0.057998 -0.077608 -0.180073 0.028023 0.025242 0.035497 0.052378 0.074116 0.120450 0.034788 0.127821 -0.128742 -0.060155 -0.046571 -0.192103 0.056502 0.033968 0.003634 -0.004010 -0.049088 0.098434 -0.075250 0.094301 0.027581 0.124254 -0.150535 -0.096802 -0.043606 -0.006937 0.082847 -0.031466 -0.004329 0.049975 -0.115994
-0.117119 0.029820 0.215044 0.140074 -0.210546 0.053015 0.071194 0.018407 -0.222061 0.129607 -0.053709 0.135914 -0.048940 0.132264 0.191222 -0.125055 0.024941 -0.058635 -0.060674 0.038504 0.060500 0.121856 -0.074750 0.022643 0.008970 -0.125421 -0.019978 0.017727 0.007862 0.090765 0.000330 -0.090444 -0.101422 -0.021716 0.067664 0.123446 -0.107802 -0.082884 0.007038 0.046357 0.202379 -0.042518 0.012428 -0.310857 -0.033750 0.098731 -0.124119 0.095300 -0.114136 -0.044174 -0.096892 -0.080779 0.213522 0.119932 0.094158 0.075979 -0.008081 -0.064989 -0.087541 -0.026653 -0.086046 -0.004303 -0.092079 -0.061459 -0.029010 -0.148874 0.004154 -0.007354 -0.131888 -0.009038 0.094640 -0.064705 0.135501 -0.020390 -0.139434 0.092833 0.044902 0.057098 0.098450 -0.010713 0.082305 -0.012716 0.021947 0.004912 0.002815 0.019383 -0.009144 -0.041063 -0.109087 -0.000768 -0.008887 0.046726 -0.017362 -0.038286 0.029395 -0.026183 -0.007784 -0.088900 0.066343 -0.148772
-0.093614 0.026357 -0.198040 0.031655 0.056722 -0.186121 0.004796 -0.232234 -0.094076 0.026191 -0.020619 0.039144 0.113960 -0.077193 0.039576 -0.001114 -0.028674 -0.049497 -0.031627 0.075245 0.067001 -0.120225 -0.101000 -0.002443 -0.024660 -0.021482 0.164251 -0.029507 0.021270 -0.011224 -0.108129 0.174380 0.005502 -0.142884 0.087648 0.044173 0.046382 0.022981 0.054946 -0.041642 0.052775 0.011246 -0.102278 -0.082691 0.064000 -0.078037 -0.022224 -0.044580 0.089848 -0.100323 -0.028860 -0.080201 -0.072447 -0.018806 0.005083 -0.065681 -0.071187 0.113391 0.104422 0.138129 -0.041936 0.093245 -0.083705 0.121734 0.001717 0.034234 0.099999 0.039700 0.008809 0.062949 0.071717 -0.009568 0.080355 -0.026726 -0.164880 -0.051791 -0.062172 0.020840 0.207636 -0.114792 0.116003 -0.234007 -0.017405 -0.086901 0.110931 -0.058259 -0.087583 -0.201373 0.006598 0.121955 -0.142349 -0.029745 -0.083872 -0.162700 -0.041025 -0.031882 0.274714 -0.066770 0.094970 0.017626
-0.190648 0.051081 -0.012673 -0.022743 -0.068702 0.010199 -0.001984 0.041681 -0.122303 0.167560 -0.032744 -0.094992 0.105774 0.074530 0.075738 -0.095615 -0.105884 0.181562 -0.109507 -0.099632 0.189405 -0.011151 -0.148703 -0.106288 0.068615 -0.089257 0.076508 -0.029946 0.041441 0.014868 0.196858 0.110497 0.098531 0.039640 -0.022463 -0.001322 0.032789 -0.009712 -0.048244 -0.119802 -0.014223 0.227797 0.134103 0.011241 -0.033466 0.004638 0.109569 0.054051 -0.146836 0.018267 -0.047008 0.113191 -0.055034 -0.004919 0.022227 0.156151 -0.013888 -0.013774 0.073313 -0.035725 0.211245 -0.062055 -0.188313 -0.142210 -0.064406 -0.032033 0.047020 0.057530 0.089615 0.014776 0.040693 0.093558 0.038971 -0.039710 -0.071104 0.084073 -0.038832 -0.053249 -0.065808 0.039627 -0.081301 -0.200571 0.025754 -0.049533 -0.153479 -0.059607 -0.096433 0.168090 0.028436 0.023303 -0.020479 -0.100396 0.160181 -0.030923 0.000644 0.101375 -0.001853 -0.038874 0.023482 0.034272
-0.099339 -0.003905 0.120136 -0.049330 -0.019008 -0.211889 -0.036373 0.020865 -0.127666 0.148628 0.066674 -0.065939 0.139400 -0.003233 0.072237 0.040967 -0.001675 0.048208 0.090806 -0.123587 -0.037818 0.039602 0.005228 -0.054733 -0.032765 -0.017243 0.183950 -0.032945 0.027710 0.012095 0.128423 -0.131160 0.062166 0.085353 -0.147570 -0.088301 -0.047535 0.003666 -0.024511 -0.168623 -0.039789 -0.009728 -0.093079 -0.111436 -0.082295 -0.092584 0.104709 -0.097840 0.135744 -0.005473 -0.074834 -0.009572 -0.169558 0.094128 -0.050308 -0.010041 0.020343 -0.065466 0.054651 -0.092425 -0.009969 -0.209536 0.101488 0.076051 -0.024529 0.017195 0.009094 0.069481 -0.097857 -0.198260 0.073135 -0.074342 0.026247 0.060546 -0.191050 0.052719 0.005539 0.165625 -0.180539 0.163439 0.055041 0.011426 -0.062627 0.199011 0.237732 0.076187 0.104155 -0.009777 0.098065 -0.140611 -0.036537 -0.100895 -0.054524 0.096944 0.084519 0.181596 -0.170812 0.128556 -0.084765 0.075463
-0.124144 -0.070289 -0.013877 0.167971 0.042839 -0.006691 -0.139183 -0.066464 0.200421 0.184755 -0.095768 0.013071 -0.138502 0.001092 0.159046 0.059350 -0.219317 -0.253570 0.073198 0.149632 0.024671 0.041873 -0.024542 0.059317 -0.000115 0.107857 0.063813 0.131394 -0.173656 -0.020140 -0.123695 0.007903 -0.071361 -0.038857 0.080315 -0.182752 0.012935 -0.020619 0.080232 0.107477 -0.021535 0.227481 -0.095511 -0.053038 0.066501 -0.018690 -0.040284 0.058493 0.058652 0.014783 0.092330 -0.112315 -0.113407 -0.117775 -0.205783 -0.011789 -0.093916 -0.046767 -0.111603 0.121877 0.062357 -0.113532 0.099325 0.119415 0.044080 -0.136622 0.031529 -0.106098 0.015956 -0.085154 -0.033048 -0.024380 -0.002649 0.026320 -0.103796 0.152631 0.021463 0.081664 -0.056347 -0.112411 0.094984 0.032054 -0.010881 0.046191 -0.107956 -0.091961 0.048102 -0.143472 0.207111 -0.100838 -0.101546 0.070782 -0.090871 -0.046059 -0.131220 0.163957 0.035546 0.108862 -0.035891 0.015054
0.296020 -0.141837 0.016193 0.076655 -0.210232 0.070252 -0.044310 -0.164004 -0.163860 0.070080 0.035749 0.125587 0.006188 0.037091 0.080164 -0.092170 0.069881 -0.086289 -0.059158 0.064273 -0.098183 -0.134009 0.091993 0.022546 -0.089177 0.054834 -0.097602 0.110433 0.072901 -0.038345 -0.128268 -0.118168 -0.003252 -0.106883 0.004959 -0.065949 -0.131880 -0.015760 0.037235 -0.152502 0.039225 0.049742 0.135765 -0.122547 0.148759 0.132326 0.070317 -0.100711 0.049885 -0.015244 -0.050350 0.051497 0.012175 -0.022208 0.203176 -0.189061 0.033124 -0.150610 0.034986 -0.030694 0.111720 -0.058530 0.056996 -0.047240 0.032093 -0.035089 0.017188 0.110355 -0.009396 -0.043744 -0.041872 0.121897 0.082701 -0.152919 -0.009767 -0.066301 -0.172840 -0.097560 -0.191087 -0.094017 0.196809 -0.088909 0.111527 -0.064774 0.053925 -0.061521 -0.147504 -0.085941 0.083871 0.006430 -0.062144 0.035651 -0.120427 0.003199 0.070129 -0.000708 -0.175514 0.231244 0.060561 -0.071867
-0.220534 -0.203679 0.017109 -0.154546 0.027143 -0.010689 -0.165319 0.112605 0.057932 -0.080083 -0.026853 0.180848 0.101550 0.065927 0.110932 0.054271 -0.117332 0.014748 0.087662 0.191215 0.002151 0.087064 0.010369 0.042217 0.017890 0.184054 0.115077 -0.049950 -0.164343 0.206708 -0.123068 0.225888 0.040960 0.216108 -0.182139 -0.131577 -0.169891 -0.032814 -0.061345 0.060022 0.006986 -0.065988 0.008586 0.042813 -0.062239 0.099877 -0.012818 0.429991 -0.061968 -0.098941 -0.089715 -0.015820 -0.006089 -0.018621 0.073008 -0.290845 -0.016953 0.032567 -0.004126 0.067813 -0.066968 0.110001 -0.049361 0.150045 0.022832 0.157953 -0.024769 -0.066482 -0.030318 -0.002610 -0.006408 0.027830 0.136194 -0.056435 -0.128501 -0.016622 -0.100399 -0.027032 0.072826 -0.110561 -0.075115 -0.066948 0.019817 0.029115 -0.026790 -0.031944 0.040578 -0.014506 -0.024377 0.053086 -0.033027 -0.167598 -0.017708 -0.050684 0.107615 0.047103 -0.242520 0.033299 -0.048031 -0.004492
-0.132270 -0.025198 0.048538 -0.037988 0.024546 0.127479 -0.056443 -0.174594 -0.186450 -0.146396 0.084604 0.069686 0.055511 0.091884 -0.070413 0.087900 -0.075663 0.099473 0.055281 -0.128876 0.182280 0.075250 0.096705 -0.103634 -0.107315 0.084305 0.075307 0.029408 -0.018276 -0.084997 0.159250 -0.072095 0.062276 -0.173037 0.117814 -0.002024 0.169324 -0.023288 -0.005380 0.003375 -0.066759 0.007551 -0.144559 0.040323 -0.067498 0.015167 -0.000739 0.010156 0.008558 0.148737 -0.190368 -0.029684 0.009018 0.180643 -0.136707 0.049834 -0.007517 -0.053361 -0.047692 -0.038920 -0.047727 0.079024 -0.067740 0.060821 -0.047868 0.106039 0.017655 0.143985 0.126721 -0.041873 0.023112 -0.151631 -0.090513 -0.031287 0.111395 -0.022251 0.028848 0.124179 0.003627 0.155186 0.026699 -0.004164 -0.095631 0.047294 0.060646 0.176918 0.070362 0.125748 -0.019276 -0.075877 0.011918 0.031916 0.083408 0.078913 -0.173303 -0.054721 -0.096568 -0.020687 0.026082 0.017014
-0.195259 -0.141245 -0.222566 0.157505 -0.056258 -0.100692 -0.071172 0.017358 0.083641 -0.254115 0.277043 -0.022924 0.129895 -0.007572 0.111673 0.028854 0.273970 0.031643 -0.017628 -0.038951 0.031397 0.035743 -0.027757 0.000265 0.174031 0.010431 0.045498 -0.130616 -0.049650 -0.047697 0.297523 -0.164284 0.014399 0.076914 0.003444 -0.056919 -0.067713 -0.298755 -0.194255 -0.075247 -0.120089 0.004593 0.027105 -0.027452 -0.064568 -0.040419 0.001691 0.008505 0.126852 -0.242121 0.047885 -0.060552 -0.011431 -0.085541 0.036515 0.008938 -0.082181 0.150584 -0.017564 -0.004199 -0.058405 0.069749 0.117323 -0.178446 -0.053026 0.080617 0.061717 0.136392 -0.078259 -0.014180 -0.036213 0.141998 -0.020201 -0.062773 -0.033879 0.157406 -0.069146 -0.062380 -0.081207 -0.082208 -0.209112 0.022645 0.001673 -0.021392 0.076788 0.125886 -0.054468 -0.125064 -0.041244 -0.005208 -0.060007 -0.174076 -0.192629 0.098018 0.160395 0.040696 0.034055 -0.008646 -0.060019 0.114751
0.031216 -0.061145 0.022741 -0.011356 0.150356 -0.111204 0.102696 -0.002506 -0.036420 -0.002324 0.036148 0.069499 0.005805 -0.085036 0.044148 0.259895 -0.160628 0.007818 -0.071183 0.180498 -0.069884 0.029243 -0.092347 0.023223 -0.049487 0.019859 -0.054240 0.050907 0.014709 -0.121177 -0.124026 -0.200748 0.203431 0.238916 0.107058 0.031028 0.014464 0.023177 0.010947 0.008363 -0.035893 -0.029732 0.069362 -0.117392 0.064507 -0.016511 0.058639 0.020069 0.144326 0.131918 -0.027849 0.063340 0.050403 -0.161163 0.148089 -0.185994 0.011640 0.152238 0.020526 -0.023248 -0.124160 -0.087239 -0.016758 -0.081339 -0.259152 0.097836 0.160871 -0.012211 0.135134 -0.019141 0.007259 0.199849 0.035034 0.022719 0.135253 0.145961 -0.014958 -0.029322 -0.054823 -0.069676 0.049917 0.026062 -0.132101 -0.121153 0.103919 0.059000 -0.126737 0.145075 0.177936 0.062510 -0.003783 -0.176646 -0.028838 -0.096406 -0.156595 0.022954 -0.055291 0.077750 0.064784 0.000678
0.029462 -0.000018 -0.160829 0.074215 0.182273 0.060177 0.109640 -0.095576 -0.012057 0.013132 0.081274 -0.081927 0.001218 0.093631 -0.002934 -0.011994 -0.034078 0.018958 0.117620 0.047744 -0.112448 -0.055534 -0.066974 0.014408 -0.129631 0.143389 -0.069590 -0.030407 0.036579 0.074633 0.093976 -0.058416 -0.155726 0.055766 -0.055089 0.019634 0.022590 -0.017703 0.047265 0.005874 -0.014145 -0.121764 0.031007 -0.188615 -0.098653 0.082096 0.180494 -0.086275 0.001048 -0.027708 0.064460 0.070102 0.052166 -0.036615 0.077322 0.042266 -0.109390 -0.007889 0.179269 0.110928 0.080151 0.027979 -0.126735 0.056589 -0.050890 0.244081 -0.128790 -0.032697 -0.036316 0.119225 0.199747 0.029237 -0.089694 0.039806 0.054163 -0.151466 -0.140091 0.023695 -0.213676 -0.016536 -0.021635 -0.118480 0.011194 0.072553 0.065994 -0.013537 -0.146851 -0.053482 -0.108819 0.123448 0.004106 -0.090867 -0.062581 -0.153743 -0.013240 0.122599 -0.039180 0.018581 -0.076493 -0.098214
0.150695 0.014257 0.016358 0.111815 0.163979 0.005299 0.074924 -0.015416 0.080006 -0.131759 0.067110 0.014336 0.001017 0.074264 -0.100348 0.069978 0.159006 0.011437 0.130367 0.153375 -0.081203 0.031864 -0.137900 -0.034661 0.080173 -0.049491 -0.046907 0.043169 0.094295 -0.016268 0.120246 -0.263371 0.154195 0.065251 0.094025 0.089672 -0.023309 0.008808 0.025990 0.072433 0.023733 0.043545 0.176287 0.074812 0.164595 -0.112817 -0.003689 0.141081 0.103584 -0.030987 -0.078874 -0.043263 0.045358 -0.041696 -0.160462 -0.120411 -0.021277 0.023860 -0.161652 0.039455 -0.051124 0.146691 0.036054 0.028826 -0.163388 -0.001653 -0.000913 -0.177977 0.128130 -0.094681 0.076865 0.002928 -0.039388 0.100228 -0.101091 0.140315 -0.116644 -0.073088 -0.099478 0.022639 -0.016949 0.070933 0.076712 0.066328 -0.077506 0.139827 0.077369 -0.054663 0.052267 -0.080301 -0.076094 -0.075854 0.106030 -0.004329 0.114819 0.165266 0.049508 -0.025841 -0.152432 0.013991
-0.063570 0.033193 0.052999 0.126742 -0.168210 0.002022 -0.134164 -0.005782 0.071029 0.061681 -0.046386 -0.062155 -0.089645 0.024991 -0.056684 -0.041952 0.035621 0.270141 0.082264 -0.025173 -0.210680 0.079517 0.078116 -0.113911 -0.069915 0.028133 -0.177934 0.042979 -0.119257 -0.033712 0.075800 -0.013873 -0.065653 -0.107010 -0.035377 0.085541 -0.076877 -0.035186 -0.053933 0.174840 0.106739 -0.099975 -0.013469 -0.015922 0.163735 0.088900 0.023186 -0.106132 -0.090545 0.085908 0.035810 0.004111 -0.100214 -0.002974 0.158060 -0.024895 0.073826 0.095201 -0.046138 -0.229976 -0.010640 -0.075332 -0.047066 -0.162324 -0.069559 0.107751 -0.135397 -0.285683 0.006221 0.016264 0.096311 -0.059405 -0.090451 -0.147738 -0.061411 0.003651 0.021928 0.207917 -0.127113 0.012619 -0.018558 0.013608 -0.201109 0.097953 -0.011911 -0.023178 -0.101907 0.086955 0.039889 0.020058 -0.039843 0.066983 0.011004 0.092007 -0.007108 -0.050069 -0.183356 0.032111 -0.022807 0.131677
-0.031410 -0.042816 -0.205919 -0.019160 0.016692 -0.096847 -0.120795 0.062178 0.044370 0.019054 -0.098709 -0.091223 -0.070310 0.110342 0.087992 -0.033986 0.015150 0.030489 0.190476 -0.013479 -0.042708 0.003459 0.070456 0.007731 -0.042558 -0.216195 0.133248 -0.009210 -0.049584 -0.018502 0.144439 -0.041083 -0.039326 0.098122 -0.077266 0.107763 -0.013365 0.010274 0.123767 0.101653 0.105153 -0.043106 0.023559 0.036809 -0.006201 0.046664 0.231838 -0.052460 0.149566 -0.231802 0.045728 -0.017427 0.192905 -0.020356 -0.002379 0.062028 -0.137042 -0.042803 0.137908 -0.075013 -0.059843 0.047481 -0.027748 -0.013753 -0.080393 0.005048 -0.040491 -0.029201 -0.100749 -0.107805 0.071012 0.118472 0.127720 0.008932 0.063738 0.065684 0.095291 -0.022895 0.203792 0.156490 -0.017927 -0.050762 0.163793 0.109527 0.029521 0.252395 -0.060690 0.049718 0.122039 0.000139 0.104120 -0.164158 -0.059721 -0.147348 0.040425 -0.033405 -0.046742 0.220008 0.090273 0.057742
0.009296 -0.052894 0.168694 0.082051 -0.027476 -0.132898 0.048019 0.062456 0.013336 0.059734 -0.038158 0.009439 -0.031104 0.002772 -0.145004 0.106438 0.147638 0.037599 0.204270 -0.177788 -0.006606 0.097309 0.154082 0.097479 0.085581 0.022866 0.082557 -0.091059 0.017887 0.062246 -0.135161 -0.187399 -0.063756 -0.091546 0.034327 -0.210617 -0.059581 -0.182516 0.197853 0.247423 -0.105598 -0.084973 0.017203 -0.003724 0.074629 -0.085590 -0.111289 -0.013986 0.226445 0.042681 -0.008730 0.092706 -0.197501 0.034786 -0.061745 -0.224709 0.208183 0.090170 -0.065312 -0.071297 0.064099 0.128090 -0.224282 -0.011326 0.261466 0.155041 0.004405 0.093818 0.092523 -0.054967 -0.144007 -0.134937 -0.201198 0.046430 0.024703 0.054366 0.034283 0.181486 -0.114174 0.071212 -0.033202 -0.035079 0.109039 0.063616 -0.035272 -0.045417 0.016879 -0.112521 0.184684 -0.026864 -0.088291 0.046405 0.012623 -0.164917 -0.027557 0.286053 -0.036578 0.031494 0.093768 -0.016467
-0.134337 0.147064 0.043963 0.094215 -0.060393 0.056739 0.089762 0.003946 0.116346 -0.080299 0.077597 -0.180076 0.211765 0.048863 0.147251 0.013270 -0.073120 0.062372 -0.021728 0.000596 -0.038767 -0.003524 0.071647 -0.035251 -0.053722 -0.036820 0.062297 -0.290104 0.086829 0.305131 -0.107180 0.028476 -0.106110 0.117359 -0.093588 0.064933 -0.012246 0.062427 0.028587 0.007089 0.088501 0.099692 0.031658 0.001650 0.088576 -0.056665 0.036604 0.027202 -0.003904 0.146036 -0.101861 -0.167758 -0.115146 0.182126 0.219731 -0.161070 -0.030092 -0.058292 0.047921 -0.131912 -0.064360 0.013888 0.062258 0.107808 -0.002724 0.074906 -0.058845 0.030350 0.058917 0.050270 -0.021146 -0.100547 0.049315 0.162976 0.025305 0.056841 -0.157713 -0.081024 -0.043955 0.136428 -0.023542 0.065290 -0.100478 0.035847 0.183297 0.190621 -0.111390 -0.082785 -0.052458 0.018297 -0.018004 -0.056079 0.040367 0.118900 -0.023533 -0.021241 0.074869 -0.154410 -0.076526 -0.044632
-0.122879 -0.077347 0.118692 0.129813 -0.063413 -0.134205 0.039697 -0.199142 -0.106807 0.055203 0.075609 -0.057133 0.064770 0.088890 -0.114291 0.090614 0.178692 0.013345 0.091389 0.166066 -0.052261 -0.043639 0.041306 0.111270 0.026056 -0.031247 0.043050 0.084798 -0.016557 0.073986 -0.015183 0.008388 -0.187688 -0.039130 0.234411 0.150360 0.018605 0.004999 -0.052218 0.068709 -0.119523 -0.121174 -0.051070 -0.064428 0.069333 0.058046 0.153808 0.099874 -0.006246 0.271774 0.104244 0.090222 0.067870 -0.295005 -0.101833 0.284111 0.134973 0.120482 0.026546 -0.087834 0.077451 -0.061954 0.141551 0.068410 -0.075231 0.000589 0.125120 -0.009198 -0.083496 -0.014028 -0.071287 0.035563 -0.029078 -0.097105 -0.081825 0.122862 -0.011643 0.098982 0.100692 0.091109 -0.103188 0.199589 0.268044 0.030260 -0.099853 -0.132491 -0.048750 -0.091943 -0.030542 -0.006393 0.194380 0.120057 -0.067272 -0.166469 0.062079 -0.104109 0.009950 -0.047966 -0.011312 -0.115827
0.031699 -0.050472 -0.060384 -0.043662 0.040466 -0.148928 -0.045797 -0.120494 -0.040810 0.038397 0.137724 -0.126641 -0.065533 0.110662 -0.102147 0.026124 0.031686 -0.145096 -0.039000 0.047923 0.155207 -0.184481 0.132488 0.008010 0.053440 -0.131217 0.137166 -0.022394 -0.008062 0.068162 -0.020554 0.050538 -0.095671 0.068130 -0.016118 -0.001545 -0.079090 0.020215 0.127071 0.111251 0.155134 -0.002197 -0.010033 0.103230 0.271550 0.006072 -0.114450 0.012747 0.071334 0.082817 -0.094987 -0.084531 -0.075361 0.067986 -0.037443 0.017397 -0.008914 0.059752 -0.155413 0.117058 -0.044445 -0.109865 0.119633 0.051385 0.048338 0.088150 0.112208 -0.050963 -0.160597 0.105400 0.240721 0.111842 -0.084993 -0.010172 0.089805 -0.142076 -0.029817 -0.151293 0.143965 0.046746 -0.054486 0.125030 -0.121282 0.027421 -0.162455 0.031155 -0.040261 -0.117200 -0.077578 -0.071440 -0.227337 -0.134779 0.000822 -0.113396 0.124729 0.108569 0.037624 0.186208 -0.056967 0.152383
-0.095923 -0.034847 -0.080479 0.003397 -0.028682 -0.022719 0.086521 -0.198904 -0.181930 0.182935 0.146592 -0.087048 0.155349 0.089014 0.080013 0.044567 -0.087431 -0.127932 0.028346 -0.005663 -0.036648 0.047699 0.099314 -0.087367 0.139466 -0.007233 0.040228 -0.123643 -0.083188 0.135025 0.005939 0.316796 0.038945 0.201404 -0.120065 -0.156417 -0.002094 -0.095161 -0.011759 -0.024294 -0.024473 -0.017461 0.014612 0.004343 -0.000850 -0.010805 0.013409 -0.076874 -0.020765 0.006908 0.104912 0.001615 -0.066138 -0.073557 -0.149655 -0.039177 0.000470 -0.075165 -0.214664 -0.068972 -0.107819 -0.002979 0.009394 0.010149 0.113977 -0.009568 0.166318 0.015121 0.004271 -0.063241 0.004871 -0.122102 -0.167233 -0.111184 0.123693 0.136023 0.005387 -0.040576 0.161334 -0.128055 0.180404 -0.061906 -0.044093 -0.000515 -0.106345 0.070241 0.076064 0.071438 -0.077263 -0.069102 -0.009540 0.135784 0.088972 0.006845 -0.073624 0.075319 -0.056877 -0.143085 0.030653 0.173128
-0.009585 -0.029649 -0.139131 -0.126768 0.052087 -0.009790 0.076325 -0.095127 -0.060427 0.102714 0.041110 -0.045125 -0.000979 -0.002712 0.024398 0.130663 0.015110 0.076230 0.033057 -0.092388 0.229172 0.065940 0.074886 0.134587 0.011787 -0.014043 -0.043825 0.014922 0.227108 0.073718 0.113179 -0.104305 0.068036 0.084126 -0.101443 -0.025414 -0.140790 -0.028268 -0.113779 -0.068954 -0.114177 0.072215 0.160577 0.083550 -0.104710 0.065497 0.004896 0.142330 -0.125532 -0.029309 -0.121909 -0.011588 0.053934 0.104663 0.017555 -0.102589 0.093936 -0.261321 -0.019422 0.119436 0.038107 -0.037986 -0.176974 0.048880 0.081074 0.001288 -0.047836 0.063386 -0.072701 0.011167 0.067497 0.092628 0.023169 0.139152 0.076218 0.139821 0.018631 0.069727 -0.012237 -0.180880 0.147195 0.037574 0.127046 -0.087875 -0.295705 -0.003711 -0.040775 0.004945 0.031202 -0.106717 0.008036 -0.038791 0.073847 -0.020617 -0.005253 0.034171 0.106093 0.031747 0.014410 0.098684
0.203675 -0.043415 -0.041899 0.056122 -0.122580 -0.101073 -0.180940 0.043555 -0.013443 -0.039076 -0.106083 0.136135 -0.009292 -0.095632 -0.014143 -0.021935 -0.047044 0.005434 -0.093217 0.138158 -0.046289 0.072734 -0.037761 -0.159057 -0.013578 0.010693 -0.114198 0.161555 0.007731 -0.109757 0.032538 0.097888 0.018908 0.064721 0.156384 0.134657 0.004103 -0.034836 0.082524 -0.065986 0.013723 0.138840 0.065646 0.090355 0.014304 0.091788 0.051135 -0.093605 0.031375 -0.045926 -0.046814 0.008850 0.045941 -0.140294 -0.026079 0.023014 0.019455 0.025031 -0.072502 0.092945 0.026212 0.080117 0.032304 0.037914 0.042798 -0.071710 -0.117750 0.049798 -0.234383 -0.059222 0.037524 -0.231306 0.045195 -0.087479 -0.016645 0.107589 0.048503 -0.136649 0.020848 -0.109418 -0.135498 0.150627 -0.084363 0.125765 0.197408 -0.027215 0.002161 0.041749 0.008370 0.036014 -0.142325 -0.044061 0.019321 0.051477 -0.001519 -0.013413 -0.045318 0.132430 0.191944 0.125555
-0.016674 0.149068 -0.072156 -0.135923 -0.084085 -0.021894 0.011160 0.043396 -0.024371 -0.004698 -0.290837 0.025910 0.151158 0.040457 0.160318 0.118786 0.045241 0.001019 -0.063670 0.157648 -0.001032 0.127167 0.089731 0.066098 0.026706 -0.000530 0.061120 0.145794 -0.071849 -0.074724 -0.049242 0.138484 -0.127053 0.155808 0.112642 -0.026075 -0.122084 -0.156833 -0.110845 -0.087045 0.032168 0.259075 -0.095512 0.030660 0.077653 0.039399 -0.075719 0.149376 0.021352 0.163998 0.177541 -0.057664 0.042643 -0.097666 0.034546 0.034933 0.090962 0.105560 -0.202472 0.094004 -0.116291 0.135078 0.059377 -0.049202 0.129345 0.111643 -0.086770 -0.005173 -0.141082 -0.086501 0.142601 0.066243 0.086386 -0.026056 -0.164849 -0.103489 0.054132 0.031370 -0.011396 -0.030442 0.028153 0.041154 0.069666 -0.213262 0.049154 0.031669 0.007023 -0.014622 0.006799 0.151834 0.062992 -0.123051 0.054269 0.178756 -0.024606 0.079790 -0.076156 -0.171363 -0.084858 -0.190278
-0.167336 -0.081603 -0.073992 -0.055363 0.027736 0.008598 -0.094217 -0.108241 0.191081 -0.018197 -0.002874 -0.108653 0.065052 0.070352 -0.151892 0.167679 -0.173149 0.056108 0.140908 0.125724 0.085343 0.078316 -0.100105 -0.058078 0.139824 -0.061433 -0.149492 0.095649 0.055031 -0.135800 -0.021096 -0.030504 -0.097947 0.067122 0.040644 0.011614 -0.063804 -0.100443 0.006598 -0.103538 0.117666 -0.014764 -0.039984 -0.008189 -0.025185 -0.043557 -0.038498 -0.080509 0.183686 -0.039013 0.071009 -0.074041 -0.007796 -0.082409 -0.012876 -0.113378 0.053246 0.151311 -0.121678 0.092759 -0.045803 -0.100839 -0.023957 -0.152618 -0.035106 -0.089194 -0.246553 0.151827 -0.034208 -0.016348 -0.025229 0.045564 0.013729 -0.124885 -0.031047 -0.068848 -0.181478 0.035461 -0.038564 -0.013505 -0.074442 -0.126090 -0.012564 -0.131519 -0.063492 0.091780 -0.105546 -0.009091 0.046012 0.024993 -0.177481 -0.100487 0.012081 -0.055112 0.129427 -0.052094 0.017957 -0.083856 -0.069639 -0.054264
0.051279 0.180333 0.194950 -0.073555 0.134387 0.049303 -0.044813 -0.218180 -0.029587 -0.001475 -0.013944 -0.187604 0.016077 -0.034394 -0.011915 -0.088181 0.114631 0.173507 -0.029219 -0.168185 -0.112934 0.313588 -0.038056 0.014269 -0.207566 -0.023464 -0.046764 -0.127203 0.034115 -0.222214 0.038659 -0.022027 0.005168 -0.159411 -0.014945 -0.080027 -0.066380 0.016509 -0.210104 -0.022604 0.043299 -0.035933 0.122987 0.158408 0.058671 0.049431 0.087578 -0.008203 -0.013810 -0.147903 -0.228425 0.138520 -0.134214 -0.161226 0.020854 -0.018893 0.175919 -0.155858 0.018128 0.003196 0.051389 -0.006978 0.040758 0.087799 0.103178 -0.097830 -0.160997 0.011770 0.195839 -0.122363 -0.037040 -0.068873 0.076745 0.186570 0.066602 -0.015505 0.115598 0.044052 -0.097761 -0.081777 -0.024224 -0.050425 -0.163104 -0.046753 0.007287 0.196807 0.026883 0.163774 -0.069649 0.176129 0.037889 0.134819 0.089255 0.081560 -0.103338 -0.072733 0.026172 0.061283 0.140437 0.053318
-0.097452 0.017428 0.143117 0.141362 0.177029 0.073908 0.012322 -0.098650 0.022360 -0.026835 0.026378 -0.009951 0.205364 0.086409 -0.154694 0.141412 -0.008117 -0.045088 0.050196 -0.225703 0.053512 -0.052348 -0.174244 0.045898 -0.075738 -0.222553 0.021950 0.022679 -0.013222 0.045556 -0.178037 0.051290 0.151988 -0.052890 -0.087059 -0.209896 -0.104114 0.098140 -0.019579 -0.109966 -0.011631 -0.042828 0.052865 -0.056425 0.043515 0.076368 -0.144682 0.070374 0.168247 0.014641 0.150205 -0.096237 0.076324 -0.137089 -0.146646 0.046440 -0.060645 -0.034042 -0.067779 0.067063 0.085670 -0.029547 -0.013593 0.115025 0.067697 0.119442 0.034311 0.034005 0.208131 0.063589 0.087013 -0.082302 -0.129187 0.188905 0.090354 0.130353 -0.050806 -0.137601 -0.170878 0.060423 -0.000652 0.009144 -0.093117 -0.090065 -0.050105 0.064006 -0.057946 0.045467 -0.091438 -0.215523 0.001240 0.062276 -0.128605 0.008927 -0.134807 -0.156734 0.139695 0.101930 0.147364 -0.003953
0.119893 -0.003042 0.005975 -0.021721 0.045232 -0.030115 -0.148040 0.046537 -0.077996 -0.079931 -0.005364 -0.030812 0.012125 -0.039077 -0.041639 -0.129312 -0.217753 -0.044259 -0.055782 0.049875 0.014108 -0.038036 0.161900 0.053930 -0.095956 -0.052430 -0.011754 -0.235690 -0.120301 0.102718 0.156342 0.130395 -0.155888 0.182817 -0.087260 0.014302 -0.078347 -0.024331 0.069543 0.192301 0.010760 0.092146 -0.073018 -0.194739 0.056449 -0.009812 0.101059 0.064731 0.000582 -0.085942 0.041970 0.077854 -0.142001 -0.106491 0.117908 -0.086265 -0.027376 0.125392 -0.011682 -0.021536 -0.010619 -0.244282 0.168840 -0.137298 0.017874 -0.039214 0.000942 0.087735 0.012981 0.002780 0.030930 -0.061958 -0.084612 0.114340 0.201125 -0.095384 -0.067002 -0.144425 -0.006529 0.012287 0.091596 0.067363 -0.038708 0.095529 0.019843 0.079386 -0.005528 0.179357 0.085845 -0.043590 -0.026714 0.065757 -0.057976 0.056248 -0.119634 0.090985 0.168615 -0.240292 0.084956 0.021147
0.089787 0.046535 -0.057716 -0.088731 0.141505 0.077263 -0.001168 0.048602 0.030071 0.024034 -0.013727 -0.110727 0.008779 -0.051629 -0.085131 -0.109756 0.044710 0.095083 0.187588 0.085982 -0.074531 0.067694 0.078903 0.040407 0.043389 0.133048 -0.029319 -0.065864 -0.185287 -0.131715 -0.048300 -0.023678 -0.118654 -0.128040 -0.019464 -0.196036 -0.072301 0.021322 0.016763 -0.005917 0.109251 -0.114317 -0.103405 0.133890 -0.140936 -0.085704 -0.087138 0.196461 0.036973 0.082574 0.048592 0.147208 -0.025800 -0.064770 -0.118650 -0.261089 -0.017226 -0.045597 -0.028745 -0.052676 0.098427 -0.005195 -0.054694 -0.099935 -0.064237 -0.063212 0.152190 0.061914 0.018124 0.131684 0.100561 0.083763 0.005609 -0.059670 -0.049370 -0.037813 -0.068661 -0.069610 0.276323 -0.120475 -0.044295 -0.044701 -0.100887 0.073203 -0.026537 -0.086697 0.007327 -0.059894 -0.036328 -0.242384 -0.014971 -0.164042 -0.071255 0.218192 -0.031186 0.084674 -0.016480 -0.078289 -0.140433 -0.071513
0.074045 0.197878 0.177671 -0.060801 -0.102352 0.040557 0.108393 0.103042 -0.079631 0.115748 0.159665 -0.143934 0.088390 0.021608 0.002182 0.108319 -0.037735 -0.098504 -0.108637 -0.054587 -0.019396 -0.083433 0.071006 0.048292 -0.001178 0.013499 -0.097403 -0.196767 -0.046086 0.012069 -0.062672 0.107501 0.046462 0.003322 0.044948 -0.145098 -0.082612 -0.061102 0.112831 -0.012897 0.075666 0.043288 0.060792 0.082334 -0.007282 0.008538 -0.046112 0.149895 0.145852 -0.123515 -0.117455 -0.050591 0.006919 0.117388 -0.172186 -0.089398 0.119719 -0.007522 -0.095174 0.030071 -0.175361 0.006733 -0.014874 0.015013 -0.083051 -0.108240 -0.004562 -0.026269 -0.032671 0.236231 0.008120 -0.119792 0.093142 -0.015641 -0.008633 -0.054742 -0.009050 0.008512 -0.086262 0.019155 -0.208059 0.081954 0.139701 0.048161 -0.088115 0.162900 -0.112052 0.197676 0.100588 -0.055232 -0.008946 0.054675 -0.027960 0.192637 0.089201 0.128222 0.079732 0.131876 -0.103401 0.135454
0.032791 -0.080582 -0.025804 -0.082393 -0.049231 -0.079460 0.003139 -0.154453 0.190925 -0.029369 0.227850 0.006300 -0.021494 0.057259 0.150376 0.021249 -0.098546 0.218884 -0.050834 -0.086135 -0.152223 -0.023952 -0.107831 0.176275 -0.000520 -0.095464 0.046112 -0.067934 -0.144867 -0.123279 0.035335 0.033417 0.102313 -0.001782 0.106181 -0.044099 -0.013677 0.098750 -0.016679 0.028280 0.229668 -0.055093 0.192849 -0.013544 -0.087243 0.044268 -0.044872 -0.023763 -0.166205 -0.086804 -0.025396 -0.036445 -0.230767 -0.085476 0.011189 0.070838 -0.232338 0.099399 -0.023316 -0.075289 -0.006845 -0.107342 -0.104569 0.014423 -0.017756 -0.050504 0.070239 -0.051116 0.056403 0.000420 0.157795 -0.012459 -0.022202 -0.019360 0.159687 -0.058321 0.016150 0.035248 0.311395 -0.000694 0.021793 -0.036182 0.009195 0.058544 -0.094738 -0.006847 0.096633 0.125038 -0.001448 -0.111185 -0.112537 0.133660 -0.055942 0.083692 -0.048452 -0.009654 -0.069649 0.259965 -0.159712 0.042314
-0.016114 -0.061729 0.050238 -0.009145 0.156046 -0.053864 -0.010463 -0.038231 -0.013057 0.031085 -0.038288 -0.030371 -0.098767 -0.068069 0.096434 0.088759 -0.145963 0.079914 0.117544 -0.059489 0.018228 0.131330 -0.158503 0.056645 0.011611 -0.025866 -0.028235 0.112316 0.047585 0.043838 -0.017880 -0.085170 -0.213616 -0.046715 0.005565 -0.102856 0.034219 -0.000891 -0.034229 0.093794 0.052505 0.102393 0.033600 -0.063318 0.080951 0.045542 0.112673 0.076720 0.090850 0.005816 0.015539 0.061672 -0.075541 -0.101888 0.138106 0.052685 0.028047 0.018486 0.050141 0.016994 -0.055004 0.139036 -0.012054 -0.140491 -0.009292 -0.133358 0.087434 -0.059369 -0.037050 -0.177489 0.043832 0.072178 0.054501 0.093700 -0.033637 -0.077105 -0.038166 0.077078 0.119014 0.076465 -0.012878 0.074879 -0.057797 0.067118 0.028900 -0.026972 0.039234 0.076409 0.057906 -0.055729 -0.112721 0.050680 -0.221724 0.034330 -0.110684 -0.060936 -0.123003 -0.003612 -0.056676 0.142066
-0.064045 -0.143127 -0.049061 0.004190 -0.060927 -0.028608 0.073310 -0.015558 -0.158038 0.185082 0.087839 -0.182979 0.007754 0.024552 0.045595 0.016542 -0.034953 -0.065812 -0.058939 0.167666 0.010335 -0.012254 -0.056148 0.054610 -0.050369 -0.020096 0.022630 -0.056610 0.209012 0.001009 0.073941 -0.016325 0.101933 0.154854 -0.178968 -0.048619 0.089685 0.183357 0.049866 0.075139 -0.046902 0.011164 -0.040209 0.081167 0.008584 -0.034476 -0.034949 -0.135378 -0.089393 0.054443 0.099252 0.027099 0.056522 0.122953 0.075426 -0.101653 -0.029253 -0.009960 -0.130316 -0.013969 -0.072561 -0.101135 0.002156 0.024542 -0.041184 -0.036352 -0.086821 0.123853 -0.151189 0.083353 -0.037088 0.009769 -0.049893 0.045776 -0.124290 0.002347 0.233779 -0.051938 0.183983 0.010924 -0.041262 -0.083744 -0.024507 0.017600 0.012491 -0.051083 0.144549 0.080449 0.187409 0.045498 0.109058 -0.110788 0.064157 -0.146666 0.000846 0.037955 -0.071448 0.010709 0.151812 0.119181
0.129289 -0.186540 -0.062710 -0.079005 0.023671 -0.122257 -0.024595 -0.137432 -0.092655 -0.074162 0.004521 -0.100930 -0.012140 -0.167382 -0.038232 0.031043 -0.032454 0.043058 0.003552 0.054091 0.019816 0.078033 0.079248 0.042776 0.086969 -0.024202 0.081335 -0.114499 0.081158 0.191436 0.158209 0.016491 0.003677 -0.065847 -0.029371 0.035507 -0.048577 0.001242 0.142293 -0.079693 0.068718 0.114078 -0.045388 0.140642 0.047106 -0.027276 0.124045 -0.137176 -0.014149 -0.061573 0.013287 0.127332 -0.125820 0.050420 -0.162446 0.035769 -0.092903 0.154674 -0.019986 0.168423 0.139239 0.090388 -0.036509 -0.118761 0.062775 0.077719 -0.069886 0.157510 -0.080997 0.012252 -0.008628 -0.239375 0.125744 -0.113162 -0.108311 -0.045232 0.056657 0.243933 0.159975 0.156605 -0.115292 0.006355 0.100335 -0.099958 -0.142747 0.149285 -0.022668 0.032581 -0.143000 0.118389 0.098115 0.035767 0.025483 -0.029700 0.006303 -0.023935 0.050157 -0.132462 -0.117475 0.004759
-0.045165 0.040653 -0.015635 -0.146253 -0.065719 0.001875 0.097940 -0.004575 -0.074350 -0.116116 -0.080924 0.180319 -0.130627 0.102803 0.021618 -0.123723 0.023412 -0.138804 -0.050761 0.042233 0.094164 0.029051 -0.426714 0.203224 0.118559 0.008017 0.129722 0.029125 -0.129060 -0.081298 0.008531 0.170079 0.054356 -0.059644 -0.019133 -0.191328 -0.060578 -0.049179 -0.034355 -0.145663 0.125935 -0.105243 0.041364 0.049452 0.105461 0.061602 0.108881 -0.094006 -0.087987 -0.033908 0.030858 -0.083383 -0.030149 0.056689 0.021598 0.078210 -0.052556 0.157279 -0.118415 -0.070070 -0.061906 0.013852 0.165501 -0.127511 -0.041098 -0.002511 -0.067406 0.235228 0.210197 -0.005637 0.021347 0.073912 0.212606 -0.019761 0.078023 -0.032719 -0.157222 0.111964 -0.145736 0.102521 -0.238295 0.107656 0.084267 -0.007038 -0.022759 -0.024644 0.039694 -0.111885 -0.103675 0.012056 0.022287 -0.257125 0.028002 0.080860 -0.027064 -0.076371 0.038303 0.034397 -0.119499 0.032058
-0.005130 -0.071018 -0.092184 -0.128583 -0.128594 0.096345 -0.212320 0.116411 0.011118 0.073899 0.086749 0.103532 0.136259 0.020154 -0.043919 -0.028779 0.019182 -0.065671 0.245903 0.184943 0.044049 -0.002862 0.024838 0.056492 0.200794 0.082101 -0.096644 -0.018397 0.096875 0.063223 -0.173524 -0.011542 -0.223035 -0.207505 -0.121428 0.047097 0.030007 0.011582 -0.059010 -0.112793 -0.100952 0.144849 0.000771 0.048352 0.090138 -0.168664 0.157230 -0.011646 -0.257014 0.000850 -0.161386 -0.028501 0.138108 0.041994 0.002930 0.038917 -0.125947 -0.043170 -0.116975 -0.103404 0.054995 -0.074680 -0.020721 0.053981 -0.054289 -0.071908 0.083605 -0.075592 0.066354 -0.109878 -0.086081 0.063429 0.091503 -0.011346 -0.191725 0.025172 0.023838 -0.112754 -0.075468 0.163823 -0.158965 -0.024574 -0.095846 0.137896 -0.085087 0.044905 -0.058249 0.042103 0.124762 0.122013 -0.058188 -0.035121 -0.060536 0.111691 -0.013307 -0.179362 -0.078024 -0.090054 -0.269987 -0.004793
0.069619 -0.063607 -0.047821 0.162826 -0.114788 -0.077722 -0.105759 0.206155 0.159637 -0.030070 -0.034951 0.123173 -0.177729 -0.132468 0.112433 -0.078568 0.023597 0.147299 0.022743 0.040820 0.119937 0.081980 0.057478 -0.044398 -0.077412 0.164909 -0.166516 0.126759 0.024987 -0.092535 0.183079 -0.022127 0.100942 0.001072 0.202444 -0.148917 0.069441 -0.029099 -0.209561 -0.080792 -0.173408 -0.059823 -0.103648 0.091790 0.016039 -0.041343 0.033003 0.073826 0.080017 0.050206 -0.108001 0.008468 0.020782 0.046488 0.134516 -0.001604 0.025469 -0.069374 -0.006572 -0.084589 0.080789 -0.134137 0.071164 -0.084358 0.028145 0.051431 -0.018583 -0.058851 0.093586 -0.063050 -0.031681 -0.089306 0.047658 0.002831 0.101346 -0.063685 0.037563 -0.011044 0.136554 0.197582 0.043243 -0.038242 -0.116399 -0.061249 0.120542 -0.014794 0.017640 -0.174687 -0.014033 -0.111409 0.157073 0.106137 -0.123887 0.063009 -0.191180 -0.032877 -0.013778 -0.134992 0.054870 -0.086540
-0.002170 -0.012502 0.129806 0.031652 -0.105585 -0.024751 -0.003648 0.027452 -0.068132 -0.151273 0.057960 0.067025 0.047888 0.144691 -0.004444 0.131229 0.053277 -0.071361 0.005539 -0.173776 -0.125630 -0.062832 -0.122785 0.089270 0.072289 -0.161172 -0.161882 0.071962 0.029508 0.069427 0.115121 0.037044 0.069067 -0.198234 0.060389 0.170620 -0.013725 0.002762 0.120275 -0.087499 0.171746 0.060448 0.011720 -0.151150 -0.058413 -0.027083 -0.019196 0.060222 -0.037243 0.068293 -0.017412 -0.013398 0.101258 -0.032480 -0.048171 0.039901 0.087946 -0.016022 0.085080 -0.045227 0.020710 0.088325 0.031382 -0.070875 0.221109 0.003807 -0.185761 0.012610 -0.175016 -0.063726 -0.122511 0.100166 0.010154 0.052510 0.102154 -0.013549 -0.100694 0.076312 0.008028 0.073043 0.014516 0.059707 -0.064636 -0.040439 0.175091 -0.018635 0.096662 -0.025200 -0.071880 -0.184006 0.050516 -0.064090 0.005647 -0.086269 0.058135 -0.160435 -0.017396 -0.138415 0.061980 0.012298
0.007847 0.088568 0.118336 0.060127 -0.100839 -0.012070 -0.051099 0.106245 -0.073918 0.059168 -0.104419 -0.025142 0.098014 -0.106200 -0.038715 0.024057 -0.005013 -0.097154 -0.169561 0.115329 0.030879 0.240451 0.042977 -0.071956 -0.046715 0.091280 0.136333 -0.128513 0.070891 -0.098362 -0.101513 -0.052781 -0.101046 0.076078 -0.067433 -0.009353 0.061533 0.027531 0.001348 0.052549 0.129582 0.019223 0.080893 -0.050430 -0.233383 -0.014374 0.053389 -0.046521 -0.051790 -0.251233 0.031755 0.036220 -0.052849 -0.013377 0.035896 0.188738 0.015807 -0.056831 -0.016719 -0.005908 0.067798 -0.174249 0.018468 -0.063161 0.203436 0.093733 0.044934 -0.007221 0.196528 -0.102427 -0.020690 -0.110837 0.065841 0.043521 -0.066238 -0.178284 -0.018610 -0.016885 -0.094633 0.112960 0.165720 0.141508 -0.073987 -0.047679 0.069843 0.019306 -0.162484 0.029222 -0.100294 -0.018228 -0.070450 -0.150307 -0.033833 -0.034426 -0.078279 -0.054936 -0.003324 -0.088373 -0.028283 0.143840
0.050917 0.048983 -0.032769 -0.065322 -0.134895 0.152095 -0.000369 -0.035421 -0.039782 0.017945 0.012702 -0.019817 0.058514 -0.033732 0.058535 0.014342 -0.125147 0.095631 0.064637 0.034858 0.018284 -0.075012 -0.059980 0.055585 -0.033774 -0.019394 -0.045050 -0.238545 -0.046879 0.029346 0.187195 -0.079826 0.060105 0.007726 -0.016254 -0.088640 -0.154595 0.066764 -0.137985 0.021559 -0.012668 0.078753 0.086534 -0.055167 0.225753 -0.123022 0.113600 0.090966 -0.129253 0.131550 -0.143120 -0.053668 -0.273556 0.023967 0.110392 -0.217011 0.057138 -0.034738 -0.037968 0.176584 0.036332 0.068907 0.037050 0.131095 -0.052550 0.054033 -0.224483 -0.118342 -0.237769 -0.147815 -0.055294 0.049194 0.068717 0.017146 -0.068288 -0.016416 -0.036365 0.069347 0.006329 -0.093375 0.079595 -0.126843 0.081830 0.004573 -0.063508 -0.087693 -0.212085 0.080644 0.097167 0.040565 -0.210192 -0.067988 0.050046 -0.113143 0.112208 0.029678 0.089018 0.186197 0.051329 0.145250
0.236016 0.196279 -0.000072 0.001514 -0.119888 -0.042182 0.032122 0.118086 -0.005154 -0.022789 0.126241 0.150289 -0.083323 -0.224386 -0.028980 0.000156 -0.166447 -0.058410 -0.180065 -0.047241 0.057874 -0.089698 0.156796 0.040555 -0.087273 0.079720 -0.109804 0.002653 0.057085 -0.022511 0.008474 0.121121 0.096873 0.101912 0.035764 -0.005007 0.066651 0.017419 -0.000389 0.037367 0.010399 0.047807 0.154682 0.027996 -0.016454 -0.019869 0.115543 -0.007375 -0.214689 0.063862 0.157519 -0.047032 0.033203 0.193849 0.204195 0.047615 -0.114680 -0.042684 -0.009951 0.027474 0.163366 -0.061075 0.075036 0.122897 0.068481 -0.101571 -0.058723 0.088798 0.053913 0.006367 -0.059389 -0.017804 -0.112605 0.027888 -0.075110 0.019591 -0.026294 0.189575 0.051173 -0.002306 0.196210 0.225091 -0.076037 -0.012525 -0.054614 0.002152 -0.036657 -0.066945 0.156003 -0.096835 0.042221 -0.047136 0.108782 0.145214 -0.182507 -0.063573 0.113095 0.005211 0.146643 0.057827
-0.131564 0.092582 0.016639 0.026425 0.018891 0.071186 -0.003949 -0.067185 0.002021 -0.058828 0.185679 0.033427 -0.090791 0.087557 0.027321 -0.155243 0.032233 0.009410 0.021011 -0.030282 -0.060355 -0.019721 -0.090255 0.021256 0.052230 0.050336 -0.124124 -0.024509 0.159151 -0.261584 0.183508 0.067542 -0.113765 0.015725 0.075359 0.141590 -0.041543 -0.013887 0.113763 -0.121950 -0.180641 0.009555 -0.006686 0.034681 0.078517 -0.063631 -0.123443 -0.049727 -0.092785 0.071670 -0.028822 -0.008922 -0.013976 -0.089769 -0.115414 0.115613 -0.017497 -0.091980 -0.018807 0.021559 -0.072047 0.089897 -0.055192 -0.071720 0.074840 -0.009245 -0.123018 0.104425 -0.130832 0.138363 -0.087191 -0.037868 0.063218 0.043437 -0.047725 -0.082277 -0.000656 0.027435 -0.085883 -0.119206 -0.020570 0.027108 -0.137127 0.009596 0.045827 0.122284 -0.010474 -0.033674 0.109844 -0.000299 0.111572 -0.141101 0.099603 -0.141355 -0.021512 -0.008328 0.088125 0.161506 -0.031150 -0.066502
0.020252 -0.007660 -0.040420 -0.052060 0.047807 0.032980 0.112448 -0.227811 -0.127063 0.058948 0.074877 0.168290 0.026333 -0.112373 -0.092252 0.040240 0.049855 -0.110732 0.062958 0.058906 -0.089315 0.182133 0.175593 0.057070 0.001892 0.183824 -0.140698 0.090844 -0.132672 0.072967 0.011433 -0.024186 -0.064904 -0.134841 0.063785 -0.095239 0.287563 -0.006962 -0.037862 0.142873 0.002171 -0.108338 -0.004533 -0.111091 -0.135092 -0.261514 -0.143228 0.105117 -0.039172 -0.012576 -0.048015 -0.002194 0.152344 -0.041827 -0.008057 0.163125 0.038187 -0.109485 -0.215552 0.017609 0.092742 0.187872 -0.035576 0.058395 -0.025599 -0.172415 0.008232 0.079605 -0.116588 -0.016811 -0.245238 -0.050233 0.121678 0.108672 -0.021211 -0.008269 -0.015321 -0.137661 -0.089939 -0.165945 -0.123085 0.029693 0.118238 0.025749 -0.096918 -0.100830 -0.098028 0.003078 -0.012275 0.008988 0.040628 -0.171079 0.043077 -0.099522 -0.052166 0.044253 -0.145617 0.040021 -0.006003 0.023895
0.110482 0.009475 0.029570 0.155681 0.038177 -0.066568 0.119385 -0.019774 0.111285 0.104658 -0.129699 0.028834 0.131131 -0.143406 0.021920 0.042602 -0.126798 -0.051322 -0.070893 0.140255 -0.081981 0.015795 0.072919 0.048795 0.046029 -0.008968 -0.150205 0.117230 -0.151322 -0.165765 0.110606 -0.045049 -0.109930 0.011099 0.060863 -0.067204 0.243647 0.001212 -0.111612 -0.126665 -0.089296 -0.010429 -0.186320 -0.076099 0.059213 0.047207 -0.054444 0.059165 0.037634 -0.136660 -0.022955 0.121318 0.172182 -0.159106 -0.104330 0.050075 -0.110538 -0.049970 0.209004 0.021954 -0.113197 -0.134793 -0.151756 -0.208309 0.047663 -0.099112 0.037220 0.142611 0.055488 -0.085213 -0.112380 0.114628 -0.150929 0.044095 0.123814 0.068848 0.105293 -0.108515 0.157825 -0.092984 -0.079329 0.139564 0.087526 -0.042271 0.048894 0.022008 -0.078736 0.080297 0.109005 -0.129989 0.012959 -0.058986 0.134634 -0.000531 -0.027214 0.007438 -0.159172 0.093396 -0.032343 0.057381
0.016717 -0.018090 -0.075535 -0.002058 -0.002518 -0.042092 -0.077519 -0.166093 0.117922 0.137321 0.051870 -0.018715 0.081407 0.079733 -0.035391 -0.040274 0.104691 -0.023699 0.109561 -0.045129 -0.000668 -0.097906 0.118618 0.047672 -0.040483 0.099373 0.056606 0.030907 0.073209 -0.069188 -0.175713 -0.071800 -0.126992 -0.031304 -0.097990 -0.050904 -0.119429 0.016678 -0.020672 0.174544 -0.171068 0.072437 -0.165226 0.176116 0.242773 -0.051047 0.055065 -0.037371 0.012881 -0.093658 0.253279 -0.074541 0.063801 0.106686 0.200249 -0.015058 -0.096445 0.049551 0.021708 0.176340 -0.085376 -0.035718 0.127023 -0.098556 -0.010037 -0.009139 0.116375 0.133894 0.118234 -0.024395 0.069884 -0.084542 -0.014637 -0.046359 0.173357 0.058596 -0.040670 -0.064346 -0.110705 -0.195675 -0.054832 0.032712 0.028675 -0.154106 -0.085743 0.086132 0.014875 -0.241594 0.067446 -0.070552 0.107150 0.094287 0.135591 0.134831 -0.064477 0.088436 0.122804 -0.120282 -0.050507 0.066164
0.000703 -0.043911 -0.086969 0.111148 -0.089074 -0.039019 -0.085107 -0.130465 -0.025882 -0.024864 -0.004726 -0.085916 0.006729 0.010313 -0.153456 -0.122109 0.024412 -0.066059 0.085238 -0.044805 -0.049274 -0.047841 0.044471 -0.078310 -0.076953 -0.082230 0.099487 -0.015070 0.056810 0.043797 -0.158495 0.135081 -0.167215 0.063986 -0.071859 -0.112411 -0.029995 -0.004106 0.123119 0.240803 -0.102806 0.058148 -0.162080 0.134467 -0.085833 -0.159985 -0.142937 0.030414 0.055802 -0.084663 0.076342 -0.090682 0.189870 -0.011823 0.071595 -0.067221 0.000439 0.057045 -0.060745 -0.007219 -0.013766 -0.168969 0.072539 0.072959 0.075965 0.049258 -0.058669 -0.111832 0.011815 -0.222657 -0.026083 -0.172734 0.259416 -0.107250 -0.150678 0.091154 0.275599 0.104344 0.039553 0.040404 -0.029516 -0.009376 0.158127 -0.025944 0.344183 -0.030888 0.005761 -0.012112 -0.060850 -0.063268 -0.028084 -0.125737 -0.036522 0.037416 0.017424 0.149462 0.091186 0.107239 0.165014 -0.043606
0.095041 0.069985 0.198547 -0.083735 0.041686 0.141529 -0.146968 0.066323 -0.007655 -0.067130 0.153032 0.074857 -0.060610 -0.067154 -0.084877 -0.087826 0.026982 0.062273 -0.077272 0.067670 -0.065977 0.131435 0.196609 -0.092762 0.042639 -0.096044 0.048206 -0.061834 -0.011194 0.047171 -0.020335 -0.080367 0.239116 -0.171150 0.000885 -0.095324 0.012576 -0.112635 0.026827 0.093456 -0.088633 0.162085 -0.104961 -0.123584 -0.052989 -0.145259 0.032552 0.121451 0.062559 0.207036 0.044129 0.136566 -0.017920 0.034601 0.006140 0.146739 0.011804 0.041745 0.049891 0.308171 0.032331 -0.054824 -0.020109 0.143341 0.023455 0.052761 -0.012209 -0.025305 0.105059 0.152158 -0.022896 0.134081 -0.032406 0.186161 -0.104453 -0.018147 0.176291 -0.144895 -0.053476 0.047581 -0.055767 -0.020197 -0.046853 -0.252146 -0.179062 0.035324 -0.005994 0.082366 0.044322 -0.101411 0.034706 0.068814 -0.016487 -0.004316 -0.002091 0.077174 -0.099068 -0.022228 0.196256 -0.063706
-0.026160 -0.113615 0.047385 -0.024074 -0.011847 -0.005204 0.093257 -0.253678 0.088257 -0.016358 0.240886 -0.085929 0.173743 0.273054 0.140615 -0.003688 -0.010278 -0.166393 0.123517 0.113919 0.180237 -0.026797 0.108074 -0.080600 0.063931 -0.129826 0.058824 -0.036178 0.049601 0.093226 0.054875 0.134340 -0.060502 -0.089960 0.117005 -0.032938 0.193041 -0.197926 -0.007749 -0.112945 -0.124038 -0.078002 0.110304 -0.030233 0.023302 -0.072562 0.131678 0.024831 0.063251 -0.035621 -0.097892 0.020816 0.049108 0.094079 0.016754 -0.015025 -0.195761 -0.100377 -0.071228 -0.132978 0.036661 0.063958 -0.181495 0.052797 0.010770 -0.001425 0.058700 0.112229 0.056197 -0.072844 0.156316 0.034612 -0.122363 0.149840 0.140451 -0.046145 -0.007221 0.035462 -0.111448 -0.034099 -0.035224 0.128764 -0.073258 -0.095082 0.088433 0.092486 -0.174823 -0.006399 -0.093185 -0.053986 0.016824 -0.052517 -0.012061 -0.028342 0.026253 -0.103030 -0.045804 -0.053497 -0.057496 0.038738
0.143664 -0.037613 -0.146826 -0.017461 -0.072688 -0.022460 -0.110180 0.049341 -0.120948 -0.026772 -0.156243 -0.014402 -0.076055 -0.171284 0.029607 0.060970 -0.111656 0.085431 -0.145419 -0.063141 -0.003172 0.018304 -0.001237 0.143563 0.058929 0.127823 0.122160 0.159733 0.021439 -0.050933 -0.078325 -0.004162 -0.134549 0.056936 -0.050336 0.115594 -0.045521 0.100237 0.039091 -0.100127 0.170452 -0.015977 -0.178721 -0.027569 -0.122488 0.140649 0.072833 -0.152401 -0.010668 0.105022 -0.018383 0.062327 0.030003 0.120435 0.126702 0.011928 0.014107 0.084037 0.042123 0.002802 0.060484 0.018692 0.079786 0.214877 0.111006 0.135770 -0.046017 -0.005032 -0.231896 0.033519 0.005287 0.025304 -0.169349 -0.044842 0.221552 0.216268 0.048803 0.118914 0.029392 -0.002447 -0.069313 -0.042179 0.055105 0.086342 0.052856 0.143658 0.068725 -0.040696 0.022925 0.099481 0.043125 0.091128 0.095816 -0.074608 0.038482 0.150812 -0.206111 0.043555 0.124241 0.066280
0.172115 0.151016 -0.102753 -0.011684 -0.042469 0.059497 0.072137 0.022139 -0.218416 0.039881 -0.050611 -0.152777 0.102554 -0.074525 0.002953 -0.113958 -0.138176 -0.081442 0.042960 -0.139775 0.120584 0.027207 0.133519 -0.137512 -0.125215 0.110904 -0.178063 -0.142224 -0.085314 0.205968 0.086157 -0.014733 -0.087705 -0.129596 -0.007201 0.001568 -0.067935 -0.067794 0.024301 0.148935 0.052373 -0.170437 -0.007928 -0.101091 0.032012 0.084960 -0.142614 0.093814 -0.064032 -0.006894 -0.092461 0.115473 -0.105233 -0.118167 -0.001466 -0.090323 0.037346 -0.123428 0.055546 0.152345 -0.116439 0.027798 0.000025 -0.120842 0.032688 -0.079245 0.100344 0.268490 -0.034275 0.038646 -0.046918 0.111037 0.115513 -0.130198 0.217955 0.010808 0.097196 0.083741 -0.005207 0.056571 -0.004359 -0.229824 0.168289 0.082102 -0.029810 -0.116177 0.101447 0.008440 -0.114750 -0.168477 0.053450 0.070507 -0.017779 0.087258 0.120995 -0.082361 0.102029 0.198673 0.073711 -0.021686
-0.057177 0.027915 0.190377 -0.025737 0.042166 -0.071865 -0.036141 -0.093258 0.074296 0.019158 0.046731 0.166300 0.100172 -0.011173 0.161397 0.052100 0.119145 0.040281 -0.047853 -0.056110 -0.005122 -0.057634 -0.056786 0.082921 0.063777 0.105902 -0.045035 -0.057060 -0.075224 -0.151406 -0.118757 0.006269 -0.137755 -0.036069 -0.070017 0.043526 0.014078 -0.091615 -0.035546 0.189073 -0.161149 0.052331 -0.123525 -0.061076 0.075217 0.181724 0.056193 0.071903 0.043701 0.000617 0.103823 -0.024145 -0.054383 0.001153 -0.089919 -0.106325 -0.187917 -0.065255 0.018045 0.082418 -0.048600 -0.018173 0.017669 0.168604 -0.017863 -0.005224 0.024095 -0.065536 -0.131756 -0.032451 -0.104831 0.173554 -0.062473 0.183761 -0.144296 -0.044465 -0.192623 -0.011842 0.112604 0.142257 0.037885 0.030333 -0.131136 0.071005 0.087582 -0.055515 0.009213 -0.069470 -0.031741 -0.072019 0.078670 -0.111392 -0.065117 -0.001650 -0.074647 0.157665 -0.013984 0.002610 0.034814 -0.006865
-0.026720 -0.043052 0.159398 0.042808 -0.017348 0.029604 0.071314 -0.094853 0.129024 -0.049903 -0.066978 -0.049906 0.215320 -0.009725 -0.044819 -0.145719 -0.204865 0.022336 -0.042446 0.045397 -0.011221 0.139345 -0.209960 -0.169684 0.146395 -0.099940 0.028024 0.064436 0.077407 0.029573 0.053804 -0.065392 0.121783 -0.071027 -0.076897 -0.063971 0.000256 -0.112108 -0.012742 -0.057497 -0.182579 -0.105714 0.023894 0.022497 -0.084580 -0.074742 0.014848 0.162659 -0.085422 0.065116 0.036011 0.051689 0.066620 -0.098058 -0.019994 -0.034734 0.078218 -0.029631 -0.137889 0.116219 -0.075412 -0.016708 0.002414 -0.175317 -0.022236 -0.277973 0.108885 -0.004512 0.045786 -0.010817 0.062001 0.142908 0.104546 0.197982 0.138834 0.014305 0.030147 0.012450 -0.122319 -0.044056 -0.078983 -0.018441 -0.000151 0.026396 -0.029426 0.052616 0.158534 -0.119518 0.051555 0.210595 -0.063113 0.039691 0.032371 -0.147798 -0.037241 0.224456 0.127325 0.023515 -0.143387 0.103538
-0.199079 0.012107 0.048529 0.049247 -0.184541 0.027404 0.051398 -0.021391 -0.085480 -0.033570 0.037604 0.084405 -0.031756 0.035839 -0.089451 -0.035018 -0.011271 -0.011744 -0.132902 0.070427 0.015675 -0.236528 0.074034 -0.189385 -0.108285 -0.208287 0.121538 0.008451 -0.151612 0.191292 -0.243328 0.149864 -0.003669 0.076447 0.063583 -0.129228 -0.050951 -0.053348 -0.148426 -0.053910 -0.008300 0.025148 -0.099761 0.088989 -0.190306 -0.107261 -0.037312 0.075037 -0.134622 0.000293 0.219621 -0.010675 -0.058153 0.087967 -0.174156 0.232015 0.082650 0.213230 -0.160478 -0.057546 -0.146681 -0.014353 -0.167629 0.029675 0.192626 -0.020809 0.087707 0.094020 -0.042816 -0.112861 -0.022496 0.039355 -0.046760 0.170268 0.212095 -0.065863 0.010959 -0.089485 -0.033876 -0.061193 0.034282 -0.018699 0.111159 0.004239 0.162167 0.139146 0.196642 -0.186978 -0.044464 -0.004662 -0.079069 0.077372 -0.099704 0.167155 -0.082326 0.001964 -0.180661 -0.095673 -0.130106 0.058169
-0.099174 0.045201 0.108882 0.179185 0.140710 0.027120 0.076704 0.175223 -0.007484 -0.174086 -0.046443 0.090213 -0.036742 -0.122365 0.057366 -0.124614 0.034228 0.124719 -0.027590 0.063929 -0.045999 0.009354 0.243770 0.091686 0.036781 -0.044988 -0.154721 0.116063 0.118978 0.005027 -0.106868 0.031537 0.068891 0.084993 0.091664 0.056929 -0.014487 0.090833 -0.000086 -0.030285 0.069165 0.072607 -0.065690 0.043433 0.102614 -0.024588 0.107986 0.119473 0.215909 0.077969 0.130686 -0.192951 -0.037786 -0.109388 -0.082043 0.100188 0.036224 -0.226136 -0.149611 -0.021334 0.028876 0.112686 0.021490 -0.081357 -0.040858 0.215299 -0.015281 -0.089381 0.028183 0.021740 0.083769 -0.175286 -0.066762 -0.197953 -0.022805 -0.190243 0.044144 -0.051624 -0.158594 0.131027 0.098823 -0.185747 0.127612 -0.002301 -0.026214 -0.036452 0.086672 0.089948 -0.071639 0.117144 -0.042514 0.112777 -0.043401 -0.055122 0.021704 -0.067311 -0.080660 -0.110083 0.021756 0.069912
-0.222101 -0.084824 -0.082017 0.152566 0.074206 -0.112709 0.123916 -0.018074 0.012896 0.058923 -0.036943 0.069478 0.006868 -0.028123 -0.016999 0.135730 0.034738 0.081515 0.087625 -0.049274 0.016081 0.034633 0.068192 0.119320 0.061773 -0.007341 -0.162703 -0.048623 -0.122641 0.054127 0.001299 -0.128238 -0.070933 0.176177 0.030560 -0.065873 -0.235313 -0.025530 0.052837 -0.089876 -0.025619 0.176993 0.002613 0.231643 -0.014678 -0.062094 -0.020917 -0.195933 0.026931 -0.149859 0.158338 0.010286 -0.113055 0.012150 0.078719 0.022073 -0.034007 -0.092461 0.003499 0.187517 0.109112 0.071016 0.037119 -0.022455 0.198668 0.141351 0.196914 0.060357 -0.084027 -0.004093 -0.084097 0.000277 -0.184840 -0.180221 -0.063939 0.155278 -0.165925 0.028527 0.182416 -0.028119 0.082365 -0.097887 0.023514 0.108881 0.129806 -0.111770 0.041092 0.000112 -0.020932 0.057102 0.003828 0.006801 -0.060289 0.008667 0.162588 -0.097055 -0.092774 0.153335 -0.010501 0.058985
0.013322 -0.055405 0.151497 0.118136 -0.043111 -0.115198 -0.046617 -0.010318 0.177902 -0.099432 0.065261 0.002479 -0.001654 -0.073077 -0.063459 -0.012657 -0.091393 -0.064377 0.054677 -0.152801 -0.004726 -0.004998 0.085210 0.027797 0.068914 0.123209 -0.194050 -0.009202 -0.066404 -0.024573 0.037649 -0.049770 0.025942 0.075598 -0.078220 -0.163121 -0.062818 -0.080962 0.103440 0.018399 -0.042745 0.010440 -0.094157 0.201819 0.180200 -0.112781 0.087207 -0.097482 -0.037029 -0.133534 0.128961 0.099419 0.035748 -0.122056 0.015459 -0.038584 0.123611 -0.018805 0.025883 0.087496 -0.007501 0.087528 0.202039 -0.002586 0.019995 0.011234 -0.030706 0.020372 0.077234 0.206146 -0.070777 -0.180038 -0.073977 -0.073854 -0.122059 0.150535 -0.007911 -0.019404 -0.036571 0.075475 -0.121916 0.050825 -0.133928 -0.205169 0.120462 0.015468 -0.111995 -0.003738 -0.112332 0.075291 0.075849 -0.032521 -0.067794 -0.149444 -0.041543 0.105683 0.080759 -0.045084 0.113764 0.059108
-0.101841 -0.030128 -0.051894 0.047949 0.084926 -0.010374 -0.221187 0.006132 0.147286 0.071010 -0.055919 -0.032588 -0.177761 -0.114767 -0.050108 -0.187795 -0.027278 -0.084726 0.000804 -0.057562 -0.041987 0.037013 0.195718 -0.014470 -0.139989 -0.125188 -0.012477 0.042704 -0.039184 -0.030833 -0.163108 0.195675 -0.170965 -0.149803 -0.066065 -0.051639 -0.020118 -0.029756 0.144020 0.015778 -0.022931 0.005738 -0.012928 -0.234626 -0.160496 0.060404 -0.062553 0.003227 -0.159296 0.009204 0.030889 -0.041273 -0.134199 0.089232 0.037538 -0.075009 0.009080 -0.032045 -0.065828 0.048621 0.036832 -0.181423 0.165778 0.108603 -0.095862 -0.032150 0.164733 -0.031990 0.060880 -0.050278 -0.000403 0.123156 0.056403 0.070456 -0.096560 0.012634 0.063555 0.020959 -0.056730 -0.149608 0.029373 0.025805 0.078255 0.033680 0.076520 -0.050221 -0.080086 -0.115081 -0.060285 0.035484 -0.077531 -0.001282 0.008609 0.065094 -0.018798 0.004760 -0.004358 -0.196387 -0.293549 -0.228808
0.026036 0.165317 0.100178 0.009620 -0.128287 0.038098 0.087651 0.062519 0.123454 0.046536 0.146466 0.022520 -0.222618 -0.049748 0.015373 0.040266 0.001329 0.059298 0.053107 -0.057191 0.083242 0.085169 -0.062873 -0.025254 -0.106081 0.066367 -0.009038 -0.062377 -0.165110 -0.063806 -0.167080 0.104023 0.041035 -0.011668 0.064527 -0.001401 0.087948 -0.140039 0.003031 -0.062392 0.075490 0.123431 -0.120524 -0.049208 -0.050568 -0.066968 0.086052 -0.005105 -0.053528 -0.091537 0.062493 0.078158 -0.013963 -0.160693 0.057092 -0.040915 -0.016369 0.077803 -0.082228 -0.156590 -0.149489 -0.010088 -0.008900 -0.021444 -0.204720 -0.057148 -0.035461 -0.029609 -0.090973 -0.002660 0.162707 0.078749 -0.107864 -0.025505 -0.016068 0.109808 0.047333 -0.110980 0.157062 -0.204527 0.093595 -0.157885 -0.144189 -0.120194 0.181521 0.054316 -0.094984 -0.314846 -0.053049 0.000405 0.215928 0.081460 0.078775 -0.053703 0.007806 0.224555 -0.033770 -0.053547 0.131373 0.133507
0.037271 0.037203 -0.024895 -0.094362 0.047838 -0.073729 -0.001266 0.074649 -0.218500 -0.074065 -0.080249 0.094727 -0.007709 0.027696 0.046977 0.072636 -0.134825 0.081759 -0.168103 0.090361 -0.121415 0.179798 -0.079459 -0.044464 0.055371 0.077114 -0.033012 -0.078786 0.030107 0.097531 0.141984 -0.034593 0.006160 -0.071620 0.001355 0.064702 -0.010497 -0.238787 0.108521 0.093671 -0.192787 0.046449 0.190154 0.042889 -0.044243 -0.067995 -0.001769 0.106112 0.195633 0.034922 0.010492 0.178786 -0.108026 -0.017553 -0.066086 0.052397 -0.250180 0.187105 0.131307 0.019676 -0.097563 0.172958 -0.097837 -0.013358 0.050301 0.078995 -0.056685 0.111819 0.046743 0.146086 0.010135 0.147482 -0.030141 0.080474 0.041647 0.051348 0.014150 -0.270457 0.065669 0.005790 0.070889 0.031926 0.089222 0.283722 0.174940 -0.000357 -0.016693 0.182575 0.142774 0.028679 -0.154707 0.135694 0.051559 0.059017 0.227212 -0.053815 -0.120817 -0.028632 -0.057491 -0.008745
-0.075880 -0.002918 0.024672 -0.092084 0.038719 -0.181378 0.246906 -0.151408 0.059781 0.154595 0.013115 -0.035318 -0.129363 -0.066336 -0.138894 -0.189443 -0.052650 -0.043879 0.044984 -0.053547 0.036415 0.055495 -0.001400 -0.073536 -0.090469 -0.104196 -0.025624 -0.108246 -0.071304 -0.082504 0.130976 0.050450 -0.092341 -0.054170 0.065793 0.053818 -0.157936 0.104855 0.099627 0.013083 -0.179039 0.070599 -0.136722 0.140037 -0.008791 0.066798 -0.069681 -0.010781 0.039795 -0.053187 0.025551 -0.021943 0.044173 0.145408 0.084732 -0.291403 -0.179568 -0.071738 -0.030163 -0.067498 -0.038947 0.003285 -0.044135 -0.025048 -0.085927 -0.013990 -0.000406 -0.064323 -0.074741 -0.076971 0.081861 -0.134260 -0.038520 -0.121335 -0.018149 -0.172820 0.156938 -0.055589 -0.209656 0.010867 -0.036468 0.159892 0.101869 0.101586 -0.047466 0.052050 -0.002417 0.037839 0.057285 -0.107685 -0.075301 0.083421 -0.049053 -0.000058 -0.021244 -0.037088 0.029980 -0.117085 -0.220695 -0.004671
-0.080644 0.142010 -0.010232 0.044825 0.030794 -0.004763 0.180139 -0.076042 -0.002014 0.059729 -0.079804 -0.117467 -0.054297 0.102429 0.049257 -0.017630 0.036040 0.022416 -0.046280 -0.056189 0.229261 0.165764 0.015335 0.010319 -0.200447 -0.000020 -0.048005 -0.069935 0.097347 -0.055980 -0.076062 -0.120422 0.124069 -0.100522 0.039810 0.014872 0.056838 0.071737 0.070505 0.202324 0.101591 0.028611 0.132064 0.048861 0.155659 0.000380 -0.104983 -0.064824 0.050025 0.034656 0.024772 -0.078203 -0.039493 0.132034 -0.037325 -0.072597 -0.130952 0.030142 -0.197002 0.023882 0.074260 -0.138997 -0.104262 -0.141307 -0.200557 0.117288 -0.029233 -0.105012 -0.033864 0.200618 -0.031080 -0.107653 0.042360 -0.076900 -0.104311 0.146546 0.040449 0.126989 0.224384 -0.049263 0.122066 0.027597 -0.088354 0.042100 -0.046385 -0.103560 -0.082080 0.085851 -0.023841 -0.034174 0.198280 0.095716 0.170561 -0.001340 0.034068 0.021075 -0.055430 0.087493 -0.049556 0.148546
0.036593 -0.023055 0.023473 0.015144 -0.138343 0.040880 0.036208 -0.167573 0.162592 0.137131 -0.016265 0.040233 -0.053348 0.024163 0.056219 -0.182187 0.148693 -0.138397 -0.033179 0.103009 -0.224566 -0.211149 -0.063658 0.182951 -0.025251 0.036720 0.009538 0.013964 -0.164006 0.109595 0.002933 -0.056475 -0.122249 0.070054 -0.064981 -0.118149 -0.218532 -0.066865 -0.126850 0.075327 0.069250 -0.052626 -0.057209 0.048402 0.218043 0.085285 0.088475 0.021043 -0.157778 0.048297 0.018898 0.000411 0.036279 0.086753 -0.095684 0.036050 -0.059460 -0.049173 -0.098942 -0.077839 0.000395 0.136091 -0.041002 0.213644 -0.413990 0.094311 0.023749 0.122034 -0.158293 0.089438 -0.124688 0.137687 -0.048052 0.101326 -0.068398 0.006483 0.068323 0.046987 0.095070 0.014542 0.104981 0.125857 -0.036271 -0.207395 -0.046244 -0.032933 0.047960 0.130707 -0.035392 -0.068908 -0.034986 -0.223336 0.097604 -0.079452 -0.031860 0.096846 0.041753 -0.200558 0.203805 0.111898
-0.050548 0.049283 0.045159 0.063569 0.033756 -0.186429 -0.030773 0.082860 0.185101 -0.078902 0.083926 -0.122949 0.070149 -0.106623 -0.160495 0.034060 0.076954 -0.119526 0.055755 0.026875 -0.041093 0.015665 0.032434 -0.030812 -0.241291 -0.188709 0.107981 0.070175 0.145161 -0.000993 0.138588 0.003778 -0.035850 0.066581 -0.011154 0.035482 0.047628 -0.025612 -0.151607 -0.039808 -0.029457 -0.122326 0.041959 -0.162241 0.061368 0.024753 -0.017492 0.050275 -0.076467 0.000576 -0.145913 0.105682 -0.069550 -0.027696 0.046593 -0.011133 0.003535 0.042928 -0.116996 0.047923 -0.177688 -0.014536 0.015057 0.026392 0.078696 -0.000219 0.103480 -0.094388 0.124283 0.119935 0.156322 -0.109809 -0.063700 -0.180648 -0.119514 0.121410 -0.020794 -0.007250 0.028934 0.191650 0.082340 0.139790 -0.128645 -0.012913 -0.045839 0.053103 0.022796 0.039613 -0.032839 0.189999 -0.080370 -0.028070 0.034681 -0.093600 0.100368 -0.071029 -0.105755 -0.039489 -0.074145 -0.007661
0.093156 0.005914 -0.017069 0.150573 -0.036630 -0.027856 0.019388 -0.191444 0.114936 -0.176981 -0.021726 0.072082 0.068949 0.104545 -0.082458 -0.086734 -0.101586 -0.105478 -0.082405 -0.091699 0.036583 -0.010060 0.117983 -0.081480 -0.107861 0.016303 0.015363 -0.033176 -0.158499 -0.228553 -0.105507 0.014051 -0.007789 0.027347 0.076159 -0.110063 0.029955 -0.019045 0.033997 -0.162761 -0.156557 0.088112 0.028884 0.155352 0.122993 0.002559 -0.002001 0.022209 0.028711 0.018952 -0.007804 -0.043584 0.204735 0.009568 0.096751 0.029246 -0.043063 -0.208201 0.217016 -0.021228 0.234113 -0.203949 0.103089 -0.008527 -0.104191 -0.007858 -0.023381 0.041142 -0.065861 0.164955 -0.042646 -0.015025 0.010559 0.072955 -0.089339 0.138798 0.012595 -0.172844 0.113281 0.035579 -0.090170 0.125450 0.022345 0.119005 0.141920 -0.039829 -0.072890 -0.065967 -0.063112 -0.049964 -0.071737 0.222303 0.034374 -0.232246 -0.003758 0.114377 -0.145037 0.143301 0.071563 0.165313
-0.016704 -0.178252 0.029259 -0.049463 -0.087255 0.078181 0.039396 -0.077044 0.003110 -0.046330 0.187470 -0.135251 -0.015270 0.006187 0.054088 -0.053095 -0.058211 -0.044538 -0.003430 -0.260309 -0.102182 -0.009637 -0.124052 -0.153593 -0.071988 -0.031831 -0.203195 -0.127074 -0.117090 -0.168982 -0.009951 0.012153 -0.070630 0.048043 0.035622 -0.122881 -0.150693 0.001513 0.020104 -0.171449 0.021956 0.075913 -0.226838 -0.047456 0.140912 -0.124999 0.229708 0.082044 -0.084821 -0.000061 -0.053094 -0.105023 -0.021168 -0.044592 -0.083095 -0.007127 -0.112373 -0.049473 -0.102654 0.070802 -0.064171 0.160155 0.052813 -0.086059 -0.017099 -0.175233 0.134248 -0.040663 -0.039858 -0.049012 0.048862 -0.031114 -0.129013 0.005939 0.040922 0.017842 -0.093142 0.014241 0.167168 0.049055 -0.042602 -0.039923 0.048486 -0.145949 0.035411 0.064387 0.048371 0.073579 0.180461 -0.010338 -0.135099 -0.051028 0.102672 0.127044 0.083094 0.093014 -0.052266 -0.016778 0.175367 0.033859
-0.153185 0.098718 0.023053 -0.007188 -0.008326 0.154569 -0.055300 -0.036853 -0.182176 -0.024868 0.096174 0.105639 -0.005641 0.154177 -0.069763 -0.026802 0.062971 -0.072846 0.000499 -0.017599 -0.006355 -0.079603 0.055044 -0.049851 0.113954 -0.140462 0.189283 -0.072740 0.144013 0.066119 0.161179 -0.049424 0.033134 -0.213577 -0.140121 -0.021095 -0.086897 0.038603 -0.184380 0.020069 0.024201 0.167261 0.004261 -0.226156 -0.088064 -0.022925 0.109096 0.045999 -0.060900 -0.092644 -0.044455 0.099173 0.094260 -0.291490 0.049378 -0.035593 -0.070318 0.078816 -0.003508 0.029508 0.056564 0.070508 0.095436 0.018308 0.102113 0.146372 -0.111672 0.103865 -0.020792 0.233873 -0.056232 0.016497 -0.163006 -0.097822 -0.060353 0.094612 -0.119409 0.081436 0.062420 -0.104928 -0.141788 -0.035981 0.024818 -0.119397 0.012173 0.136188 0.017980 -0.058047 -0.036204 -0.068171 0.202746 -0.143309 -0.203865 0.047683 -0.128783 0.062170 0.043636 -0.071342 0.008966 -0.083759
0.137754 0.014983 0.020245 -0.025050 0.016550 -0.010011 -0.162021 0.024665 0.016466 -0.148774 0.056609 -0.002111 -0.073641 -0.039098 0.062327 -0.124482 -0.079982 -0.225522 -0.003473 -0.017393 -0.106759 -0.044288 0.221416 0.240250 -0.152424 -0.085406 -0.055603 -0.074968 -0.144020 0.104511 -0.074781 0.107010 0.061257 -0.098243 0.084583 -0.073540 -0.117100 0.332285 -0.166651 0.106541 -0.141623 0.112027 0.173575 -0.050006 0.007151 0.131858 -0.143155 -0.108559 0.047823 -0.009084 -0.175633 0.063317 -0.080129 0.021974 0.017399 0.047086 -0.035646 -0.176850 0.052402 -0.027242 -0.148022 0.134475 0.043848 -0.068312 -0.017235 -0.084050 0.013073 -0.021837 -0.171219 0.040482 0.069164 0.012341 0.069980 0.031314 -0.116440 0.127738 0.053007 -0.048820 0.006218 -0.161510 0.090812 -0.058050 -0.183034 -0.102002 -0.019212 0.078010 -0.023120 0.030963 0.091295 0.074330 -0.219923 0.008484 0.102733 -0.026364 0.060230 -0.003130 0.018620 -0.046828 -0.015112 0.108958
-0.037492 0.103205 -0.008983 -0.071246 -0.021090 0.000675 -0.007402 -0.162923 0.092615 -0.120723 0.195876 -0.021131 -0.165131 -0.064107 0.174327 0.224221 0.041279 0.075620 0.081243 -0.073954 0.102197 0.145883 -0.159759 -0.074908 0.089848 0.003452 -0.026349 0.037918 -0.083266 -0.052569 0.100875 0.017265 0.111969 -0.113656 0.034240 0.091493 -0.101030 0.150009 -0.104687 0.114315 0.115887 -0.089561 -0.032685 0.067395 0.101953 0.167978 0.031276 -0.041623 0.110096 -0.031091 0.064456 -0.102105 -0.110188 0.097509 0.108254 -0.028297 -0.005725 -0.033213 -0.028715 -0.135581 -0.065176 0.266951 0.065414 0.054808 -0.017867 0.004128 0.047421 -0.008137 0.057221 -0.075336 0.068722 -0.302889 0.067271 0.097050 -0.143304 0.069010 -0.084794 0.053906 -0.067461 0.067737 0.058656 -0.101748 -0.035137 0.017652 -0.086755 0.048647 -0.022166 0.084150 -0.014045 0.163589 0.063097 -0.004586 -0.162986 0.149941 0.139082 -0.063204 -0.161457 -0.159725 0.086234 -0.009278
0.080462 -0.136313 0.155347 0.005218 0.058822 0.112462 0.161012 0.033391 -0.016132 0.042672 -0.064172 -0.095242 -0.001096 -0.069730 0.014507 -0.045938 0.105832 -0.003824 -0.100841 -0.288899 0.012724 0.043218 -0.065709 -0.074261 0.035531 -0.124277 0.138457 0.090677 0.062338 0.162531 -0.024754 -0.079934 -0.176877 -0.114230 0.143323 0.003920 -0.182361 0.021735 0.115391 -0.099146 -0.065853 0.120293 0.047211 0.028332 -0.088784 -0.119987 -0.017800 0.068714 0.028314 -0.097356 0.055261 -0.089059 0.074947 -0.023289 0.163917 0.067278 0.125232 0.023741 -0.024536 0.040744 -0.112162 -0.029566 -0.165388 0.082827 0.006142 0.095725 0.073957 -0.016490 -0.081376 -0.000030 0.026519 -0.010947 0.012354 -0.032860 -0.022857 -0.117974 -0.157957 0.222476 -0.053357 0.096543 0.156639 0.170100 0.224502 0.015104 -0.025820 -0.083397 -0.054802 0.075932 -0.092204 0.171073 0.055071 -0.154108 0.207958 0.024108 -0.052875 0.039246 -0.026157 -0.215327 0.114695 -0.097429
0.030820 0.095469 -0.125798 0.002276 0.068990 0.009507 -0.008892 0.134397 -0.067616 0.042647 -0.051672 -0.051155 0.039724 0.145934 0.034763 0.075932 0.006202 -0.153329 0.033090 0.070530 0.059768 -0.010417 0.070724 -0.026255 0.006981 -0.023922 0.043574 -0.175983 0.114001 -0.121016 0.159319 -0.079619 -0.123816 0.025615 -0.031864 -0.136535 0.246501 -0.022682 0.063810 0.015844 -0.156959 -0.084557 0.119156 0.184833 0.008382 0.101527 0.036327 -0.172578 -0.032228 -0.066542 0.033931 -0.063589 0.015336 0.023026 0.116870 -0.150887 -0.028103 0.154919 -0.061673 0.029685 -0.030497 0.134352 -0.000524 -0.037344 0.074762 0.101816 -0.088515 -0.077755 0.132984 0.042317 -0.068541 -0.065049 0.118006 0.052782 0.015775 0.077042 0.067113 -0.084038 0.029399 0.027321 0.122247 -0.027314 0.032468 -0.010987 -0.263037 -0.037136 -0.141969 -0.070563 -0.081729 0.135900 0.049390 -0.048655 -0.250697 -0.120680 -0.000339 -0.043308 0.131686 -0.010183 -0.013880 -0.145539
-0.222092 0.057598 0.139727 -0.023056 0.076477 -0.021754 0.036421 -0.104880 0.002078 0.018380 0.089722 0.060381 -0.106212 -0.122057 0.004516 -0.095933 -0.094525 -0.062909 0.002475 0.110878 0.098995 0.017229 0.015470 0.090734 0.005362 -0.094922 0.081716 0.085522 -0.042500 0.030261 -0.251197 0.113926 -0.108638 -0.061221 -0.108772 -0.035947 0.003883 0.030164 -0.051754 0.028855 -0.023802 0.152734 -0.095557 0.234325 -0.164795 -0.157974 -0.087494 0.123031 -0.022433 -0.267880 -0.048125 -0.048502 0.052503 0.023769 0.093983 -0.041459 -0.157547 -0.102678 0.203224 0.067859 -0.079012 0.001707 -0.039133 -0.221426 -0.040028 0.070238 -0.066046 0.159273 0.069230 -0.059403 -0.081631 -0.135665 0.077852 -0.048480 0.056596 -0.133348 -0.032866 -0.030403 -0.133751 -0.031411 0.055792 0.176086 0.165550 0.025067 0.033436 0.084571 -0.025095 0.126628 0.060647 0.078847 0.071683 -0.062967 -0.009207 0.067433 -0.091495 0.143171 0.045889 -0.046628 0.093338 -0.018271
-0.046999 0.015920 0.018673 -0.045063 0.088568 -0.063022 0.031722 -0.057247 0.268287 -0.000860 -0.292930 0.036685 -0.241028 0.016730 0.025948 -0.100098 0.151179 -0.117074 0.069451 0.139537 -0.142959 -0.000221 0.126205 -0.050411 0.072296 0.041636 0.149377 0.045830 0.128405 -0.035225 -0.127267 -0.036845 -0.058320 -0.051196 -0.098730 0.100335 -0.084429 0.040047 -0.052750 0.006379 0.146484 -0.068034 0.101421 -0.068247 0.015443 0.025274 0.137197 -0.049871 -0.012322 0.110876 -0.238258 0.081053 0.061545 0.080874 -0.139359 0.007703 -0.118458 0.050317 0.096864 -0.058340 0.122989 -0.009415 0.047438 0.036006 -0.294245 0.057365 0.103353 0.053331 -0.062872 -0.059086 0.070626 0.194576 0.048406 0.163401 -0.134549 -0.251086 0.105617 -0.036745 -0.099746 0.055693 -0.056650 -0.099454 0.078663 -0.055887 0.128241 -0.070613 -0.018349 -0.005502 0.020547 0.085536 0.029415 -0.130321 -0.010399 -0.060067 -0.010674 0.081894 0.100585 0.002024 0.104463 0.011901
-0.066479 0.176074 -0.061230 0.043907 -0.130255 -0.189867 0.155422 0.002592 -0.011572 0.112379 0.161288 -0.084588 -0.129767 -0.012205 -0.146892 0.020564 -0.124004 0.056446 -0.181586 0.099588 0.090893 0.091824 -0.037881 -0.131952 0.095561 0.022973 0.032149 -0.072025 0.066376 -0.006740 -0.039133 0.017279 -0.230736 0.025659 0.022416 -0.099219 0.044467 0.046974 0.014007 -0.009168 -0.077279 -0.217398 0.079438 0.049528 -0.063457 -0.019610 0.080100 0.062334 -0.113933 0.090574 -0.219599 0.099781 0.075396 0.147231 0.010230 0.282409 0.121214 -0.090073 0.050453 -0.095969 0.038452 0.099447 0.011045 -0.016980 -0.026483 -0.046589 -0.106930 -0.057368 -0.062414 -0.033642 -0.097777 -0.085141 0.085361 -0.101135 -0.047720 0.056323 0.000473 -0.112201 -0.043113 0.060106 0.016139 0.205290 0.067651 0.024152 0.035840 0.208178 0.097695 -0.063183 -0.118652 0.036675 0.034402 -0.067704 -0.108400 0.198997 -0.036157 0.027994 -0.195642 0.074875 -0.081483 0.021563
-0.050020 0.083431 0.188455 0.026404 0.096652 -0.056800 -0.117713 0.075225 0.090933 -0.005839 0.154841 -0.041403 -0.012798 -0.019195 -0.156413 -0.047557 0.078541 -0.062493 -0.029433 0.064549 -0.183768 -0.006937 -0.061635 -0.072463 -0.105498 -0.039390 -0.215467 -0.086327 -0.014147 0.069023 -0.021183 -0.211133 -0.071146 0.022907 0.043054 -0.012923 0.087142 0.043038 0.007056 0.096701 0.122389 -0.038532 -0.191826 0.010749 -0.005249 0.063445 0.106665 0.076576 0.048665 -0.072310 0.051916 0.041066 0.196850 0.132314 0.027261 -0.018521 0.232187 -0.070625 0.051823 -0.176267 -0.042045 0.142381 -0.137969 0.204698 0.014556 0.011637 -0.150432 0.013692 -0.149780 0.073723 -0.041313 -0.056538 -0.085930 0.021705 0.060787 -0.224232 -0.102518 -0.196401 -0.092213 -0.077827 -0.093826 0.064458 -0.111805 0.086366 -0.040908 -0.064400 -0.090573 0.127135 -0.116234 -0.069811 -0.043861 -0.081534 0.107078 0.005306 -0.250720 0.063280 0.007671 0.016692 0.008223 -0.011870
-0.166079 0.002955 -0.019287 0.016683 0.048057 -0.113680 -0.031678 0.207181 -0.105724 -0.079753 -0.152180 -0.108315 0.025376 0.028926 0.126165 -0.181969 -0.041622 -0.043769 0.022677 -0.041936 0.019326 -0.109260 0.005463 -0.008368 0.000062 -0.062737 -0.199144 0.033432 0.117509 -0.024205 0.052569 0.039654 -0.094898 -0.069197 -0.171473 -0.050898 -0.076122 0.034873 0.081164 0.036996 0.146252 -0.037900 0.109465 0.140033 -0.054137 -0.073804 -0.109663 0.019622 0.086858 0.121991 -0.081517 -0.066787 0.015996 -0.200263 0.013494 0.020081 0.004020 -0.089839 -0.188704 0.022235 0.011107 0.044868 -0.031574 -0.035289 0.149764 -0.101823 0.028286 0.029699 -0.023061 0.138893 0.060499 0.084191 0.016908 0.079557 -0.102128 -0.013834 0.169261 0.125076 0.091724 -0.125756 0.020540 -0.059696 -0.060718 -0.200555 -0.008353 0.064507 -0.016112 0.078450 -0.080079 0.006034 -0.013700 0.127207 -0.067738 -0.025415 -0.044401 0.002794 0.214625 -0.037073 0.170004 -0.144769
-0.008363 0.189920 -0.013428 0.052927 -0.092391 -0.123000 0.104153 0.008918 -0.004249 0.184568 0.026103 0.114655 0.040683 -0.109703 -0.168351 -0.053795 0.031807 -0.084463 -0.075392 -0.122251 0.007500 0.020693 0.047540 0.179451 0.077709 -0.014898 -0.001144 0.033460 0.015906 0.130890 -0.041619 0.011593 -0.035542 0.005631 -0.122367 0.055243 0.178895 -0.174859 -0.086130 0.061763 -0.106032 -0.013824 0.062383 0.134025 -0.016478 0.186124 -0.170216 0.126814 0.145281 -0.010987 -0.086089 -0.091696 -0.122835 -0.097536 0.013608 0.007672 -0.115933 0.142307 0.145041 -0.130132 0.034739 0.141417 0.097484 0.040515 -0.041700 0.155394 0.096295 0.036063 0.040642 -0.156021 -0.156735 0.134243 -0.154899 0.052458 0.065436 0.045812 -0.001232 -0.087310 -0.027931 0.038838 -0.109724 0.032461 -0.212332 -0.029378 0.019177 -0.010809 -0.022391 -0.083318 -0.134053 0.010989 0.005374 -0.037796 0.022601 -0.003120 -0.036213 -0.040495 -0.024062 -0.050932 -0.066245 -0.070244
0.069458 0.035755 0.156450 -0.188400 -0.052843 -0.073820 0.113947 0.100982 -0.032924 -0.090815 0.044867 -0.017128 -0.049870 0.017278 0.165913 -0.092247 -0.111302 -0.106486 0.052447 -0.071730 0.032271 -0.019165 -0.012703 0.040811 0.077988 -0.025230 0.027815 -0.058427 -0.047602 -0.161274 0.216013 -0.012214 0.061483 -0.158560 0.100392 0.053445 -0.026589 -0.133314 0.002542 -0.097769 0.000176 -0.021047 -0.063371 -0.089068 -0.077461 0.025200 -0.007354 -0.049129 -0.024630 0.038756 -0.057709 0.112671 -0.125502 -0.041396 -0.043174 0.261422 0.021005 0.101402 -0.068152 0.043147 0.018815 -0.049098 0.021690 -0.188149 -0.109853 0.092322 -0.063299 -0.135817 -0.140519 0.045530 -0.058416 -0.103845 -0.021778 0.013717 -0.079811 -0.116002 0.011564 -0.001811 0.164064 0.159326 -0.145375 0.114933 -0.149511 -0.103111 -0.082967 -0.137727 -0.021436 -0.114755 -0.104454 0.015136 -0.071348 0.138222 0.159876 0.024332 -0.092562 0.051883 -0.076837 -0.136831 -0.056833 -0.012644
0.125146 0.100697 0.060348 0.039982 0.012674 -0.194166 0.083840 0.011804 0.099198 0.195367 -0.055477 0.103956 0.133143 -0.001572 -0.094215 0.030655 -0.012251 0.109518 0.173391 0.108689 -0.041991 0.063651 0.127693 0.132971 0.085019 -0.061756 -0.135940 0.069625 -0.019081 0.182181 0.099110 -0.110082 0.037738 -0.108142 -0.023375 -0.026511 -0.095317 -0.026412 -0.092113 0.005056 -0.003112 0.009879 0.187517 -0.077072 -0.120169 -0.091527 0.054875 0.059557 0.019937 -0.021308 -0.122594 -0.110836 -0.103919 0.051603 -0.057033 -0.006410 -0.087722 0.102146 0.071154 -0.017632 -0.062608 0.051914 0.044707 0.023892 -0.116511 -0.033613 0.072742 -0.134324 0.087673 0.034874 0.209332 -0.001467 0.161383 0.132753 0.164727 0.015347 -0.142911 -0.003705 -0.057409 -0.070895 0.102104 -0.038425 -0.008385 -0.064392 0.065054 0.173622 0.001974 -0.043108 -0.071025 -0.040067 -0.020233 0.045894 -0.060121 0.035749 0.068568 0.060999 -0.009017 -0.250337 -0.030995 -0.024686
-0.011148 0.013670 -0.021106 0.036643 -0.086817 0.066102 -0.168869 0.027633 -0.013701 -0.034988 -0.086898 -0.032758 -0.040617 -0.070940 0.107512 0.158646 0.027282 0.167447 -0.209289 0.033315 -0.015371 0.003021 0.017602 -0.033740 -0.080489 -0.090555 -0.101900 -0.005392 0.216775 -0.002462 0.057117 -0.013916 -0.127663 -0.107551 -0.079840 -0.010914 -0.025688 0.000383 0.036416 -0.014001 0.112027 0.003033 -0.064941 0.040501 0.056885 0.079193 -0.138693 -0.075338 0.051282 -0.011559 0.043560 -0.036217 0.062068 -0.038047 0.143620 -0.010230 0.046875 -0.045885 -0.025258 0.100413 0.019969 0.270391 -0.023623 0.047874 -0.046339 0.049034 -0.024850 0.081039 0.016596 -0.146928 -0.163794 0.083596 -0.029678 -0.081604 0.203088 0.099758 -0.014495 -0.259712 0.025888 0.113499 0.081745 -0.025650 0.032014 -0.031524 -0.089475 -0.173567 0.110542 -0.121273 0.053082 -0.045502 -0.091668 0.053567 -0.082567 -0.086871 0.040007 -0.034251 0.041302 -0.112694 -0.044603 0.100482
0.064615 0.043992 -0.045596 -0.190173 -0.024018 0.052721 -0.055091 0.040944 -0.042640 -0.073649 0.074163 0.089249 0.001445 -0.042049 0.026871 -0.071825 -0.032855 -0.002428 0.142052 0.135803 -0.059482 -0.008999 -0.087911 0.040967 0.015578 -0.045401 0.171391 0.144784 -0.134063 0.213898 -0.224541 -0.157250 0.042385 -0.094385 0.130378 -0.143477 -0.004828 0.034768 0.066421 0.075455 -0.018660 0.116725 -0.106914 -0.228980 -0.063876 -0.065082 0.330580 0.063555 0.012390 -0.149408 -0.005260 0.045442 0.073302 0.095149 0.041529 -0.033411 0.202523 0.201246 0.012981 0.028243 -0.153018 -0.227430 -0.154764 0.035784 0.042479 0.072122 0.089427 -0.117155 0.053469 0.062246 0.106097 -0.039248 -0.017454 -0.073606 -0.026536 0.003968 0.054724 -0.112905 0.072422 -0.049500 0.105196 0.076266 0.048763 -0.000311 -0.006060 -0.052869 -0.016544 0.121670 -0.079085 -0.030327 -0.074109 0.134840 0.100117 0.050062 0.083595 0.125181 -0.002645 -0.067440 0.255519 -0.036810
-0.038000 -0.037544 0.296070 -0.144675 -0.012110 0.049881 0.036322 -0.118921 0.188267 0.115424 0.119912 0.007061 -0.003881 -0.035653 -0.057405 -0.064433 -0.125692 -0.034741 0.160461 -0.018268 0.155484 -0.014965 -0.262723 0.059424 0.044730 0.231160 -0.036707 0.045730 0.119318 0.090238 -0.016043 0.046886 -0.080198 0.046754 0.027758 0.069207 -0.151841 0.043725 0.082502 -0.146803 -0.044994 0.092750 -0.113576 -0.044453 -0.231590 -0.032936 0.060267 -0.129225 -0.141671 -0.068641 0.032154 -0.130642 -0.022514 -0.106996 -0.025966 0.056248 -0.033347 0.082888 0.026547 -0.045521 -0.097667 -0.237351 -0.027166 0.033125 -0.060062 -0.086125 0.125854 0.127819 0.198221 -0.101827 -0.116497 -0.055034 -0.049533 -0.060566 -0.345888 0.009707 0.143686 0.037752 0.073567 0.161844 -0.198542 -0.140869 0.001742 0.006944 -0.010905 -0.004176 -0.027646 0.148819 0.044263 0.162778 -0.113887 0.128825 -0.145622 -0.066336 -0.098135 0.004634 -0.015520 0.103506 -0.073260 0.100202
-0.063105 -0.120182 -0.143501 0.051477 -0.020954 -0.083998 -0.056995 -0.032301 0.152763 -0.136555 -0.178470 0.107173 -0.001507 0.033089 0.030156 0.093066 -0.087239 0.155349 -0.047537 -0.045419 -0.041384 -0.143621 0.077184 -0.113517 0.066893 -0.114094 0.201911 -0.140439 -0.024343 0.217478 0.117977 0.031725 0.001637 -0.013310 0.112649 -0.042766 -0.216581 0.015055 -0.001768 -0.192297 0.023831 0.095269 -0.021875 -0.053888 0.052834 0.125049 0.090120 0.148627 -0.141931 -0.063603 -0.247013 -0.038125 -0.021816 -0.172537 -0.046391 0.088665 0.035624 -0.165977 0.164990 -0.034104 0.043029 -0.188478 -0.028052 -0.017845 0.227875 -0.145670 0.093932 -0.069804 0.096631 0.154557 0.030067 -0.037019 0.023494 -0.066562 0.006651 0.136521 0.004019 -0.082047 -0.161000 0.057080 0.001064 -0.056276 0.237097 -0.021424 -0.210356 0.035533 0.104117 0.152820 0.104620 0.143556 -0.055515 -0.019635 -0.023820 0.080765 0.004214 -0.130251 -0.039045 0.042903 -0.094478 -0.111219
-0.022441 -0.139620 0.048670 0.073599 0.047914 -0.071600 -0.058134 0.109417 -0.074308 -0.034493 0.055260 -0.038040 0.074108 0.009123 0.085263 -0.154455 0.071807 0.067648 0.010941 -0.076276 -0.004081 0.186127 -0.009997 0.058088 0.067991 0.066539 0.199852 -0.050024 0.156715 -0.026868 -0.206274 0.002823 -0.025249 0.091915 0.046918 -0.079556 0.047181 -0.021806 0.105862 0.004025 -0.017741 -0.146490 0.178438 -0.029602 -0.126558 0.032322 0.023642 -0.095155 -0.044805 -0.161168 0.037433 -0.077463 0.359242 -0.018963 -0.088067 0.091609 0.009001 -0.012827 -0.014142 0.122097 -0.154891 0.014813 0.065726 -0.014474 0.137275 -0.226435 0.111345 -0.090524 -0.064007 -0.135393 0.100649 0.022865 0.034144 -0.102076 -0.138958 -0.157748 0.027727 0.038849 -0.128447 0.105823 0.095789 0.059096 0.045975 0.057187 0.150369 0.127452 -0.002104 0.103778 0.070070 0.047508 -0.079472 0.139955 0.113206 -0.062060 -0.104541 0.017602 -0.052455 0.047683 -0.108050 -0.028309
-0.091198 0.115146 -0.107724 0.100752 -0.095298 0.083162 -0.107885 -0.129151 -0.133743 -0.053092 -0.073173 -0.149060 -0.126251 -0.075422 0.071096 -0.078503 0.120894 -0.215544 -0.109879 -0.060344 -0.122585 -0.051545 0.098338 -0.027261 0.087077 -0.140906 0.120050 0.045081 -0.107436 0.079620 0.190156 -0.077342 -0.012611 -0.017996 0.171125 0.008839 -0.119426 0.042348 -0.169328 0.166390 -0.053396 0.045656 0.018673 -0.041289 0.035593 -0.033885 -0.074627 0.026530 -0.029408 0.145682 -0.012098 -0.140814 0.201540 0.098165 -0.052875 0.119927 -0.086452 -0.060239 0.111873 -0.064054 0.075336 0.001432 0.086931 0.005744 0.001806 0.108859 -0.178487 0.128939 -0.016799 -0.022521 -0.056234 0.115630 0.002428 -0.040626 -0.073652 -0.056136 0.098610 0.092514 0.015438 -0.136051 -0.103687 -0.006036 0.083356 -0.059819 0.106299 -0.026297 0.086726 0.026164 -0.107044 0.149844 0.052160 -0.094184 -0.134707 0.086886 -0.023121 -0.014839 0.041841 -0.111012 -0.128560 0.097908
0.091295 0.000872 -0.026812 -0.015566 -0.145098 -0.159078 0.082877 0.111288 -0.002523 0.138862 -0.068932 0.159779 -0.137196 -0.012399 -0.043615 0.088090 0.130158 0.133034 -0.040210 0.112265 -0.148597 0.004763 0.003240 -0.256142 0.099229 0.046597 0.104686 -0.000072 -0.096061 0.047197 0.034071 0.032819 0.125647 0.012630 -0.020298 0.047877 -0.016156 0.000039 -0.146268 -0.077864 -0.102905 0.098274 -0.120662 0.005575 0.135704 -0.063487 -0.088017 0.043136 -0.022970 -0.227504 -0.026505 0.005319 -0.158134 0.095137 -0.002502 -0.076999 -0.141886 0.080815 -0.150473 0.086830 0.007693 0.078961 0.058261 0.024432 0.064363 0.053876 0.056257 0.023143 -0.140030 0.122764 -0.046517 -0.076907 -0.019135 0.060443 0.007094 -0.031468 -0.172020 -0.025719 -0.033181 -0.134636 -0.093906 0.124756 0.136226 0.179962 0.020069 0.145841 -0.060596 0.087334 -0.012990 -0.037908 -0.108652 -0.066454 -0.106065 -0.102551 0.095624 0.042447 0.059975 0.261057 -0.047439 -0.106600
-0.009580 0.094714 0.024534 -0.074201 0.083121 -0.026099 -0.024674 0.010684 -0.067930 0.124075 -0.024870 -0.125914 0.038225 -0.133253 0.033697 0.145449 -0.027390 -0.167926 0.159472 0.046770 0.067947 0.048553 0.005310 -0.105630 0.050855 0.122205 0.055708 0.010871 0.168101 0.013851 -0.236732 -0.011740 0.203286 0.104481 -0.043132 0.154078 0.084808 0.044864 -0.167247 -0.193425 0.053927 -0.021885 0.011764 -0.092207 -0.035968 -0.063129 0.051551 0.040963 0.054737 -0.146427 -0.221251 -0.123819 -0.174202 0.042384 0.091602 0.063762 0.065405 -0.033447 -0.071892 0.067023 0.002203 0.061967 -0.129551 -0.045879 -0.088459 -0.177887 -0.052672 -0.067746 -0.139278 0.125993 -0.015111 -0.059885 -0.166242 0.167017 0.031874 0.053152 0.037126 -0.135133 -0.087318 0.106672 0.032909 -0.179236 0.113749 0.022882 0.117975 0.009241 -0.132297 0.114246 0.003122 -0.136743 0.155908 -0.027405 0.015933 -0.134809 -0.082843 -0.058338 -0.045045 0.163804 -0.059686 -0.121027
0.218468 0.051747 -0.125396 0.053375 -0.094672 0.047171 -0.067401 -0.183637 -0.083105 -0.060591 -0.054121 -0.023039 -0.011953 -0.052099 0.189166 -0.210112 -0.110699 0.023136 -0.004848 0.058765 -0.043033 0.124980 0.130216 -0.126206 0.152697 0.033582 0.004404 -0.055536 -0.051733 0.068059 -0.087729 0.004701 -0.017599 -0.003065 -0.265586 0.031797 0.097300 -0.086840 0.019102 -0.169888 -0.152120 -0.071045 0.000882 0.035976 -0.100426 0.093574 0.031670 -0.099911 0.192936 -0.050925 0.015283 0.026596 -0.140802 -0.086250 0.006053 -0.267631 0.014804 -0.125400 -0.130924 0.066017 0.017367 -0.010765 -0.139256 0.207415 -0.014613 -0.023282 -0.006973 0.104796 -0.023772 -0.090092 -0.052419 -0.175379 0.032617 -0.066915 0.089596 -0.062613 0.042048 -0.014789 0.159896 0.140213 0.258863 0.088715 -0.176749 -0.098830 0.037913 0.209891 -0.093305 0.083789 0.045853 0.067724 0.063213 -0.038824 0.202183 -0.096023 -0.008113 0.097332 -0.057047 -0.216893 -0.068975 0.026702
0.053917 0.008816 -0.003518 -0.011018 -0.076045 -0.039528 -0.061817 -0.018383 0.094898 0.054607 0.046998 0.026118 -0.039599 -0.059935 0.271217 -0.061843 0.039380 0.152635 0.093269 -0.061908 -0.054721 -0.246086 -0.302340 0.038807 0.123072 0.096365 0.072960 0.074030 0.077128 0.026960 -0.047902 0.117593 -0.190766 -0.121626 0.025922 -0.054369 0.099634 0.011093 0.030175 0.053540 0.130929 -0.112328 0.144603 0.092303 0.127904 -0.052444 -0.154534 0.007016 -0.092184 0.088832 0.087938 -0.053417 0.088447 0.093948 0.064087 0.046219 -0.036468 -0.158193 0.061545 0.113787 0.073820 -0.030947 -0.067218 0.017227 -0.007774 0.046910 -0.121344 -0.002750 0.052690 0.006712 0.026312 0.091216 0.089890 -0.106895 -0.122447 -0.001690 -0.044326 -0.048873 0.069172 -0.086615 0.147972 -0.167397 -0.167170 0.012469 -0.053632 -0.041403 -0.020595 -0.019382 0.114847 -0.040230 -0.014143 -0.009616 0.057728 0.093508 -0.048199 0.257525 0.003454 0.073346 0.099168 0.068617
0.066884 0.065009 0.037894 -0.184381 0.005903 0.075409 -0.102901 0.010097 -0.045157 0.095465 -0.048104 -0.018655 0.062918 0.027677 0.029419 0.193054 0.043169 0.157698 0.037944 -0.019317 0.087231 0.115742 -0.102215 0.086511 0.036119 -0.054068 0.010710 0.003652 -0.002335 0.082896 0.126127 -0.014086 0.048600 0.232857 -0.123544 -0.072760 0.038477 -0.093366 0.031880 0.064869 0.122587 -0.015013 0.154770 -0.014904 0.027655 0.023403 0.081688 0.025941 -0.011308 -0.026658 -0.172696 0.113249 0.099171 -0.125146 -0.096848 0.065609 0.053726 -0.028164 -0.131176 0.001364 -0.007399 0.114858 0.047059 -0.140649 -0.053084 0.074645 -0.022106 0.158534 0.137836 -0.207253 -0.077857 0.035423 -0.092420 0.034804 0.058177 -0.060087 -0.063868 -0.095536 -0.112013 0.139509 0.105888 -0.141969 0.020688 -0.012550 0.019633 0.057039 -0.131744 0.297238 -0.159761 -0.125595 -0.034133 0.064289 -0.060288 0.090220 0.045103 -0.200949 0.103136 0.005382 0.069469 -0.093075
-0.000984 -0.000911 0.045166 0.041527 -0.072016 0.082614 -0.014528 0.037923 0.002415 -0.075348 0.043864 0.110517 0.010842 -0.063223 -0.037151 -0.064225 0.083700 -0.206243 -0.011407 -0.068623 -0.109533 -0.028777 -0.164745 -0.267323 0.044503 0.074841 0.000751 0.159063 0.180354 0.012126 0.151487 0.021404 -0.068144 -0.035109 -0.015479 0.044628 -0.077474 0.041819 -0.087153 0.064138 -0.045042 -0.008791 -0.041474 0.157801 -0.051965 -0.093952 -0.015987 -0.115431 0.038342 -0.026201 0.048966 -0.065907 0.023229 -0.108731 0.078891 -0.069976 -0.039749 -0.010512 -0.014409 0.035279 0.160641 -0.013644 0.096127 -0.004249 0.032129 -0.103208 -0.024333 -0.046802 -0.103578 0.072642 0.164249 -0.090660 0.114692 -0.025326 -0.056957 0.037082 -0.108351 -0.045871 0.019862 -0.032586 -0.111608 -0.112458 -0.081161 -0.205179 0.053881 -0.006717 0.004034 0.113852 0.014649 0.040459 0.113053 0.128884 -0.052563 0.110600 0.098250 0.072405 -0.189745 0.038153 0.122555 -0.038932
0.096566 -0.090507 0.261233 -0.089912 0.045657 0.029040 -0.005877 -0.096058 0.044446 -0.017677 0.031402 -0.086444 0.101535 0.143478 -0.010546 0.075066 0.065325 0.019246 -0.069660 0.097523 -0.084870 -0.080712 0.017356 0.047984 0.091695 -0.011356 -0.017778 0.022542 0.021932 -0.078214 -0.103697 0.044386 0.037616 0.129568 -0.084548 0.036400 -0.028297 -0.043625 -0.000943 -0.064311 -0.068320 0.126099 -0.188067 0.099167 -0.126617 -0.034941 0.102716 -0.015526 0.016660 -0.037389 0.221872 0.002917 -0.091639 0.159965 -0.213442 -0.114840 -0.009706 0.104484 0.024677 -0.126577 0.001646 0.102917 0.137967 -0.009084 -0.088972 -0.061000 0.097837 0.001272 -0.042325 -0.035182 0.061591 -0.012314 -0.058890 0.035113 0.101698 0.024784 0.143593 0.057197 0.118196 0.101139 -0.168484 0.063128 0.110668 0.025443 -0.009536 0.038338 -0.102681 0.125477 0.156316 -0.024764 0.060374 -0.027430 -0.050472 -0.022689 0.006160 -0.021052 -0.019487 0.255406 0.012837 0.083677
-0.019894 0.038466 0.073286 0.022509 0.001891 -0.024310 0.130934 0.044130 -0.114391 0.034029 -0.089623 -0.024707 -0.055877 0.007781 -0.041061 -0.048634 -0.033261 0.044947 0.165732 0.055887 0.199570 0.087275 0.018493 -0.080108 0.161241 0.021514 -0.129101 -0.056746 0.061753 0.002579 0.064631 0.045463 -0.163491 -0.016665 0.085402 -0.219643 -0.067346 -0.031713 0.095002 0.162585 0.100365 -0.036392 -0.017182 -0.124172 0.095474 0.024273 0.176291 -0.046650 0.130775 0.017548 -0.153349 0.078814 0.080716 -0.004946 0.179251 0.133822 0.030801 0.036513 -0.051671 0.021403 0.049664 -0.049214 0.033326 0.012571 -0.099756 0.069045 -0.051434 -0.063536 0.002232 0.138162 0.104361 -0.055052 0.049564 -0.131238 0.078792 -0.134941 0.003308 0.002542 -0.027105 0.145764 0.103865 -0.029563 0.066603 0.060250 0.101363 -0.024072 -0.086161 -0.048527 -0.079429 -0.080083 -0.054457 -0.048895 0.119961 -0.089432 -0.060521 0.089954 0.052509 -0.037221 -0.009932 0.018260
0.109122 -0.017111 -0.031163 0.011266 0.097448 0.004799 -0.009453 0.028128 0.228428 -0.146176 0.014347 -0.076739 0.080450 0.026937 -0.127906 0.064256 -0.103787 -0.038573 -0.037190 -0.058377 0.103205 0.072880 -0.068504 -0.097131 -0.088550 -0.010254 0.042015 -0.068251 -0.028586 0.144568 -0.018816 0.171708 0.119369 -0.132857 -0.003805 0.123805 0.062872 -0.029145 0.056771 -0.066334 0.069743 0.085224 0.104237 -0.130520 0.030888 0.013583 0.039892 0.213631 0.113980 -0.002658 0.090112 0.046370 -0.053486 -0.232812 -0.018393 -0.095547 0.035831 -0.105597 0.113153 -0.027663 0.059830 -0.132723 0.057051 0.074419 0.021114 0.061334 -0.058000 0.071585 0.083702 -0.312249 0.018047 0.117407 -0.081634 0.148880 -0.024064 -0.012938 0.200602 -0.247600 0.131852 0.097233 0.085923 0.074017 0.110701 -0.018980 -0.046404 0.064158 -0.058280 -0.004267 0.006816 0.138657 -0.098477 0.051582 0.018203 0.122619 0.068624 -0.106479 0.099078 -0.134289 -0.072668 0.251110
0.002169 -0.065412 0.238640 0.098239 0.074587 0.038321 -0.069967 -0.196118 -0.077043 0.041502 -0.121872 -0.170880 -0.016320 0.170167 -0.012445 -0.085298 -0.054394 -0.010123 0.127183 0.046920 0.042306 0.017766 -0.165302 0.002778 -0.138335 -0.132739 0.100266 -0.144220 0.069866 0.093399 -0.145776 0.077111 -0.074058 0.123506 0.045995 -0.116905 -0.032152 -0.050192 -0.366904 0.184464 0.173936 0.090267 -0.059414 -0.063791 0.076903 0.078585 0.094755 0.041111 -0.124541 -0.085330 -0.052537 -0.021506 -0.080349 -0.106015 0.087035 -0.105627 0.041601 0.004592 -0.071753 0.152514 0.187223 -0.113668 -0.251134 -0.018944 0.176792 -0.054482 0.093176 -0.119290 0.103853 0.063740 0.005907 0.100419 -0.062650 -0.134897 0.001032 -0.066998 -0.020988 0.042440 -0.005927 0.168742 0.080975 0.150837 -0.040336 0.021548 0.019913 -0.000058 -0.054335 -0.029821 0.141439 -0.072790 -0.007061 0.053548 -0.007351 -0.203843 -0.047837 -0.249949 0.122380 -0.015052 0.032545 -0.057341
0.024599 -0.108789 0.099117 -0.051825 -0.064328 0.041247 -0.020151 -0.053615 0.080370 0.229893 0.147901 -0.097480 -0.129659 0.055439 0.053326 0.173103 -0.197690 -0.008091 -0.184493 0.023039 0.061682 -0.052539 0.027896 -0.037755 -0.071372 0.004802 -0.010990 0.091223 0.035229 0.098673 0.173571 0.049690 -0.034023 0.029415 0.033167 -0.016975 0.068705 -0.034084 0.001327 0.112086 -0.301208 0.026071 -0.183442 0.021745 -0.064581 0.025243 -0.110269 0.119072 -0.091904 0.174851 0.013714 0.032376 -0.008961 -0.065741 0.149575 0.059987 0.225865 -0.180097 0.107756 0.013212 -0.048646 -0.160336 -0.053274 -0.031624 0.024014 -0.042303 0.020935 -0.069101 0.002383 -0.129406 -0.029207 0.119287 0.173518 -0.069312 0.043023 -0.164655 -0.005245 -0.097250 0.130575 0.051965 0.075629 -0.089254 -0.041238 0.012138 -0.049166 -0.220244 -0.062854 -0.118271 0.024172 0.017952 0.043473 -0.086716 -0.002308 -0.112717 0.131729 -0.044365 0.024317 -0.122297 -0.043517 0.042894
-0.141276 -0.136142 -0.041378 -0.020409 0.106256 -0.015911 0.013453 -0.239800 0.139067 0.007406 0.130458 0.051398 0.093376 -0.164640 -0.004929 0.051009 -0.004287 0.086643 -0.036148 0.004782 0.091186 0.316656 -0.093981 0.278513 0.009734 -0.132347 -0.093817 -0.083196 -0.005518 0.137660 0.092707 0.073913 -0.019204 0.036986 -0.174186 -0.092849 0.031441 0.210351 -0.041713 -0.020598 -0.195996 -0.059406 -0.012502 0.160102 -0.009590 0.021255 0.078329 0.125846 -0.210962 -0.047066 0.263159 -0.172938 0.108003 0.151347 -0.138919 -0.017559 -0.054016 -0.132385 -0.088736 0.182390 0.069186 -0.076149 0.242875 -0.000344 0.076158 0.124887 0.016296 -0.002624 0.073796 0.016784 -0.012693 -0.034083 0.033729 -0.053668 -0.182669 0.102020 0.006697 0.058677 -0.098501 -0.001391 -0.084567 -0.017072 -0.090961 -0.128109 0.165757 -0.084674 -0.037256 0.027558 0.013500 0.016705 -0.238678 -0.053149 0.017868 -0.051781 0.096053 0.060219 0.048255 -0.059820 0.061302 -0.056597
0.084872 -0.013096 0.118142 -0.140673 0.004284 -0.203479 0.065955 -0.020847 -0.189746 0.183688 0.062316 0.053028 0.030401 0.133505 -0.102576 -0.054402 -0.019998 0.083172 0.024382 -0.059776 0.087053 0.103700 -0.001863 -0.028439 0.040950 0.107444 0.231036 0.068053 0.050752 0.105638 -0.007414 0.137698 -0.073433 -0.103796 -0.119928 0.101366 0.182016 -0.034997 -0.020617 0.056437 -0.074372 -0.001236 0.055695 -0.078416 0.179000 -0.089374 -0.065566 -0.021164 0.062288 -0.062703 0.110790 0.084851 0.020151 -0.146333 -0.093773 0.209420 0.208885 0.097126 -0.204799 0.000995 -0.052287 0.199067 0.187479 0.080213 -0.082629 0.130670 0.038240 0.099820 -0.101179 0.047207 0.159674 0.071004 -0.052084 0.035655 0.045146 -0.061042 -0.307420 0.034548 0.069907 0.134671 0.151793 0.141129 -0.191282 -0.164406 0.065492 -0.142121 0.067989 -0.082666 -0.021325 0.039219 -0.140989 0.035573 0.031484 -0.014481 0.017598 0.028821 -0.052127 0.281093 -0.048281 0.057219
-0.057440 -0.135459 -0.006561 -0.109701 0.035596 -0.088244 -0.022108 0.086708 0.008778 -0.010296 -0.019577 0.013849 -0.115207 0.145518 0.029173 0.090662 0.128881 0.133704 -0.028325 0.244051 0.020307 -0.081321 0.014397 -0.170734 0.051053 0.109430 -0.133239 -0.038778 0.044522 -0.112007 -0.031437 -0.007780 0.012655 0.085713 -0.000058 -0.095948 0.006309 -0.080129 -0.042704 -0.003930 -0.049705 -0.003811 -0.082051 0.040644 0.181434 0.287581 0.023315 0.055368 0.072403 -0.109273 0.225668 0.124547 0.068172 0.148557 -0.025258 -0.253965 0.125530 -0.009841 0.054667 0.113693 -0.115979 -0.037954 0.069312 0.042540 0.212299 0.014700 0.125369 -0.176154 0.166942 -0.119884 0.031248 -0.111656 0.043293 0.076845 0.011959 0.118120 0.011858 0.047597 -0.054637 -0.114348 0.077247 0.051564 -0.086029 0.078424 -0.088955 0.171296 0.024938 0.060302 0.008804 -0.022958 0.019335 -0.085975 0.030973 -0.106577 0.063520 -0.147704 -0.043233 -0.097073 0.058020 -0.082673
0.151251 -0.114142 0.065235 -0.052054 0.135623 0.037278 0.050227 0.001050 0.077664 0.147531 -0.126453 -0.050359 -0.077905 0.023136 -0.056016 -0.115391 0.168825 -0.012037 0.130915 0.051381 0.006837 -0.075065 -0.095889 0.046365 0.041497 0.197766 0.132972 -0.060003 -0.031948 -0.165751 -0.094276 -0.074002 -0.190934 -0.009526 0.043265 0.077414 -0.116942 0.082173 -0.065240 -0.030576 -0.010067 -0.024421 0.072585 0.055786 0.074358 0.081802 -0.123524 0.124266 0.050121 0.122303 -0.012204 0.207877 0.011196 -0.224765 0.168159 -0.175457 -0.024065 0.034985 0.115100 -0.075964 0.057751 -0.045641 -0.006418 -0.018411 -0.049932 0.192810 0.063614 -0.126849 -0.007601 0.116306 0.164713 -0.150567 -0.107684 -0.125358 -0.006952 0.151931 -0.096386 0.051541 -0.159393 0.040194 -0.024412 0.013653 0.081734 -0.083698 -0.158259 0.043700 0.198298 0.037481 0.089681 0.011672 -0.071635 -0.070459 0.072288 -0.011426 0.067254 -0.016289 0.112243 -0.032041 -0.023297 -0.056092
0.009648 0.094329 0.008881 -0.130895 0.152322 0.187304 -0.035753 -0.024489 -0.227669 0.125050 0.048506 -0.004296 -0.089360 -0.001616 -0.034366 0.130038 0.087191 0.019155 -0.057122 -0.100178 0.242005 0.030400 -0.003802 0.135901 -0.052373 0.237011 0.147390 0.099723 0.009214 -0.002827 -0.006296 -0.060808 0.077574 0.109663 -0.124141 0.080739 0.004298 0.092149 -0.006872 0.064237 -0.125847 -0.073954 -0.006173 0.023933 -0.101303 0.022042 0.072022 0.037749 -0.162892 -0.083048 -0.052672 0.155483 0.029050 0.104373 -0.007990 -0.156511 -0.119347 0.187660 0.193391 0.142000 -0.017942 -0.040321 -0.227369 -0.105065 0.022448 0.084827 -0.113043 -0.003878 0.066390 0.157881 -0.122120 -0.087181 0.086258 0.042808 0.077379 0.189437 0.188622 0.101611 -0.111206 0.010381 0.223301 0.067503 0.080880 0.248654 0.007523 -0.013774 0.042005 0.076018 0.048554 0.125317 -0.082517 -0.070586 -0.185840 -0.012773 0.068254 0.117835 -0.133929 -0.036173 0.102987 -0.085440
-0.150936 0.021705 -0.143104 -0.218713 0.010690 -0.139134 0.031379 -0.047341 0.091510 -0.070606 -0.173299 -0.050693 0.065486 -0.046503 0.112460 -0.016183 -0.077894 -0.192676 0.026592 0.148583 0.031704 -0.031450 -0.162526 0.114430 -0.083922 -0.094227 -0.031892 0.128987 -0.119168 0.099606 -0.113151 -0.057157 -0.143244 -0.150409 -0.136157 0.067487 0.020513 0.008986 0.012298 -0.115643 0.031512 0.035427 -0.086708 -0.045673 0.012889 -0.204183 0.099212 0.062848 0.075793 -0.137329 -0.072726 0.049613 0.249160 -0.036997 -0.060820 0.184794 -0.041385 -0.133374 -0.057301 0.075189 -0.061230 0.006742 0.115080 -0.110829 -0.034649 -0.055965 0.019379 0.028086 0.168089 0.084384 -0.073937 0.072465 0.110748 -0.048294 0.001379 0.064287 0.006612 -0.230816 0.065413 -0.080381 0.023161 0.066750 0.013998 -0.010723 -0.077462 0.157205 -0.022973 0.177971 0.008602 0.064468 0.074015 0.028000 -0.028560 0.111855 0.006959 -0.103656 -0.081467 0.007135 0.095640 -0.063136
-0.172135 -0.048874 0.097429 0.018225 -0.008635 -0.002439 0.044834 -0.054509 -0.038370 0.002863 0.024718 0.206653 -0.104783 -0.046562 -0.142456 0.092572 0.198486 -0.151318 0.051108 0.101888 -0.207709 -0.070789 0.141554 0.058836 0.008561 0.072152 0.016610 -0.138950 -0.031247 -0.151629 0.076941 -0.021125 -0.158080 -0.153814 -0.034247 -0.141325 -0.159506 0.084270 0.110073 0.106751 -0.000970 0.014058 0.131932 0.020740 -0.008986 -0.087377 -0.016277 -0.040573 0.033837 0.194403 -0.096001 -0.038890 -0.189405 0.159795 -0.093453 -0.209391 0.010049 -0.012556 -0.020542 0.157687 -0.051092 0.113063 0.015389 0.154123 0.043027 0.006217 -0.023345 -0.037239 -0.147463 0.014706 0.063983 0.062140 0.007898 0.217557 0.069049 0.097920 -0.135398 -0.054118 -0.088499 0.009471 0.067719 0.089040 -0.024929 0.036185 0.059000 -0.089205 -0.040524 0.022447 -0.038108 -0.053702 -0.059427 -0.044587 0.100831 0.166745 -0.065253 -0.076697 0.028497 0.096903 0.017407 -0.023375
-0.040630 0.072513 -0.064499 -0.182431 0.181297 -0.001409 -0.012523 0.066949 -0.030858 -0.058474 0.028420 0.061444 -0.113473 0.114191 0.104803 -0.027751 0.029701 -0.106058 0.050806 0.119914 0.014721 0.201797 -0.023361 -0.017343 0.210999 0.011431 0.026278 -0.062958 -0.070577 0.085740 -0.061427 0.113882 0.084206 0.024804 -0.049788 -0.055105 -0.170409 0.000508 0.045177 -0.171025 -0.087719 -0.051771 -0.060208 0.091500 -0.091079 0.061052 -0.061420 -0.063810 -0.154621 0.149155 -0.125584 0.175382 -0.033970 -0.035754 0.040387 0.038169 0.230407 0.000450 -0.036759 -0.016340 -0.058827 -0.125126 -0.257141 0.011923 -0.000763 -0.042586 -0.110922 -0.044948 -0.006962 -0.145785 0.078627 0.038646 -0.086928 0.024799 0.038036 0.127080 0.055833 -0.037418 0.002731 -0.093735 -0.022238 0.001545 0.133866 -0.121899 0.030232 -0.049390 -0.016153 0.041848 0.117435 0.154134 0.071335 -0.099867 -0.194614 0.092418 -0.028186 0.069760 0.161565 0.064577 0.000089 -0.022346
-0.055807 0.011025 0.009442 -0.037052 -0.037127 0.132543 -0.065556 0.032410 0.129978 -0.024450 -0.088354 0.001780 -0.012916 -0.145952 0.004125 -0.086615 -0.019391 0.179890 0.101720 -0.178833 -0.113665 0.008444 -0.199775 0.045134 -0.070519 -0.000483 -0.178254 -0.180490 0.010260 0.058026 0.095953 0.062431 -0.023822 0.016622 -0.088907 -0.095917 -0.042474 -0.113836 0.070518 0.127806 0.044841 0.076099 0.162759 0.020945 0.155405 0.075187 -0.173408 0.061916 0.006592 0.177069 -0.082802 -0.058205 0.052165 0.010349 -0.024811 0.194818 0.090908 -0.045351 0.086978 0.027547 -0.000788 -0.164480 0.219719 -0.002879 0.103704 -0.166911 0.235058 0.036514 -0.150981 -0.154832 -0.023958 -0.165062 0.063082 -0.081458 0.000469 0.087549 0.132408 0.166359 -0.016531 -0.012821 0.044274 -0.121174 0.095091 0.130304 0.004449 -0.003870 -0.113152 -0.076859 -0.076893 -0.043242 0.000788 0.054651 -0.114565 -0.088964 0.209366 0.132391 -0.052106 0.004517 -0.009761 0.092417
0.076858 -0.229328 0.128475 -0.028402 0.006887 0.008975 0.010395 0.062156 0.100086 0.039924 -0.055145 -0.018393 -0.020444 0.030870 -0.019838 0.109151 -0.018015 -0.099910 -0.124963 0.029888 0.146877 0.127329 -0.058004 -0.022488 0.086824 0.139536 0.031820 0.039198 -0.282540 -0.031240 0.020330 -0.147706 0.101477 -0.037077 -0.161612 -0.214467 -0.175410 -0.042505 0.073879 0.002360 0.091986 -0.106303 -0.118951 -0.120008 -0.059433 -0.018665 0.030732 -0.102357 -0.008632 -0.016047 0.111539 -0.035298 -0.049029 -0.013284 0.030140 -0.080085 -0.184890 0.022050 0.023212 0.084331 0.060408 0.173786 0.082415 -0.140193 -0.025349 0.015525 0.081770 -0.077773 -0.046234 -0.051926 0.031144 0.128005 -0.153670 0.094763 0.045065 -0.047172 -0.138454 -0.018982 0.089018 0.046985 0.271305 -0.010439 0.046213 0.069416 -0.006106 -0.025873 -0.034645 0.070975 0.101452 0.005831 -0.177322 -0.006126 -0.104879 -0.096016 0.046603 -0.026026 0.005778 0.070884 -0.169873 0.067602
0.062446 -0.116380 0.099145 0.020999 0.022511 -0.022886 0.160527 0.028860 0.152053 -0.089983 -0.062985 -0.018451 0.053597 0.084179 -0.198167 -0.034464 -0.125044 0.120800 0.214499 0.182918 -0.031440 0.012517 0.340368 0.278183 0.043082 -0.055281 0.092053 0.083091 -0.143784 0.220578 -0.019152 -0.201629 0.001608 0.207781 -0.074955 0.119175 0.057074 -0.011216 0.153496 -0.060172 -0.263194 0.035298 0.052854 -0.150300 0.061498 0.063477 -0.040015 0.005103 -0.031141 0.012884 -0.130312 0.034025 0.005565 0.082252 0.084641 0.143369 -0.092231 0.154976 -0.161350 -0.083320 0.053238 0.070675 -0.052684 -0.069065 0.070643 0.256030 -0.117719 -0.033871 -0.021507 -0.000344 -0.012266 -0.125519 0.049676 -0.132450 0.185027 -0.096127 0.085482 0.077885 0.004806 0.069784 0.101953 -0.133048 -0.070206 0.216363 0.074166 0.090200 0.170775 -0.022725 -0.114016 -0.002910 -0.159729 -0.024325 -0.043949 -0.039235 0.001825 0.206065 -0.013450 -0.000195 -0.115341 0.063618
0.096436 -0.154607 -0.110407 0.114217 0.123603 0.048664 -0.039288 -0.006404 0.125668 -0.036001 -0.153011 0.066005 -0.025809 -0.037341 -0.003710 -0.109341 0.067104 0.069158 -0.132563 0.094282 0.140151 0.240520 0.181143 0.063493 -0.021911 -0.056800 -0.172337 0.060842 -0.147963 0.074972 -0.003659 0.169365 0.076968 -0.073865 0.024855 -0.062145 -0.064331 -0.024092 -0.155098 0.081881 0.136298 -0.059255 -0.055070 0.019967 0.047814 -0.096011 -0.019306 -0.087435 -0.110420 0.091560 -0.054263 0.062008 -0.163250 -0.111334 0.035343 -0.023451 0.100662 0.094318 -0.016208 0.048597 0.138711 0.003030 0.063508 -0.010958 0.073270 0.068951 0.011590 0.183700 0.043850 0.084536 0.098497 -0.085688 0.055405 0.103653 -0.151993 -0.142568 -0.029480 0.144948 -0.089218 -0.013819 0.014466 0.030718 0.080517 0.047492 -0.158855 0.073141 -0.114918 0.086053 0.039795 -0.093249 0.081941 0.027802 0.174802 -0.000843 -0.180755 -0.100317 -0.039604 0.160020 0.004952 -0.041740
-0.084735 0.173176 -0.141217 -0.142725 0.149645 0.067887 -0.084421 -0.130042 0.064654 -0.142255 0.016925 -0.170396 0.191389 -0.065989 0.016123 -0.024091 -0.023117 0.026099 -0.103473 -0.149043 -0.101312 0.077130 0.113267 0.075897 -0.109712 -0.037009 0.165708 -0.154058 0.013987 -0.005509 -0.012721 -0.027613 0.026307 -0.037179 0.134006 0.094652 0.154248 -0.020007 0.105061 0.148126 -0.182424 -0.130630 -0.061404 -0.154316 0.133281 0.026003 0.053409 -0.001384 -0.081301 0.038546 -0.059694 -0.021602 0.090348 -0.008354 -0.035778 0.153895 -0.043168 0.062889 -0.037428 -0.187103 -0.027976 0.168748 0.207467 -0.012100 -0.211910 -0.076315 -0.116367 -0.017130 0.028798 -0.100056 -0.128463 -0.117173 -0.190063 -0.039910 0.047590 -0.128238 0.112233 -0.035347 -0.107524 0.080399 0.017136 0.099250 -0.140986 -0.156150 0.122085 0.191713 -0.106133 0.087068 0.101552 -0.079307 0.020357 -0.127818 0.016888 0.022612 -0.012404 0.060376 0.004523 -0.129761 -0.029292 -0.130549
0.032378 0.122411 -0.010115 0.164166 0.069400 0.042670 0.067983 0.062973 0.065470 -0.099714 -0.090942 0.139383 -0.009993 0.138390 -0.089660 0.211176 0.069643 -0.126517 0.038386 0.012567 0.083453 -0.028095 0.062183 -0.037263 -0.020183 0.087834 0.092748 -0.208067 -0.007091 -0.162125 0.238110 -0.006757 0.086772 0.023570 -0.022326 0.024139 0.155906 0.092715 0.024652 -0.057949 -0.077321 0.067967 -0.009541 -0.008089 0.001761 0.135094 -0.057594 -0.032187 0.209899 -0.114635 -0.037523 0.030980 0.209553 -0.081024 -0.344772 -0.070149 0.126526 0.208744 -0.023279 0.032412 -0.014836 -0.084865 -0.190074 -0.118964 0.090929 -0.078888 -0.185879 -0.008415 0.026547 0.162512 -0.040452 -0.177974 0.033508 -0.005735 0.053277 -0.186043 0.132250 -0.147228 -0.285677 -0.182232 -0.015493 0.128476 0.075511 0.070636 -0.126854 0.046981 0.008350 0.061923 0.030206 -0.043160 -0.157163 -0.075582 0.127962 -0.148591 0.094035 -0.050663 -0.153192 -0.169293 -0.077584 -0.019523
-0.004160 -0.044377 0.135308 0.115192 0.027571 -0.002743 -0.113848 0.217099 -0.050426 0.154548 -0.018558 0.074347 0.065604 0.141597 -0.172682 -0.189593 -0.040965 0.007821 0.063626 -0.048998 -0.187285 -0.016089 0.129337 -0.032172 -0.229652 -0.099810 -0.034633 0.008829 0.161560 0.039186 -0.103645 -0.108715 0.261874 0.044604 0.093727 -0.035851 -0.006393 0.077987 -0.035211 0.027946 0.053172 0.098034 -0.166024 -0.072690 0.021065 0.147360 0.063656 -0.049494 0.056360 -0.030612 -0.045895 -0.106732 0.179980 -0.040494 -0.061194 -0.088779 -0.076669 0.020809 0.103342 -0.003701 -0.083835 0.184884 0.057258 0.012871 -0.105409 -0.087264 0.125046 0.008207 -0.010442 0.045847 0.021818 -0.100802 0.032152 -0.091962 0.146234 0.083117 0.149831 0.024966 -0.044914 -0.079436 0.056233 0.112662 -0.099036 -0.092123 0.003912 0.025771 0.089200 -0.106992 0.059910 -0.215567 0.101021 -0.088448 0.051255 0.285869 0.024285 -0.008476 0.061850 -0.033885 0.018781 -0.048444
0.214299 0.167278 -0.080972 -0.161500 0.041978 -0.061476 -0.033141 -0.072610 0.119892 -0.009517 -0.065383 0.067047 -0.040817 -0.064198 -0.092498 0.064964 0.107102 0.095987 -0.092456 -0.010942 -0.015424 -0.127174 -0.039251 0.101593 0.003893 0.137599 0.231594 -0.080063 -0.002126 -0.042594 -0.190078 -0.178711 0.001992 0.031211 -0.140998 -0.287118 -0.063941 -0.071275 0.236959 -0.170106 -0.058138 -0.015672 0.088008 0.024279 -0.027006 -0.133049 0.139524 -0.021887 -0.013606 0.034299 -0.104106 -0.085125 0.071372 0.191530 0.006413 -0.200366 0.056930 -0.086971 -0.013039 -0.109729 -0.039403 -0.087450 0.033059 0.040107 0.179260 0.050491 0.030493 0.139401 0.083766 -0.156188 -0.001464 -0.190116 0.064266 -0.040956 0.031681 0.068885 -0.014833 0.041783 -0.033687 -0.012677 0.065510 -0.252321 0.138169 -0.021638 -0.073642 0.150802 0.016734 -0.069658 -0.085815 0.052198 0.195977 -0.146788 -0.008324 -0.101771 0.074168 -0.026537 -0.095082 -0.042527 0.153209 -0.099397
-0.033761 -0.015713 -0.130466 -0.102984 -0.067249 0.038410 0.047894 0.182868 -0.176282 -0.109957 0.095141 0.204402 -0.040585 0.061302 0.002662 -0.009085 -0.060204 0.019447 -0.047857 0.000259 -0.169370 0.180955 0.072849 -0.012661 -0.105442 -0.126323 -0.128003 0.164379 -0.024063 0.010295 -0.131868 0.018159 0.040768 0.055616 0.281420 0.005165 0.107357 -0.108851 0.114664 0.117424 -0.052118 -0.002863 0.165752 0.046831 0.160669 -0.118129 -0.093999 0.132052 0.185853 0.015910 0.073903 0.156284 -0.178029 -0.257710 -0.026103 0.098263 -0.110653 0.156356 -0.058180 -0.004226 0.163814 -0.184047 -0.022125 0.074634 0.119872 0.076186 0.039055 0.017385 -0.141159 0.039665 0.051146 0.077671 0.038900 -0.072156 -0.105722 -0.046494 0.033596 0.093889 0.050183 -0.034928 -0.173991 0.139968 0.115807 -0.102245 0.022697 -0.006686 -0.094101 -0.108784 0.031542 -0.159374 -0.080606 -0.086348 0.038458 -0.084288 0.080182 0.052449 -0.002358 -0.031743 -0.082408 0.040311
0.132203 0.016018 -0.155895 0.005196 0.061241 -0.025469 0.001605 -0.103734 0.048625 -0.023088 -0.032137 0.031047 -0.020940 -0.066705 0.146455 -0.143025 0.124183 -0.146718 0.015223 0.081532 -0.005024 -0.119863 0.135432 0.018694 0.001170 -0.031431 -0.175614 -0.012351 0.087367 0.016092 0.054921 0.015945 -0.040260 -0.048232 0.150717 0.160165 -0.058136 0.152348 0.074448 -0.046154 -0.083580 0.016407 0.000107 0.056821 -0.038230 -0.030169 0.015199 -0.006024 -0.036513 0.026405 -0.038373 0.023803 -0.113908 0.009986 0.200865 -0.027702 -0.139397 -0.033421 0.018258 0.005771 -0.031761 -0.198825 0.003162 0.176982 -0.041752 0.002197 -0.049406 -0.019287 0.008607 0.157992 0.041868 0.057301 -0.022469 -0.138788 0.026045 -0.014457 -0.029432 -0.027584 0.054157 0.004801 0.084168 0.111481 0.050321 0.109217 -0.138417 0.103138 -0.072757 -0.212751 -0.088588 0.054095 0.066303 -0.086630 0.028722 -0.031806 0.060211 -0.010052 -0.083103 0.025704 0.006571 -0.040630
-0.023327 0.124130 0.118003 -0.068368 0.051456 -0.047123 0.022956 0.067695 0.141295 -0.029620 -0.137987 0.085422 0.020555 -0.041402 -0.096136 0.076751 0.043242 0.070361 -0.046729 0.050010 -0.030429 0.159485 -0.081225 0.161894 0.023168 -0.032102 -0.127470 -0.156960 0.143854 0.084073 0.078111 0.082041 -0.047985 0.083192 -0.027364 0.103638 0.063211 0.096929 0.072628 0.146745 -0.060683 0.021669 0.027480 0.034220 0.107680 0.087290 -0.006895 -0.054084 -0.221632 0.036711 0.141995 0.137887 -0.110588 0.061369 -0.168588 0.058052 0.136166 0.038424 0.057106 -0.035312 -0.039909 -0.015463 -0.174598 -0.091609 0.085704 -0.067893 0.071452 -0.048506 0.120909 0.043048 0.057690 0.046359 0.033844 -0.094849 -0.036225 -0.070261 -0.089070 -0.033560 0.066120 -0.166933 -0.039997 -0.050754 -0.111016 -0.042418 0.015419 -0.133607 0.090316 0.290644 -0.030955 -0.238793 0.191061 -0.064802 -0.104624 -0.025101 -0.214003 -0.148180 0.031058 0.089452 -0.029436 -0.100228
0.147331 0.031235 -0.063062 -0.117036 -0.027249 0.092891 -0.034743 0.192409 -0.145936 -0.079193 -0.152725 -0.049252 -0.081237 -0.074041 0.038737 0.064224 -0.135512 0.094720 0.019697 0.138618 -0.018247 0.039455 0.045861 0.022393 -0.213781 -0.003487 0.099813 0.154740 0.059342 0.124035 -0.014601 0.078723 0.044483 -0.103631 -0.082766 0.006262 0.162331 -0.040823 -0.019683 -0.028123 -0.109015 0.018582 0.088150 -0.048065 -0.130101 -0.081532 -0.102591 0.209900 0.038128 0.129928 -0.091295 -0.006600 -0.074751 0.023637 0.003509 -0.116937 0.079535 0.026895 -0.086455 0.014812 -0.140599 0.078190 0.047409 0.117058 -0.192400 -0.077453 0.011458 0.058484 -0.084021 -0.085441 -0.006172 -0.008067 -0.042187 -0.157582 -0.019982 0.136102 -0.150708 -0.173677 0.095748 0.071895 -0.137840 0.190852 0.146262 -0.209150 -0.044174 0.072225 0.086137 0.039941 0.034102 0.059291 -0.031989 0.117469 0.018713 -0.195451 0.113222 0.092269 0.036428 0.018966 0.072487 -0.087944
0.035524 0.009520 -0.083171 -0.060039 -0.095250 0.194423 -0.034119 -0.005160 0.060024 -0.048846 -0.046500 0.015785 0.071316 -0.094233 -0.008317 0.021860 -0.121593 -0.068144 0.133696 -0.030148 -0.003155 0.220371 0.078149 0.010523 -0.097463 -0.093287 0.014402 -0.061667 -0.002171 0.164540 -0.036545 -0.036623 0.109962 -0.029264 -0.007241 0.078525 0.097066 0.088052 -0.022025 -0.047665 0.135455 -0.152094 0.099502 -0.026695 0.186684 0.021161 -0.192329 -0.076219 0.110248 0.053078 -0.121958 0.065608 0.122640 0.120437 0.038499 -0.065696 -0.048652 -0.011438 0.099054 0.069269 0.065762 0.007442 0.025406 0.068511 -0.016769 -0.108644 0.031941 0.020051 -0.033991 0.040761 -0.062793 0.023634 0.137697 -0.033670 0.065736 0.152921 -0.041933 0.138421 -0.074225 -0.031999 0.132203 0.062141 -0.079889 -0.049081 0.067806 -0.210761 -0.045888 0.019182 -0.081275 -0.062020 -0.058576 0.055167 -0.070681 -0.019777 -0.007108 -0.056196 0.086636 -0.111839 -0.082038 0.027310
0.095248 0.139997 -0.119562 0.061747 0.061584 0.053976 -0.019865 0.042509 0.052320 -0.067504 -0.026612 0.177430 -0.128450 0.104394 -0.076449 -0.180976 0.014633 0.052328 0.052534 -0.029445 -0.060832 0.143808 -0.181389 -0.143083 -0.037030 0.107888 -0.088393 0.127091 0.223463 -0.006250 0.048169 -0.118498 0.151005 -0.007826 0.014961 0.139805 0.141163 -0.181418 -0.074156 0.008124 -0.015460 0.033977 -0.065673 -0.212341 -0.032377 0.086887 0.065646 0.031091 -0.092576 0.140671 -0.143196 -0.140123 0.182373 0.138692 0.066051 0.035648 -0.089442 -0.025354 -0.084464 0.116424 -0.021343 -0.004263 -0.000441 -0.061135 -0.050423 0.105028 -0.057531 -0.147650 -0.080593 0.059290 -0.095320 0.012849 0.105479 -0.087693 -0.049489 0.121895 0.078673 0.087385 -0.098821 -0.155189 0.165515 -0.036263 -0.042587 0.195779 0.026525 0.015021 0.059584 0.091692 0.197535 -0.096199 0.123541 -0.024486 -0.088245 -0.108357 -0.072837 -0.033610 0.276357 -0.056402 0.031731 0.005921
0.240132 -0.022883 -0.062904 0.036627 0.142623 -0.084489 0.076669 0.114493 -0.068256 0.148651 -0.164431 -0.001832 0.144045 -0.284196 0.066515 0.046149 0.077248 0.081334 0.174790 0.073458 -0.135037 0.016448 0.053232 -0.004862 0.034182 0.102994 0.065093 -0.066816 0.073376 0.067009 -0.035272 0.043078 0.008070 0.197679 0.013568 0.007933 0.100237 -0.031438 -0.092241 0.002024 -0.004074 -0.055738 -0.087269 0.198128 -0.036332 -0.049533 0.109569 0.214528 -0.058010 -0.068338 -0.104404 0.076574 0.136419 0.068170 -0.001294 0.022388 0.190588 -0.097821 0.060494 0.119398 -0.022023 0.130466 0.086590 -0.004582 -0.007464 -0.077336 0.038141 -0.046544 0.008691 -0.013174 -0.087748 -0.126578 -0.070882 -0.051373 0.005341 0.030011 0.038891 -0.033986 -0.066648 0.009880 0.058700 -0.039924 0.073562 -0.093845 0.036266 0.061054 -0.031213 -0.105245 0.011809 0.080370 0.041775 -0.096931 -0.201484 0.102842 -0.052219 0.039882 0.090693 -0.039079 -0.090270 -0.090921
-0.021002 -0.055746 -0.014671 0.047646 -0.067726 -0.019177 -0.127436 0.145456 0.087069 -0.016467 0.086797 -0.078205 -0.030820 -0.022192 0.056439 0.181624 0.135179 0.049146 -0.115257 -0.066434 0.061295 -0.015143 0.046515 0.179969 0.126207 -0.006534 -0.090832 -0.064380 -0.055367 0.026808 -0.023184 -0.089618 0.029120 -0.070820 -0.142054 0.004597 0.094995 0.066821 0.029746 -0.043642 -0.281275 -0.022489 0.019474 -0.177734 -0.031174 -0.019111 0.004340 -0.119983 0.012448 0.008848 -0.011002 0.172603 -0.202707 0.047163 -0.016373 0.068509 0.009330 0.074146 0.012692 0.031349 -0.037060 0.063156 0.029461 -0.011581 0.063572 -0.021609 0.030636 0.110244 -0.006155 -0.007063 0.039427 0.126479 0.020098 0.104991 -0.181035 -0.093858 0.020354 -0.107904 -0.047043 0.046149 -0.082682 -0.010113 0.107342 -0.259581 0.026261 0.039950 -0.151747 0.205432 -0.032904 0.082054 -0.023463 -0.100001 0.060474 -0.158838 -0.082330 -0.178607 0.154469 0.079024 0.074828 0.008035
0.119022 0.134215 -0.218917 -0.005949 -0.018638 0.122344 0.061499 0.004652 -0.044430 -0.068829 -0.021156 0.251268 0.042098 0.003310 0.096621 0.060875 -0.094399 0.049595 -0.016427 0.158247 0.138589 0.174509 -0.062963 0.182929 0.156790 -0.068551 0.104921 0.004508 0.085987 0.052068 -0.082835 -0.143042 0.071475 -0.257299 -0.016994 0.094037 0.030730 -0.092080 0.082363 0.012226 -0.048300 -0.032693 -0.069467 -0.100775 -0.086199 -0.012479 -0.042005 -0.078352 0.080602 0.068006 0.037533 0.109450 0.157011 -0.001357 0.005673 0.038801 -0.054820 -0.004176 -0.027621 0.030996 -0.022408 0.006365 -0.119720 -0.053033 -0.095554 -0.125410 -0.105635 0.041831 0.058916 0.065549 -0.163837 0.021861 -0.025604 -0.067536 -0.043550 0.124267 0.132930 0.119394 -0.044159 0.064425 0.040078 0.051306 -0.087260 -0.106687 -0.012032 0.032259 -0.075813 -0.079472 0.047176 0.064959 0.011011 -0.049072 0.000071 -0.116697 -0.052225 -0.115627 0.057208 -0.067252 -0.206676 -0.093860
0.057469 0.059795 0.065901 0.047329 -0.065728 -0.052296 -0.042571 0.028296 0.056085 0.180817 0.244821 0.066870 -0.038655 -0.090860 -0.123276 0.265806 0.065871 0.074716 0.110406 0.162629 0.024063 0.050534 0.203524 0.132044 0.207263 -0.040639 0.043699 0.062673 0.155995 -0.074781 0.134439 0.290001 0.076641 -0.034997 0.053492 0.063635 -0.172834 0.137975 -0.160584 0.008814 0.154695 0.045737 0.047180 -0.063068 0.031080 -0.235901 -0.068843 0.050693 -0.107102 -0.005704 -0.057825 -0.127236 -0.002653 -0.072066 0.057520 -0.098743 0.082422 0.039718 -0.020996 0.088665 -0.158095 -0.062772 -0.128029 -0.131264 0.100305 -0.189488 0.038886 0.005576 0.213043 -0.197366 0.026086 -0.009393 0.075460 0.078541 -0.114809 -0.010032 0.077309 0.001300 0.005493 0.116575 -0.117592 -0.009349 0.085444 -0.062601 0.027292 0.110807 -0.037452 -0.083833 0.075160 -0.138971 0.067844 0.079641 0.020033 0.172181 0.138770 -0.018565 0.014783 -0.076211 0.047385 0.049198
-0.011754 0.004114 0.036087 -0.098920 -0.058796 0.022583 0.257803 0.010105 -0.169789 -0.054348 0.040695 -0.161559 -0.093177 -0.111129 0.040058 0.061486 0.048210 0.079891 -0.019496 -0.202261 0.231871 0.051700 -0.111001 -0.039501 -0.105579 -0.059963 -0.026955 0.119377 -0.059487 0.227903 -0.110978 -0.045738 -0.159504 0.114800 0.057908 0.174709 -0.044085 0.147473 0.000810 0.159278 0.067320 -0.046562 0.081693 0.056940 0.172556 -0.053665 0.032570 0.035066 -0.059238 0.075096 0.005827 -0.022937 0.137139 0.061108 0.015100 -0.000914 -0.200247 -0.079008 -0.011248 0.216723 -0.053707 -0.067083 -0.031486 -0.039797 -0.010155 -0.178952 0.072692 0.114792 -0.107417 0.186418 0.044823 -0.039803 -0.160670 -0.073667 0.104545 0.029143 0.049558 -0.136495 0.010153 -0.026911 0.199521 -0.283732 -0.042398 -0.086515 0.031030 0.112025 0.135349 0.197162 -0.117952 -0.117988 -0.079641 -0.070651 -0.105873 0.014338 0.068711 0.100954 0.049211 0.091436 0.105549 -0.017516
0.057042 -0.198239 -0.116660 0.131492 0.004987 -0.161795 -0.069288 0.178852 -0.009414 -0.031907 -0.122968 -0.160794 0.102892 -0.005510 0.002963 0.160379 -0.008219 0.000805 0.038526 0.244230 -0.074195 -0.115872 0.013493 -0.122817 -0.019872 0.082625 0.113778 -0.123352 0.023598 -0.057589 -0.108458 0.186079 0.055802 0.064788 0.014984 -0.114768 -0.069234 0.099250 -0.103422 -0.047603 0.006263 -0.008427 -0.091473 -0.177848 0.043184 -0.131721 -0.100543 -0.008607 0.062384 -0.047860 0.037671 0.069469 -0.006599 0.069634 0.046907 0.218688 -0.001645 -0.010053 0.086301 -0.198699 -0.047188 0.018405 -0.032362 -0.270046 0.150943 0.031079 -0.008119 -0.027164 0.154337 -0.115019 -0.172615 0.204988 0.050274 0.132336 -0.074467 0.073101 -0.009208 0.094361 0.008572 -0.217500 0.225314 0.002141 -0.227486 0.032952 -0.054984 -0.148937 -0.226783 0.015159 0.032069 -0.092834 0.071306 -0.093814 0.014562 -0.011542 -0.302110 -0.001315 0.023606 -0.000696 0.014017 0.018676
0.089913 -0.044649 0.134250 -0.118735 -0.069332 -0.006120 -0.005493 -0.005627 -0.019746 -0.044195 -0.006701 0.054901 0.100467 0.039290 -0.015511 -0.076684 -0.120708 0.001575 -0.150486 -0.011072 0.230799 0.175430 0.104125 0.056902 0.036949 -0.129979 -0.015813 0.242606 -0.208072 -0.174173 0.029618 0.236705 -0.129257 -0.199174 -0.081431 -0.064497 0.066100 -0.045350 0.049768 -0.126760 -0.035752 -0.098485 -0.156555 0.063001 -0.024833 0.124433 -0.035656 -0.039034 -0.041289 -0.053298 -0.061333 -0.180282 0.008794 0.141705 -0.104320 -0.015630 -0.056659 -0.072428 0.067736 0.224509 0.044785 0.028279 0.077000 -0.029583 0.121116 -0.084441 0.015845 0.100270 0.023817 -0.070657 -0.049190 0.059562 0.119541 0.096180 -0.021510 -0.109282 0.014860 -0.058037 -0.110036 0.070430 -0.134414 0.148504 -0.038728 0.122847 0.130665 0.083488 0.331640 0.027128 0.067013 0.047321 -0.071769 0.014237 -0.094546 -0.002243 -0.128633 0.109521 -0.053893 -0.024610 -0.010182 0.023052
0.006440 0.136262 -0.131755 0.083574 0.200476 -0.063130 0.058312 0.007595 0.008436 -0.091496 0.031579 -0.049314 -0.187656 0.006847 -0.039471 0.134045 0.014220 -0.008744 0.038981 -0.170523 0.042068 -0.154836 0.085734 0.117523 -0.146032 -0.152264 0.076442 -0.024725 0.121534 0.014510 0.125168 0.161412 -0.126230 0.028779 0.184706 0.184481 -0.104423 0.081499 -0.213017 0.212419 -0.028275 0.120249 0.062471 -0.047408 -0.016078 -0.106539 0.264149 0.046778 -0.048364 -0.081158 0.014022 -0.066978 0.070628 0.054827 0.050331 -0.015644 0.104272 0.112318 0.023323 0.177354 -0.012635 0.159354 0.169749 -0.128155 0.139338 0.110892 -0.114680 -0.121175 -0.070608 0.013785 0.020079 -0.070964 -0.004129 -0.101362 -0.035974 -0.045136 -0.019404 0.024890 0.050225 0.209241 0.035227 -0.042636 0.012938 0.133330 -0.113454 -0.218501 0.126806 0.108581 -0.042370 -0.094550 0.096759 0.050581 -0.013468 -0.079477 -0.079627 0.111001 -0.021389 -0.023333 0.060019 -0.100582
-0.076124 0.180594 0.006908 -0.143966 -0.138882 -0.022916 0.029097 0.050218 -0.030876 0.237970 0.024740 0.125953 0.043793 0.187665 0.109593 0.005383 -0.115827 0.079161 -0.091791 0.021206 -0.118158 -0.081861 -0.091370 -0.025199 0.036492 -0.020271 -0.020868 0.027874 -0.097467 0.001114 -0.173927 -0.062950 -0.072817 -0.035477 0.202245 0.077032 0.027522 0.087039 0.095630 -0.024711 -0.128862 -0.182087 0.195378 -0.030141 0.026855 -0.107562 -0.004788 -0.007614 0.030397 0.012360 -0.280977 -0.108771 0.070732 0.016856 -0.201382 -0.040126 0.045647 -0.063426 -0.026920 0.061031 -0.002111 0.006848 -0.129688 -0.148607 0.099424 0.051706 0.032240 -0.094219 0.053624 0.151939 0.056145 -0.073623 -0.146369 0.060451 0.305349 0.101556 -0.131273 -0.015766 -0.015408 0.022223 -0.220807 0.141666 -0.053681 -0.125437 -0.047192 0.094429 0.073953 -0.078756 -0.013068 0.100319 0.049414 -0.085381 -0.100938 -0.022073 -0.082586 -0.078212 0.035167 0.075373 -0.015724 0.012913
-0.092764 0.058203 -0.117094 -0.008092 0.192977 -0.072132 -0.163891 0.161790 -0.000313 0.012790 -0.129252 0.016239 -0.044303 -0.007944 -0.099632 -0.037202 0.134343 0.004839 0.146130 0.006617 0.017877 -0.001263 -0.070955 -0.067421 -0.109380 -0.046241 0.115928 -0.157074 -0.065418 0.099125 0.023062 0.086668 0.178652 0.010282 0.050813 -0.023255 0.085532 0.126480 0.014148 -0.109264 0.023358 -0.057330 0.169027 0.030607 0.084064 0.126709 -0.060924 -0.121198 -0.073521 0.010024 0.022166 -0.066055 -0.052245 -0.101054 0.123944 0.060190 -0.057716 0.028909 0.141386 -0.019554 0.072761 -0.015476 0.126833 0.052251 0.091641 -0.002541 -0.009345 0.031712 0.071004 -0.106604 0.130477 -0.083168 -0.098164 0.040767 0.084840 0.015509 0.052128 0.157762 0.006737 -0.096973 0.058784 -0.023874 -0.172124 -0.109518 0.118551 -0.009717 -0.059354 -0.019361 0.062415 -0.117152 -0.057369 0.118436 0.129901 -0.080461 0.118948 -0.050040 0.203657 0.068877 -0.058374 0.079056
-0.152005 -0.100703 0.045774 -0.056970 -0.031905 -0.087144 0.052069 0.132984 0.057739 -0.011552 -0.058123 0.009772 -0.079772 0.017379 -0.177524 0.085515 0.102512 0.127545 0.055484 0.120673 0.026517 -0.109169 0.167581 -0.061120 0.017102 -0.109730 0.230095 -0.007620 0.136649 0.038993 -0.006710 -0.062648 0.140345 -0.078030 -0.068323 -0.136172 -0.022952 -0.078377 0.041664 0.010882 0.107673 0.122908 0.038234 0.017957 0.012780 -0.015591 0.134760 -0.013980 0.095699 0.077363 0.092308 0.000459 -0.261087 -0.022139 0.056131 -0.056766 0.058818 -0.078639 -0.077748 -0.060827 -0.123786 -0.040404 0.025331 -0.004358 0.036910 -0.016826 0.098016 -0.138800 -0.089295 0.002703 0.001992 0.073721 -0.184547 0.044718 -0.118327 -0.068609 -0.029657 -0.230319 -0.222281 0.149583 0.090682 -0.020867 0.224230 -0.072655 0.019826 0.049358 -0.140294 0.000511 -0.019665 -0.092000 0.103006 -0.238457 0.007789 -0.083898 0.026733 -0.019062 -0.051783 0.113230 -0.033195 -0.139669
0.014111 0.012401 0.098998 0.072244 -0.005644 0.082044 -0.072294 0.212009 -0.068009 0.014337 -0.204307 0.039391 -0.074448 -0.091039 -0.277454 -0.000443 -0.152145 -0.121859 0.024725 0.063102 -0.089917 -0.046938 0.010509 -0.005014 0.103911 0.072066 -0.119815 0.007618 0.040069 0.111150 -0.205486 -0.032971 0.042028 0.064046 -0.010793 0.056804 -0.013348 -0.235597 0.126584 -0.015952 0.076706 0.017545 -0.083032 0.023831 0.071450 -0.106350 0.022263 -0.008114 0.073001 -0.033595 0.103235 0.033442 -0.081121 0.019623 0.168216 0.164025 -0.004628 -0.086884 -0.111804 -0.146438 -0.169047 0.036257 -0.114046 -0.020641 0.015587 0.023008 -0.074779 0.074848 0.090523 -0.038336 0.122432 0.080067 0.137158 0.048252 -0.119510 -0.158038 0.048611 0.023389 -0.002244 0.050937 0.235542 -0.006058 -0.209645 0.081619 0.146060 0.127539 0.027301 0.056262 0.115147 -0.038727 0.052921 0.008388 -0.025298 -0.155821 0.170946 0.019347 -0.004539 0.032931 -0.174020 -0.056786
-0.022025 -0.018692 -0.001254 -0.067442 0.067973 -0.097173 0.091617 -0.125971 0.063222 -0.034030 -0.159418 -0.077206 -0.067842 0.061554 -0.103015 -0.108108 0.001094 0.032419 -0.134401 -0.024897 0.057168 -0.071616 0.027075 0.040983 -0.166171 -0.004368 0.169924 0.102376 0.037164 0.089872 0.020319 0.046633 -0.024164 0.043616 -0.035830 0.038412 0.134643 -0.087391 -0.067909 -0.029630 -0.062018 -0.059493 0.117894 0.112263 0.113442 -0.066908 0.124149 -0.041223 -0.083349 0.112062 0.045275 -0.147143 -0.019187 0.111730 -0.061722 0.001608 0.036112 -0.004499 -0.079414 -0.093312 -0.171804 0.010531 0.001109 -0.063821 0.105852 -0.012638 -0.039398 0.003677 0.036336 -0.040965 -0.027089 -0.202089 -0.014950 -0.167561 0.053280 0.029147 0.180955 -0.062545 0.145587 0.096269 0.104995 -0.227657 0.062193 0.077241 0.006301 -0.181237 0.014714 -0.026762 -0.118808 0.042911 -0.037807 -0.162047 -0.093442 -0.005360 0.100270 -0.084431 0.229152 -0.045394 0.165881 -0.005565
0.083497 -0.025595 -0.198721 0.118599 0.075472 0.145804 -0.017444 -0.079412 -0.019032 -0.165348 0.121928 -0.139105 0.011997 -0.063785 0.140868 -0.055492 0.106964 0.069027 0.054466 0.107156 -0.080523 0.157534 0.063790 -0.083505 0.205484 0.071910 0.070036 -0.082103 -0.006995 0.125705 -0.147031 0.014924 0.064120 0.115504 0.136074 -0.061241 0.001467 -0.193903 -0.056140 -0.115273 0.033088 0.125909 -0.147775 -0.069453 0.000410 0.020283 -0.106550 0.035276 0.143033 0.064404 -0.075207 -0.003609 0.064846 0.190621 -0.181745 -0.021297 0.042127 -0.075208 -0.023369 0.152394 0.080064 -0.139304 -0.131013 -0.137732 0.001689 0.059510 -0.087976 0.140026 -0.155640 -0.001103 -0.023927 0.142478 0.098025 -0.030954 -0.064918 -0.097832 0.082664 0.040519 0.106058 -0.045258 -0.026117 0.033226 -0.143857 -0.072199 0.078971 -0.025289 -0.004126 0.199902 -0.047898 -0.159302 -0.149611 0.172871 -0.084356 -0.017434 -0.193307 0.066020 -0.021864 0.018101 -0.072332 0.053195
-0.075607 0.114810 0.103197 0.069682 -0.071696 -0.072068 -0.015648 -0.096096 -0.084849 0.078301 -0.087788 -0.121727 -0.037499 0.050067 0.029806 -0.174197 0.041556 0.155296 -0.095373 0.175518 -0.145126 0.138546 -0.154120 -0.090286 0.033138 -0.138073 0.113574 -0.130151 0.026066 -0.111470 -0.158895 -0.072949 0.026867 -0.128921 -0.102583 0.049269 -0.006382 -0.103506 0.031220 -0.235680 0.046792 0.002007 -0.048147 -0.050634 0.010411 0.013446 -0.045520 0.070167 0.202422 -0.080248 -0.131977 -0.099513 -0.033762 0.058093 -0.020882 -0.059733 0.180377 0.118353 0.008806 -0.010462 -0.052618 0.114259 0.050849 -0.032373 -0.005828 0.074150 0.039090 -0.095922 -0.207446 0.101914 0.102958 -0.107311 0.181800 0.100280 -0.121436 0.091594 0.027004 0.029216 -0.251308 0.016443 0.088394 -0.128495 0.045150 -0.045568 -0.147800 0.009260 0.046124 -0.176734 -0.166614 -0.003865 0.066556 -0.030384 0.078314 -0.028110 0.087807 0.037661 -0.003910 0.007360 -0.000944 -0.064576
-0.122963 -0.020816 -0.015675 0.162148 0.027974 -0.058289 0.076876 -0.007341 0.061987 -0.030494 -0.092709 -0.098031 0.200289 0.061579 -0.087991 0.049580 -0.017927 0.036973 0.022096 0.256429 -0.112596 -0.102448 -0.113551 0.111578 -0.173258 0.082473 0.094491 -0.079998 -0.216943 0.075120 0.160866 -0.005181 -0.176820 0.097934 -0.018104 0.052324 0.100274 -0.059901 0.102566 0.026960 -0.127593 -0.083079 -0.050335 -0.070222 0.032373 -0.140351 0.265802 0.093620 -0.104074 -0.123832 -0.018698 0.052582 0.061869 0.035415 0.026857 -0.101981 -0.022046 0.029817 -0.050808 0.097988 0.131609 0.119244 0.077174 -0.197733 0.030319 -0.020168 -0.006850 -0.119830 -0.245294 0.000037 -0.013157 -0.162690 -0.059246 0.065801 -0.127083 0.062994 0.168959 -0.133069 0.136683 -0.098722 0.184581 -0.274253 -0.093005 0.237466 0.134334 0.058880 0.051112 0.004745 -0.063719 -0.142605 0.011604 -0.140536 -0.040384 0.007369 0.140664 -0.146683 -0.044893 0.036908 -0.138441 -0.029831
0.063276 0.004564 -0.064198 0.229794 -0.079302 0.080595 -0.036741 0.015222 0.007117 0.102505 0.226418 -0.171143 -0.034496 0.169786 0.057307 0.082327 -0.056628 0.001057 -0.071261 0.045109 0.015651 -0.067799 0.102290 0.104630 -0.226636 0.080078 -0.114163 0.134817 -0.090062 -0.054233 0.005252 -0.072991 -0.032490 -0.080833 0.009915 -0.054736 0.115860 -0.108950 0.090261 -0.101231 -0.188345 0.048485 -0.130797 0.207675 0.085402 -0.021315 0.016927 0.123074 0.078328 0.093998 0.143986 0.024806 0.080234 -0.028636 -0.009856 -0.137774 0.108403 0.028806 -0.045676 0.124782 0.144075 0.101834 0.123012 -0.017355 0.066907 -0.136189 -0.029787 0.094264 0.084422 0.071341 0.073940 -0.017567 0.020166 0.058513 0.044375 0.002244 -0.046319 -0.200341 -0.054664 -0.024735 0.180178 -0.170250 -0.145458 0.118173 0.043899 0.080331 -0.056851 0.234132 0.112289 -0.029950 -0.180117 0.099481 0.041711 -0.121182 0.015349 0.007481 0.004478 0.014009 -0.075545 -0.105638
-0.027359 -0.087916 0.018070 -0.248520 0.218686 -0.204566 -0.194321 -0.237766 0.037321 -0.011478 -0.020669 -0.046887 -0.011956 0.003460 -0.006671 0.087455 -0.111397 -0.175836 -0.048939 -0.133307 -0.013143 0.062008 0.086922 -0.087830 0.021217 -0.114149 -0.019092 -0.137084 0.087561 0.130167 0.140347 -0.124018 0.031550 -0.093602 0.046807 -0.047479 -0.021476 0.086559 -0.088389 0.105125 0.100219 -0.164935 0.053449 0.049370 0.053951 0.099412 -0.181508 0.065546 0.021644 0.170944 0.152412 -0.162805 -0.072277 -0.098573 0.073051 -0.030648 -0.065480 -0.020363 0.133475 0.079404 -0.105174 -0.012484 0.023952 -0.187413 -0.027292 -0.105508 -0.075676 0.040774 0.115819 -0.063330 0.053153 0.154044 0.082377 0.075261 0.000872 -0.064709 0.020778 -0.055925 0.066564 0.034667 0.025573 -0.078285 0.232557 0.009661 0.042223 0.031538 0.158473 -0.102773 -0.101019 0.014671 -0.036416 0.115730 -0.069464 -0.118373 0.271695 0.019046 0.161974 0.083854 -0.004590 -0.022514
0.007441 -0.109358 -0.007066 0.049435 0.161005 0.155297 0.103137 -0.100723 -0.049624 0.067343 -0.124646 0.065993 0.124452 -0.056719 0.070822 -0.021711 -0.056098 0.115130 0.179906 0.093206 0.065046 0.052942 0.218002 0.030370 -0.035540 0.060141 -0.046899 0.095382 0.059051 -0.028753 0.004694 0.066055 -0.050550 -0.076706 0.146901 -0.078812 0.195035 0.124855 -0.022461 -0.029498 -0.009855 -0.073829 -0.142370 -0.212544 0.096977 0.102728 -0.050577 -0.097755 0.091301 -0.027639 -0.038411 -0.053812 -0.077391 -0.108002 -0.017118 0.008230 0.064413 0.095896 0.055672 -0.087834 0.075839 -0.096834 0.258268 -0.026530 0.117460 -0.104077 0.015148 0.018705 0.056343 0.010999 -0.180396 -0.012060 -0.062996 0.029769 0.080341 -0.031564 0.018531 0.130436 -0.123208 -0.015060 -0.117936 -0.076198 0.076379 -0.116261 0.089612 -0.016334 0.027254 -0.130458 -0.182865 -0.081586 0.137390 -0.070667 0.050450 0.000679 0.106033 0.057050 0.009269 0.066623 0.012737 -0.106204
-0.062122 -0.035700 -0.068421 -0.028992 -0.073766 -0.037793 0.012913 -0.092265 0.111870 0.104959 0.051646 0.044520 -0.026757 -0.005498 0.023197 -0.027095 0.069102 0.029622 0.194700 0.016154 0.263889 0.045099 -0.014180 -0.127185 -0.119744 -0.066617 0.002694 0.215852 0.037767 0.091205 0.021939 0.000067 0.056038 -0.119168 0.094538 -0.097028 0.006509 -0.197642 0.129100 -0.128170 0.123023 -0.039360 0.074493 -0.150273 -0.150391 -0.003083 -0.040251 0.058027 -0.089983 0.129621 0.048189 -0.153843 0.106382 0.014187 -0.216684 0.149642 0.157964 -0.044478 -0.047913 0.136005 -0.134525 -0.148817 -0.019745 0.082888 -0.077721 -0.136298 -0.032137 0.048519 -0.049998 -0.126966 -0.078735 -0.036225 -0.066257 -0.014297 -0.112954 -0.167960 -0.002488 0.197300 -0.047543 -0.085592 -0.087347 -0.051226 0.093991 -0.132987 -0.137197 -0.085974 0.033834 0.002025 -0.045894 -0.030438 -0.091712 0.038031 0.117566 0.019703 0.029031 -0.034028 -0.140342 0.028978 -0.031025 -0.058705
-0.109850 0.057451 0.111031 -0.015930 -0.098880 -0.005747 -0.010079 0.125753 -0.057150 -0.066871 -0.023914 -0.010567 -0.033160 0.007262 -0.088098 0.037147 -0.013568 0.036638 -0.005564 -0.021197 0.017397 0.057812 0.076071 -0.074570 0.273315 -0.072863 0.038144 -0.067200 -0.052807 0.011784 -0.207258 -0.008842 0.210092 -0.050296 -0.186977 -0.005938 0.038014 -0.148444 -0.077400 0.021388 0.162856 -0.214823 -0.077488 -0.111659 0.076198 0.009040 0.019306 0.035570 -0.016548 0.028432 0.024769 0.076046 0.009237 -0.083823 -0.105978 -0.032667 0.181464 0.002193 0.053286 0.001281 0.019248 0.149427 0.010480 0.005107 -0.040701 0.088882 -0.159188 -0.066231 0.142420 0.153139 0.008764 -0.127609 0.018288 0.093545 -0.028837 0.069901 -0.103370 0.161981 -0.123497 0.225383 -0.023050 -0.014183 -0.124826 0.084779 0.125897 0.034293 0.072093 0.240276 0.067800 0.104687 0.004761 0.000964 -0.084814 -0.029426 -0.174247 0.204639 -0.073022 -0.014608 0.039715 0.065603
0.022036 0.061718 0.026741 -0.010641 0.074161 -0.030572 0.125312 -0.027164 0.048368 -0.101511 -0.096602 0.052443 -0.111219 -0.063340 0.137739 -0.091224 -0.030664 0.052314 0.185606 0.118490 -0.027894 0.119363 0.028963 -0.089800 -0.035801 0.081222 0.099045 -0.075466 0.035806 -0.037923 0.008935 0.011341 0.177636 -0.261728 -0.147108 0.011368 0.168914 -0.075701 0.056160 -0.126154 -0.108443 -0.095318 0.025643 -0.199331 -0.051615 -0.396280 -0.090643 -0.109952 -0.005265 -0.089665 0.182667 0.125892 -0.097047 0.031239 -0.039133 0.102076 -0.090205 0.026233 0.043378 0.171086 0.041704 -0.054725 -0.089993 0.037825 0.180646 -0.033330 -0.083611 -0.017116 -0.031404 -0.102007 -0.038459 -0.167603 0.047167 -0.008426 -0.002323 -0.017266 0.148199 -0.018976 0.057728 0.040447 -0.093377 -0.179315 0.044267 0.088079 0.100327 0.141930 0.088953 0.051253 -0.217485 -0.069459 -0.136693 0.013908 0.058615 0.030322 0.027445 -0.061696 0.158534 0.025071 -0.098022 -0.025859
-0.008393 0.083134 0.110695 0.099795 0.120656 0.081662 0.014261 -0.072756 -0.162043 0.000487 0.117875 -0.015916 0.055434 0.150306 -0.031377 0.069477 -0.020532 0.057186 -0.080229 0.044488 -0.046288 -0.095264 -0.010873 0.003875 -0.117258 0.105686 -0.068472 -0.013700 0.120316 -0.199062 0.066032 -0.008353 0.008755 0.119992 -0.056693 0.119290 -0.036135 -0.070856 -0.054305 -0.099844 -0.021751 -0.270281 0.138412 0.018972 0.079825 -0.037433 -0.065404 -0.076711 0.189990 0.058448 -0.146046 0.031803 0.100994 -0.033081 0.107652 -0.030845 -0.189729 -0.411783 0.012806 0.089663 0.117933 0.188272 0.054423 -0.132582 -0.030835 -0.030098 -0.082677 0.084238 0.135562 0.001363 0.075916 -0.141495 0.014270 0.199917 0.036701 0.096103 -0.130415 -0.105418 0.019976 0.077749 0.206173 -0.057095 -0.093436 -0.071339 0.057386 0.001813 -0.076342 -0.071226 0.156023 0.125515 -0.011882 0.037237 -0.108939 -0.048004 -0.012028 0.063830 -0.085446 -0.012393 -0.043846 0.174846
-0.192024 -0.039945 -0.048775 0.042302 0.065424 0.033551 -0.052095 -0.010561 0.027177 0.184259 0.305912 -0.091598 -0.099425 0.250318 0.129830 -0.169505 0.144655 0.155720 0.199737 -0.135194 -0.008425 -0.022158 -0.084838 0.043881 0.055414 0.202674 0.030426 -0.113617 -0.050791 -0.031423 0.083749 -0.065012 0.106979 -0.197155 -0.068450 0.106843 0.051161 0.084111 -0.068454 0.143889 -0.072418 -0.073459 0.205532 -0.118426 0.180461 0.081288 0.091774 -0.170571 0.068282 0.015320 -0.013578 0.068147 0.077898 -0.078104 0.000777 0.080229 -0.047983 -0.208367 -0.088342 -0.050477 0.098312 0.093864 0.025932 0.053182 0.111624 -0.161342 -0.005692 0.065125 -0.128157 0.084956 0.080028 0.077142 -0.098064 -0.104225 0.079256 -0.048374 -0.111650 0.039981 0.092866 -0.014837 0.158779 0.066396 -0.055542 -0.120200 -0.006804 -0.043424 0.187642 -0.029793 -0.091939 0.160672 -0.039160 -0.076005 -0.034121 0.122854 -0.102395 0.148454 -0.018947 0.029319 0.182794 0.119807
0.036743 -0.055851 -0.088719 -0.120196 0.091200 -0.167089 -0.106361 0.049369 -0.022020 -0.161913 -0.130568 0.027320 -0.032586 0.208217 -0.051704 -0.131287 -0.004199 0.018686 0.063546 -0.075192 -0.045258 -0.088501 -0.059819 0.021142 0.067332 0.128700 0.021993 -0.088682 -0.105567 0.046585 0.122273 -0.138298 -0.123392 0.108441 -0.198996 0.048904 0.002091 0.102298 0.009515 -0.162580 0.062431 -0.021310 0.262347 0.023729 0.137080 0.139632 0.258497 0.071152 -0.013745 0.046445 0.044905 -0.046516 -0.120441 -0.068217 -0.099784 0.013480 0.135666 0.029206 0.037931 -0.117734 -0.029110 0.080801 0.023666 -0.109610 0.097046 0.198515 -0.093350 -0.072489 -0.125396 0.171325 0.202863 0.067008 -0.060835 0.122913 0.102492 -0.145753 0.110443 0.072858 -0.052475 0.167683 0.167396 -0.043668 0.037255 0.043634 -0.109208 -0.043943 -0.182067 -0.184612 -0.016870 -0.023351 -0.038118 -0.092603 0.163216 -0.033591 0.095221 -0.180026 -0.020724 -0.005293 0.000485 -0.037522
-0.034518 -0.063020 -0.027528 -0.090343 0.174319 0.118309 -0.002517 -0.027041 0.095096 0.062016 0.075066 0.008808 -0.184418 -0.161443 0.001833 -0.111692 0.049438 -0.014820 0.012115 -0.335458 -0.116947 0.008945 -0.152199 -0.052401 0.088762 0.135547 0.024984 -0.264415 -0.082703 -0.004374 0.038807 0.183120 -0.072747 -0.120483 0.146559 -0.147318 0.026502 -0.008542 0.022022 0.069612 0.247997 -0.063621 -0.007835 -0.245811 -0.121897 0.109966 0.060075 0.042204 -0.001011 0.080415 0.008899 0.057851 -0.014940 -0.033220 -0.053475 -0.117876 -0.166262 0.068540 -0.001410 -0.244486 0.055259 -0.055854 0.077406 -0.063534 -0.065311 0.182414 0.113582 0.052146 0.007944 -0.031049 0.064985 -0.120542 0.066390 -0.076310 0.096928 0.036305 0.033866 -0.088139 0.137321 0.031023 0.073938 0.103397 -0.073376 -0.096790 -0.051931 -0.044324 -0.160486 0.031299 0.012527 -0.013604 0.089685 0.154602 0.159853 -0.077719 -0.016543 0.000717 0.061645 0.329916 0.067084 -0.158896
-0.138808 0.068331 -0.002483 0.102327 0.077278 -0.128539 0.064649 -0.100389 -0.024599 0.036107 0.016534 0.016776 0.083189 0.176370 -0.089064 -0.018417 0.103395 -0.173704 0.042624 0.064337 0.125447 -0.124375 0.256359 0.068793 -0.033254 -0.056148 0.046148 0.024968 -0.020234 0.035341 0.061426 -0.010634 0.086888 0.037834 0.037182 0.041786 -0.021384 0.133028 -0.142598 0.103710 0.145058 0.027565 0.074349 0.050107 -0.020550 0.033679 0.128826 0.114392 0.050362 0.017420 0.015201 0.034470 0.005016 -0.161530 -0.055557 -0.160776 -0.133650 0.075028 0.207393 -0.029005 -0.002543 0.059496 -0.040364 -0.047262 0.057269 0.041881 0.073691 -0.183740 0.083048 -0.013493 0.128381 -0.066924 -0.080771 -0.008598 -0.036270 -0.051918 -0.118323 -0.029518 0.099242 -0.134652 0.037650 -0.184879 -0.029111 0.061878 -0.077721 0.097834 -0.174117 -0.108073 0.085393 0.064134 0.226972 0.050012 0.021303 0.063562 0.001699 -0.084486 -0.072170 -0.114801 0.151213 0.134803
0.009268 0.051144 -0.057154 0.162006 -0.077614 0.080740 -0.041454 0.016806 -0.180026 0.041479 -0.013144 0.091156 -0.070059 0.186826 0.069997 0.011271 0.114389 -0.018428 -0.129440 -0.029398 -0.131637 0.048064 0.031409 -0.162495 -0.086904 -0.019686 -0.098413 -0.252467 0.004600 0.068648 -0.107683 0.062612 0.101960 0.159800 -0.006604 -0.019116 -0.034592 0.135039 -0.091863 0.021926 0.086400 0.052375 -0.118150 0.060432 0.221106 0.041942 0.116771 -0.087534 -0.005127 0.083391 -0.040873 0.101388 0.003304 0.059687 -0.023486 0.125610 -0.102487 -0.068009 -0.093868 0.000186 0.081733 0.132346 -0.039161 -0.081999 0.003806 0.002745 0.049651 -0.084815 0.097900 0.142284 0.227839 0.082985 -0.029506 -0.049289 -0.140104 0.144190 -0.052667 -0.019974 0.013345 0.179365 -0.044580 0.137328 0.124815 0.192456 0.095104 0.049452 -0.055681 -0.093376 -0.086326 -0.105759 -0.038915 -0.067266 -0.030265 -0.030881 0.032661 -0.059421 -0.045081 0.011314 0.270995 0.050984
-0.031400 -0.171652 -0.058045 0.019565 0.080613 -0.054501 -0.029110 0.114817 0.036276 0.057423 0.005079 0.184878 -0.002857 -0.082398 0.238732 -0.066216 0.136479 0.206338 -0.059189 0.032291 0.102912 0.046521 -0.045989 -0.132553 -0.164393 -0.003119 -0.032082 0.085170 -0.075519 0.024040 0.077267 -0.143316 0.089095 -0.016593 0.109278 0.135059 0.094578 -0.110888 0.090996 0.039952 -0.155091 -0.079192 -0.094773 0.129942 0.256560 0.067747 0.164370 0.030146 -0.238358 -0.044507 0.127957 -0.039952 -0.044364 0.179842 -0.034335 0.130443 0.021994 0.150104 -0.157585 0.020738 -0.050199 -0.022572 -0.039662 -0.108666 -0.157870 0.010713 -0.023879 -0.194985 -0.025089 0.047459 -0.167457 -0.151964 -0.035796 0.109355 -0.069359 0.106172 -0.133194 -0.143622 0.066908 -0.071781 0.109233 0.128077 0.035527 -0.020714 0.127564 -0.110510 0.139940 -0.109478 0.147060 0.177493 -0.268978 0.136801 -0.087887 -0.154371 0.128694 0.042895 -0.088161 0.140789 -0.184129 -0.086451
-0.056644 0.005135 0.077396 -0.030750 -0.101928 -0.093511 -0.088321 0.060935 -0.116653 0.049022 -0.028432 -0.300203 -0.083541 0.054839 -0.139822 0.093123 -0.003058 -0.193225 -0.067346 0.167426 0.055539 -0.006909 -0.053209 0.091265 0.081834 -0.040407 -0.024630 -0.082285 0.064905 0.070670 0.164480 -0.118662 -0.002586 0.035852 -0.129861 0.070158 0.074411 -0.003304 0.198156 0.096946 -0.065116 -0.125775 0.086244 -0.090990 0.098643 -0.002910 0.181822 0.191308 0.105845 -0.053835 0.096774 -0.114332 -0.037045 -0.023586 -0.083359 0.086059 -0.041034 -0.096360 0.057114 -0.302072 0.054439 0.100315 0.130667 -0.023417 0.182993 -0.058711 0.048695 -0.000403 0.041500 0.072229 0.168153 0.024348 0.081992 0.104436 -0.007847 -0.166938 0.052771 -0.003970 -0.092433 0.079010 0.093080 0.175009 0.037151 0.157295 0.087730 -0.029512 -0.067475 -0.006991 0.096934 -0.112398 0.046261 0.039612 -0.017620 0.055977 -0.041677 -0.173150 0.062366 0.170981 0.030166 0.011907
-0.085119 -0.134106 0.008689 0.197392 0.014688 -0.000232 -0.005586 -0.000365 -0.123427 -0.150315 -0.052089 0.132739 0.009278 0.096938 0.106105 0.057410 -0.098305 -0.004184 0.001644 0.091440 -0.083151 -0.170759 -0.003777 -0.017138 0.049128 -0.047924 -0.019228 -0.061679 0.073593 0.105199 0.219686 0.047981 0.222406 -0.101983 0.084027 -0.021036 0.203586 -0.012701 0.079588 -0.020641 0.049953 0.005756 -0.082969 -0.006288 0.253062 0.052498 -0.099977 0.015518 0.053790 0.185188 -0.025326 -0.059786 -0.057274 0.028060 0.218256 0.113217 0.210499 -0.005115 0.161910 0.032956 -0.009395 -0.005331 0.091974 -0.110885 0.023911 0.078892 0.265872 0.066460 0.065883 -0.044885 -0.073819 0.012987 -0.146007 0.107782 0.210193 -0.028737 -0.016391 -0.008067 0.053792 0.164069 -0.077971 -0.045929 0.111942 -0.010062 -0.078788 0.098928 -0.058194 0.077527 -0.043183 0.116853 -0.076325 -0.036490 0.141014 -0.000859 -0.081079 0.018276 -0.066671 0.007542 -0.157816 0.024426
0.126685 0.095962 -0.148014 -0.021597 0.198545 0.002082 0.033303 0.089327 0.053427 -0.033532 -0.031911 -0.029481 -0.204219 -0.073450 0.131753 -0.013577 -0.120518 0.011820 -0.257815 0.049445 -0.044741 -0.076765 0.080058 -0.041305 -0.148900 -0.090564 -0.175934 -0.144671 -0.056303 -0.005484 0.026366 -0.152171 -0.213844 0.082887 0.143246 -0.053623 -0.036284 0.023657 0.021807 -0.076249 -0.017943 0.093994 0.051925 -0.084506 -0.156095 0.043283 -0.088251 -0.041865 -0.031566 -0.045126 -0.080675 -0.107508 -0.048564 -0.142428 0.055675 -0.005467 -0.010832 -0.057620 -0.178484 -0.156564 0.065180 -0.035865 0.043134 -0.030613 0.054046 0.006393 -0.039685 -0.235387 -0.059568 0.086727 0.063486 0.016233 -0.127834 -0.011299 0.061169 0.137593 0.136761 0.042591 0.137603 0.112959 -0.040270 -0.082509 0.038851 -0.053266 -0.073397 -0.018164 0.062882 -0.032814 -0.116067 0.100802 -0.045253 -0.027696 0.042865 0.184094 -0.271734 0.028883 -0.154143 -0.046413 0.043403 -0.070053
-0.068502 0.039088 -0.062888 -0.027065 0.065015 0.027323 -0.111133 0.178446 0.020809 -0.068389 0.069878 -0.089083 0.094490 -0.036770 -0.166315 0.212119 0.009318 -0.026030 -0.034221 0.033741 -0.113753 0.091896 -0.114721 0.004182 0.016246 -0.225287 -0.074922 -0.137613 -0.003579 0.064699 0.068984 0.127289 -0.047471 0.140651 -0.125031 0.050564 -0.066296 0.177981 -0.113033 -0.152374 -0.178232 -0.161950 0.238555 0.116103 -0.130368 0.067754 -0.106358 0.222119 -0.019335 0.073479 -0.056329 -0.066602 -0.001179 -0.255795 -0.011745 0.016404 0.139266 -0.034674 0.137600 0.073194 0.029451 0.076339 0.099684 0.078611 0.094074 -0.155349 -0.009970 -0.128335 0.026120 -0.037214 -0.030590 -0.164702 -0.013602 -0.123065 -0.074540 0.159539 -0.038698 0.055298 0.071407 -0.095253 -0.243745 0.177034 -0.123548 -0.033618 -0.144647 -0.013204 -0.042643 0.016931 0.000173 0.030650 0.046031 -0.053720 0.068999 -0.022595 -0.122711 -0.037793 -0.017492 0.062603 -0.038623 -0.135049
-0.092333 -0.063289 -0.037588 0.050434 0.004501 0.213925 -0.019899 -0.133644 -0.111544 0.037176 -0.076449 0.053755 -0.086459 0.010231 -0.110857 0.118228 0.013205 0.199494 -0.084554 -0.073513 0.149367 0.027779 0.097598 -0.148316 -0.048608 -0.076999 0.085491 -0.027173 -0.001739 -0.068550 0.113939 -0.030529 0.139064 -0.064434 -0.038535 0.074044 0.222105 -0.024821 -0.047899 -0.053689 0.111996 -0.099979 0.036457 -0.064133 -0.024998 -0.069100 -0.115818 -0.166309 0.033475 -0.072475 0.153367 0.088650 -0.238659 -0.042157 0.004230 -0.228196 -0.243345 -0.101104 0.005813 -0.009062 -0.070451 0.061527 0.023435 -0.054516 0.020961 0.091913 -0.069674 0.104804 -0.142406 -0.145806 0.040836 0.321032 -0.008113 0.244896 0.025996 0.188782 -0.088639 0.215369 0.073356 -0.300085 0.041412 -0.129565 -0.172262 -0.219361 -0.144418 0.113511 0.080968 0.107588 -0.063083 -0.287689 -0.041244 -0.031875 -0.027320 0.073677 0.056698 -0.174228 0.177164 -0.009636 0.060267 -0.138600
0.080985 -0.011970 0.039693 0.139638 -0.039765 -0.000121 -0.093769 0.023524 0.040992 -0.036940 -0.015724 -0.039621 0.017902 -0.063911 0.135124 0.002763 -0.017939 -0.050041 0.080505 -0.117310 0.141334 0.118164 -0.146291 -0.044982 0.189754 -0.091646 0.065277 0.009952 0.060271 -0.044441 0.000364 0.128792 0.124293 0.031738 0.003030 -0.063783 0.030855 0.090410 0.074629 -0.110800 0.008055 -0.079515 0.036571 -0.020788 0.071855 0.049785 0.019786 -0.103968 -0.017332 -0.000034 0.139198 -0.041425 0.005370 0.073586 -0.102542 0.124462 -0.045277 0.072708 0.066920 0.089584 0.005077 0.119588 0.099695 0.219731 -0.124911 0.104780 0.192738 -0.012472 -0.078837 -0.067507 0.033789 -0.129042 -0.049750 -0.070408 0.023153 -0.082450 -0.035796 0.311566 0.194798 0.099661 0.041354 0.124566 0.071219 0.096062 -0.179736 -0.109331 -0.060985 0.101458 -0.144647 0.296462 -0.158981 -0.045761 0.042252 -0.129610 -0.119522 -0.158526 -0.123036 -0.124140 0.052223 -0.036237
0.004316 -0.029066 -0.012964 -0.012975 -0.051236 -0.142716 -0.078334 0.304568 -0.041283 -0.151063 0.074792 0.101856 -0.028299 0.209985 0.078686 -0.102090 0.059924 0.148828 0.159501 -0.219973 -0.124313 -0.059510 -0.058646 -0.003370 0.044713 0.234145 -0.052798 -0.122298 -0.014451 0.160312 0.139420 0.119482 0.007170 -0.085900 0.097341 0.039056 0.001642 -0.130358 0.050023 -0.152600 -0.090564 -0.012656 -0.094550 0.088333 -0.078822 -0.068959 -0.105739 -0.220243 0.008196 0.077207 0.036646 0.101258 -0.062578 -0.010931 0.051228 -0.083612 0.139661 -0.072912 0.003955 -0.148639 -0.009043 -0.001733 -0.138892 0.096556 0.066893 -0.024364 0.017972 0.023670 0.176436 0.224010 -0.231390 0.169667 -0.080794 0.049385 0.033424 -0.018370 0.145813 0.095672 -0.142336 0.174325 -0.136162 0.092787 -0.006029 0.096233 0.094806 -0.139033 0.129234 -0.060170 -0.083090 -0.062550 -0.012541 0.042209 -0.109422 0.154779 -0.012634 -0.020991 -0.141815 0.105075 -0.211365 0.053078
-0.020718 0.065106 -0.075898 0.074330 0.024448 -0.001674 -0.022106 0.056558 0.122341 -0.099171 0.003840 -0.052923 -0.012014 -0.152465 -0.036098 0.046304 -0.022803 -0.172683 -0.011858 -0.056560 -0.149845 -0.002593 0.011767 -0.065380 -0.030810 -0.122918 -0.234514 0.104988 -0.085315 -0.001112 0.243920 -0.022793 0.064405 0.121025 0.346690 -0.035502 0.078528 -0.003983 -0.194463 0.059355 -0.041941 -0.051233 -0.024118 0.094673 -0.103064 0.026411 0.004491 -0.136492 0.104279 -0.024463 -0.074685 0.087580 0.291719 -0.113588 -0.047968 -0.012341 -0.009289 0.070797 0.029701 -0.022705 -0.019135 0.060481 0.103651 -0.062492 -0.144000 -0.039205 0.053197 0.151765 -0.108937 0.012676 -0.004063 0.166498 0.284032 0.115279 0.038117 0.127490 -0.025398 0.003505 0.182779 0.003578 0.183789 0.095329 0.103555 -0.250625 -0.030608 0.182496 -0.155389 -0.008282 -0.135235 0.108877 0.069517 -0.057518 -0.133201 0.031930 -0.006777 0.077012 -0.096115 0.045025 -0.089526 0.216620
0.156985 -0.087666 0.028897 0.029825 0.118491 0.062133 -0.014985 -0.153806 0.024451 0.086503 0.001543 -0.024218 0.005120 0.059956 0.153843 0.000292 -0.108788 -0.065274 0.016041 -0.171140 0.027406 0.031814 -0.098329 -0.094801 -0.198217 -0.130236 -0.006044 0.072335 -0.156380 0.076830 -0.214126 -0.075177 -0.055176 -0.055182 0.043728 -0.008798 -0.114821 -0.151259 0.010806 -0.097061 -0.060117 0.186453 0.006584 -0.122298 -0.122668 -0.051765 0.044752 -0.037885 0.153488 -0.114503 -0.130118 0.069648 -0.054955 -0.073478 0.050459 -0.179990 0.182017 0.094553 -0.048741 -0.004042 -0.015380 0.123324 0.004165 0.153395 0.026890 0.081684 -0.056691 0.115514 0.033463 0.022690 0.046585 -0.026805 0.027066 -0.101890 0.002357 0.025178 0.026247 0.079697 -0.116988 0.083365 -0.037990 -0.013821 0.029293 0.035013 0.078410 0.068602 0.065910 -0.072162 -0.016825 -0.069527 -0.075897 -0.023828 -0.118109 -0.055820 0.164389 -0.064457 0.022341 0.054268 -0.108355 0.156437
-0.056895 -0.007578 0.084812 0.056829 0.099765 -0.098338 -0.130024 0.117459 0.049407 -0.164015 -0.053334 -0.072015 0.002041 -0.077983 0.012140 0.183750 -0.011750 -0.147554 0.009542 -0.045078 0.107525 0.083161 0.089634 0.039137 -0.119449 0.182800 -0.036783 0.022330 0.027569 0.026817 0.002747 0.134685 -0.029188 -0.027231 -0.076860 -0.087334 -0.077511 -0.084925 -0.047779 0.004815 0.022244 0.051289 -0.026941 -0.054630 -0.104844 0.057719 0.008909 0.136216 0.243683 0.048723 -0.015980 -0.188996 0.080118 -0.043486 0.013421 -0.018126 -0.091266 -0.015600 -0.050576 0.066194 -0.183402 -0.038535 0.007204 0.076675 -0.136506 0.017184 0.143200 0.033695 -0.128192 0.026758 -0.262830 0.043016 -0.072263 0.192655 0.022581 -0.084555 -0.120480 -0.170134 0.113776 0.161632 -0.011091 -0.226547 -0.224419 0.046153 0.068872 -0.066415 -0.066042 -0.067422 -0.168912 -0.016648 -0.066886 0.070864 -0.055962 0.118984 0.031501 0.078907 -0.024194 0.155100 -0.089198 -0.016076
-0.000983 -0.063270 -0.178010 0.172735 -0.077272 -0.059948 -0.000661 0.065667 -0.027262 0.108669 0.074718 0.005208 -0.025765 -0.010781 0.152797 -0.053552 -0.016534 -0.110367 0.051289 0.096276 0.012871 0.098967 -0.038953 0.017828 0.142992 0.055190 -0.224502 0.157310 -0.064715 -0.005867 -0.024415 0.137166 -0.139902 -0.123847 -0.000556 -0.064889 -0.027525 -0.016828 -0.115200 -0.029340 -0.011121 0.031169 -0.034115 0.010065 0.095526 0.022399 -0.094202 -0.078804 0.216153 -0.157706 -0.002999 -0.036396 0.020400 -0.045768 0.024445 0.123949 0.127574 -0.190888 -0.088335 0.090969 -0.250663 -0.064419 -0.160661 0.006972 0.069623 0.140649 -0.091878 0.035566 -0.021755 -0.060383 -0.161348 -0.010480 0.025717 -0.169620 0.028328 -0.087809 0.110180 -0.136512 -0.001029 -0.183583 0.019974 -0.111855 -0.075884 -0.195902 0.022905 -0.133787 -0.135291 0.115809 0.001079 0.016190 -0.051540 0.028703 -0.039245 -0.075435 -0.103420 0.097839 -0.027333 0.150952 0.014583 -0.315927
0.123210 0.073160 0.015305 0.144392 0.066266 -0.161053 -0.020436 -0.110854 0.211095 0.064211 0.145011 0.093547 0.003889 0.094310 0.056178 0.008899 0.186612 -0.071564 -0.045033 0.049627 -0.047031 -0.116782 0.099449 -0.030988 -0.027366 -0.040800 -0.051431 -0.046342 -0.122043 -0.013784 0.194279 0.099273 -0.000959 0.120466 -0.049592 -0.009408 -0.052326 -0.165760 -0.184757 -0.107269 0.118995 -0.055463 -0.050823 0.134587 -0.065463 -0.025383 0.106347 -0.167912 -0.076034 0.043209 -0.145602 -0.047725 -0.077860 0.031894 0.075068 -0.009257 0.080442 -0.020080 0.039158 0.010299 -0.067042 0.011028 -0.039933 -0.006492 0.045648 -0.063182 0.073733 0.057115 0.109742 -0.123741 -0.055538 -0.131490 -0.108354 -0.121240 0.031616 -0.000006 0.068136 -0.098407 0.006753 -0.135060 -0.020883 -0.042946 0.076370 -0.021788 -0.096827 -0.063636 0.081940 -0.056534 -0.050072 -0.046320 -0.169815 0.020910 -0.121650 -0.136913 0.105168 -0.057510 -0.060754 0.023424 -0.024037 0.049486
-0.120723 0.132686 -0.042454 -0.011599 -0.043502 -0.141984 -0.051838 0.062564 -0.029673 0.123169 -0.082268 0.073468 -0.070639 0.011375 -0.109362 -0.000115 -0.120393 -0.078027 -0.130979 0.004729 0.077650 -0.021058 0.191012 -0.005712 -0.065729 -0.029980 0.002138 0.169549 -0.140854 -0.140399 -0.039050 0.011048 0.145471 -0.131779 0.253886 -0.036130 -0.021780 0.001471 -0.076811 -0.180068 0.098589 -0.035771 -0.073378 -0.107379 -0.101204 0.044996 -0.128453 -0.075346 -0.175922 -0.022561 -0.040806 -0.160935 -0.085731 -0.117674 -0.002730 -0.070674 -0.089687 -0.048440 0.078356 -0.045415 0.129533 -0.018969 0.093578 -0.021631 -0.129858 0.033260 0.004101 -0.051734 0.071358 0.055321 -0.092084 0.082773 0.022186 0.070079 -0.136983 0.076577 -0.104965 -0.050481 0.188721 0.005022 -0.043930 0.077779 0.019989 -0.039049 -0.074474 0.083143 0.070013 0.040358 0.111620 0.093744 -0.102290 -0.005858 0.097454 -0.155268 -0.057713 0.071095 -0.101001 0.027387 0.120211 -0.015815
0.127827 -0.226643 0.003580 0.138469 0.018436 -0.129305 -0.063711 -0.036581 -0.102900 0.136620 0.136282 -0.010176 -0.158687 -0.068645 0.018833 0.120257 -0.012246 -0.107317 0.169099 -0.125550 -0.122224 0.026551 -0.102362 0.034301 -0.070210 0.104735 0.037194 -0.003162 0.162213 -0.015325 -0.038661 -0.003709 -0.001562 0.119353 -0.201862 0.084920 -0.092486 0.135209 0.005470 -0.021525 -0.068170 -0.071816 0.140690 -0.145292 0.010087 -0.078617 0.087783 -0.030671 -0.037262 0.003249 -0.064218 -0.067450 0.177501 0.110118 -0.019533 -0.011594 0.039367 -0.092908 0.049852 0.096114 0.010065 0.082745 -0.097135 -0.033711 -0.048033 0.072177 -0.118478 -0.138553 -0.041853 0.089294 0.042387 0.074119 0.083669 -0.031095 0.014249 -0.304047 0.138693 0.084945 -0.033179 0.070221 -0.079382 -0.074948 0.159616 0.070068 -0.120883 0.015711 0.173866 -0.055885 -0.037177 0.047256 -0.060615 0.026709 0.045219 -0.187707 -0.059784 0.087045 -0.020407 0.123545 -0.010682 0.031046
-0.053447 0.129938 -0.047479 0.109663 0.209495 -0.037370 0.029373 -0.086418 -0.023087 0.141173 0.035470 0.087765 -0.005762 0.000879 -0.124409 0.074607 -0.100076 -0.052046 -0.114232 -0.049946 0.019729 -0.084641 0.102189 0.023394 0.129894 -0.083352 0.132297 0.022833 -0.090800 0.023450 -0.007180 -0.048143 -0.049014 0.055749 0.075286 0.124191 0.115148 0.006568 0.094987 0.044854 0.107330 -0.159617 -0.125437 -0.085032 0.142521 -0.113968 0.023221 0.071787 0.013857 -0.101688 0.151606 0.191504 -0.079347 0.045222 0.086795 0.188281 0.047624 -0.043927 -0.086185 0.032881 0.012640 0.112386 0.019584 -0.006071 -0.067302 0.091200 0.035120 0.063917 0.208531 -0.017025 -0.075824 -0.068929 -0.009742 -0.111391 -0.111295 -0.203057 -0.143384 -0.048183 0.035053 -0.092289 -0.037928 0.098468 -0.048643 0.203972 0.087898 0.176778 0.181961 0.042714 0.037808 0.072207 -0.103867 0.073130 0.094208 -0.041438 0.101056 0.108149 0.115815 -0.043709 0.111088 0.078435
0.053577 0.030938 -0.115877 0.071306 -0.034077 0.032564 0.115622 0.086670 -0.029581 -0.040957 0.031896 -0.052319 -0.064064 -0.171839 0.259629 -0.073426 0.051236 -0.045142 -0.181419 0.096157 -0.035383 -0.068046 0.167920 0.029921 0.055310 0.045258 -0.141594 0.072106 -0.051197 0.068438 0.065222 0.002824 -0.035316 0.002197 -0.005576 -0.188974 0.082399 -0.056783 -0.068276 0.166138 -0.030361 0.091621 0.261572 -0.114000 -0.087354 0.017884 0.172208 0.051563 0.025678 0.002208 0.070502 -0.061181 -0.032171 -0.030780 0.165898 0.175970 -0.185171 0.011673 0.006575 0.075535 -0.030411 -0.155212 0.111427 0.066051 -0.022296 -0.094747 -0.168550 -0.023069 0.053176 0.001930 -0.024901 0.034291 0.158424 -0.115109 -0.045533 0.036891 0.050654 0.053387 -0.053385 -0.188154 0.022524 0.108659 0.090761 0.064202 0.171243 0.166360 0.043470 0.111243 -0.016285 0.011124 0.003926 -0.154007 -0.020448 0.112583 0.153828 0.006622 0.082784 0.035927 -0.002666 -0.004985
-0.053151 -0.023548 -0.106249 0.018625 -0.171377 -0.127697 0.021961 -0.061622 -0.083215 0.070673 0.076803 0.109175 0.132117 0.004098 -0.151387 0.001404 -0.062017 -0.094285 0.052442 -0.059629 0.118544 0.105843 -0.056092 0.047061 0.068858 -0.089633 0.144267 -0.063657 -0.009758 -0.008674 -0.060827 -0.149689 -0.047341 0.087772 -0.026514 0.074983 0.188114 0.016537 0.050532 0.017262 -0.147258 0.021584 0.030589 0.091986 0.014614 -0.050761 0.080962 -0.056443 -0.004797 -0.061921 0.028166 -0.021810 -0.135538 -0.035315 0.054934 -0.048728 0.033522 -0.003809 -0.214815 0.012761 0.066074 0.006023 -0.095045 0.053256 -0.151116 -0.149730 -0.065041 0.103563 0.047242 -0.073771 -0.053568 0.114070 0.087056 0.120874 0.047780 0.028724 -0.216948 0.033784 0.063522 0.056558 0.053856 -0.029777 -0.065449 0.070753 0.030915 0.029573 -0.030494 -0.094003 -0.090852 -0.094247 0.154660 -0.019486 -0.100637 0.078594 0.074721 -0.060069 -0.195961 -0.052873 -0.112746 -0.004726
0.027582 -0.001150 0.036006 0.123748 0.027404 0.022693 -0.127394 -0.100875 0.025422 0.092310 0.029139 -0.131238 0.009135 -0.026333 -0.051058 0.013908 -0.038444 -0.082418 -0.152325 -0.073851 0.029427 -0.081226 -0.125897 -0.027312 -0.038643 0.057497 -0.032777 -0.024564 -0.022325 0.076421 0.077605 0.092667 0.045138 0.060760 0.064734 -0.032281 -0.003660 -0.001794 0.095318 0.088433 -0.021408 0.217891 0.184953 -0.124364 -0.047611 0.157594 0.069821 -0.026135 -0.033553 0.133528 -0.025418 0.035221 -0.069469 -0.045002 -0.054175 0.042775 0.011914 -0.025103 -0.207022 0.055085 -0.016108 -0.012054 0.084374 -0.098309 -0.114679 -0.020913 -0.080337 -0.028623 0.025603 -0.050696 -0.093964 -0.003350 0.047773 -0.183134 0.009426 -0.049049 -0.017157 -0.120317 -0.105794 -0.020875 0.008703 0.222947 -0.000720 -0.116335 0.045259 -0.194549 -0.069780 -0.008163 -0.072391 -0.090603 -0.078720 -0.016198 -0.064614 0.042883 0.062725 0.206845 0.246090 0.052751 -0.042656 0.012800
0.065333 0.125011 0.017245 0.043792 -0.186187 -0.021801 0.039975 -0.134909 -0.020089 0.092856 0.029061 -0.012651 0.015773 -0.045924 0.118375 -0.250468 0.090772 0.072606 0.013813 0.077423 -0.078845 -0.047851 -0.032244 -0.035187 0.112363 -0.057145 -0.053885 -0.076657 0.099731 -0.021204 -0.122793 -0.001036 -0.011900 -0.074338 0.116205 0.136801 -0.058208 -0.242307 -0.038425 -0.266878 -0.022030 -0.060901 0.048630 -0.094217 -0.055813 -0.109231 -0.116856 0.127340 -0.057117 -0.135325 0.001641 -0.110131 0.119150 -0.011830 -0.007895 0.133887 0.004096 0.306845 0.027927 -0.018622 -0.089812 0.133166 -0.228958 0.013900 -0.127612 0.050794 0.053003 -0.017246 -0.017611 0.065772 -0.076371 -0.038992 0.129328 -0.106513 -0.165029 0.011973 0.005979 -0.072706 -0.040614 0.049119 -0.055858 -0.030431 0.023037 0.232571 -0.082715 -0.110664 -0.106822 0.007891 0.216329 0.050691 0.051094 0.057594 -0.009605 0.060029 0.232265 0.067546 0.031039 0.214416 -0.147692 0.026328
-0.067212 -0.128821 0.070452 0.138449 0.042527 0.098052 -0.092088 0.114246 -0.166986 0.045274 -0.047080 -0.073932 0.089784 0.084085 0.171070 0.107123 0.035932 0.100446 0.104973 0.069568 -0.059239 0.060146 -0.162250 -0.074385 -0.066790 0.129565 -0.044483 -0.048572 0.081190 0.065990 0.166556 -0.110173 0.151110 -0.138640 0.088668 -0.119565 0.053038 -0.063013 -0.107254 -0.098914 -0.067330 0.181172 -0.078066 0.088097 -0.034661 -0.117384 0.038102 -0.138552 -0.092028 -0.183360 0.018464 -0.017906 0.016953 -0.046378 0.040766 -0.204551 0.046052 0.072522 -0.000387 -0.135311 -0.016668 -0.135317 -0.116405 -0.007586 -0.072050 0.123457 0.093848 0.033524 -0.030576 0.030001 0.099810 0.030790 0.165640 0.101170 -0.046937 0.019260 0.063410 -0.175822 0.085442 0.020883 0.340788 0.068490 -0.062049 -0.022914 -0.003828 0.163228 -0.055318 -0.006116 -0.129307 -0.034636 -0.048583 0.039314 -0.027754 -0.183680 -0.162531 -0.059000 -0.083545 -0.006459 0.022300 -0.094098
0.343345 0.033041 -0.068041 0.250788 -0.016939 -0.060901 0.137027 0.003526 -0.303165 -0.062796 -0.049771 -0.100468 -0.067339 0.008575 0.000815 0.056210 -0.143638 0.001542 -0.031890 -0.041607 0.130484 0.126466 0.110867 0.045855 -0.195068 -0.057146 -0.092641 -0.077352 -0.311344 0.046959 -0.090170 0.137753 -0.193345 -0.027440 0.078393 -0.139499 0.110531 0.012205 -0.013253 -0.037656 -0.073569 0.109590 0.018218 -0.048747 0.042808 0.044499 -0.090868 0.028077 -0.076551 0.046225 0.065161 -0.089660 -0.020274 -0.203517 -0.083179 -0.025596 -0.218939 -0.176012 -0.027843 -0.186988 -0.062650 -0.024251 0.090984 -0.056601 -0.069164 -0.068368 0.133540 -0.034789 0.191697 0.233535 0.050987 0.039314 -0.042954 -0.108890 -0.110613 0.019662 0.015498 -0.016504 -0.088683 -0.051876 0.214428 0.046101 -0.185550 0.101495 0.169119 -0.008321 0.059012 -0.106280 0.026716 -0.104581 0.110621 -0.061027 0.161964 0.047474 -0.189142 0.204885 -0.129760 -0.094807 0.062237 -0.003488
0.081583 -0.019998 -0.136756 0.143818 0.142469 0.072642 -0.149273 -0.044296 0.034658 -0.050643 0.191951 -0.139950 -0.246712 0.077206 0.123211 -0.088368 -0.051336 0.160791 0.001410 0.056811 -0.021112 -0.039529 -0.011219 0.109191 0.056644 -0.065075 0.212735 0.196174 0.145432 0.189653 -0.099487 -0.064740 0.080223 0.034561 0.037850 -0.090404 -0.046274 0.082161 0.044692 0.128643 0.026588 -0.096478 0.026190 0.164951 -0.096580 0.006208 0.025874 0.015058 0.136092 0.054076 -0.059235 -0.141970 -0.019159 -0.136925 0.068375 -0.127749 0.140745 -0.020113 0.026917 0.024459 -0.089535 -0.122759 -0.027161 0.052431 0.009184 -0.139387 -0.063847 -0.048313 -0.160414 -0.017497 -0.005944 -0.043337 0.116549 0.072497 0.212005 -0.016332 0.059980 -0.021607 0.016004 -0.101061 -0.121078 -0.050224 0.057817 -0.062018 -0.021727 -0.065041 -0.087548 -0.038830 0.154131 -0.018125 0.092552 0.051085 0.215757 0.045438 0.007341 0.051593 -0.032754 0.008360 -0.129434 -0.134942
0.185352 -0.058148 0.034455 0.131335 0.095880 0.085505 -0.103080 0.005448 0.112969 -0.131893 0.159119 0.023628 0.049357 0.143915 -0.034714 0.159164 0.152304 0.039395 0.012025 -0.028685 -0.129228 0.003818 0.053561 -0.224935 -0.201131 0.127014 -0.090351 -0.021423 0.108206 -0.134586 -0.052182 0.110941 0.079536 0.035369 0.085847 -0.112783 -0.087650 0.030265 0.097628 -0.184281 0.047538 -0.100837 -0.020423 0.119444 -0.019945 -0.256005 0.009577 0.105212 -0.056272 0.125015 0.010647 -0.003601 0.119020 -0.081410 -0.008301 -0.087280 0.049411 -0.193630 -0.119929 0.083602 0.149590 0.025651 0.060523 0.057017 0.076974 -0.064710 -0.026462 -0.079908 -0.096984 0.066093 0.064486 0.133566 -0.034641 -0.219930 -0.132436 -0.015277 0.025046 -0.019470 0.003225 -0.001928 0.119707 -0.050218 -0.015181 -0.178507 -0.036852 0.104979 0.076339 0.018692 0.045248 0.088349 -0.116356 -0.100878 0.088709 -0.109837 -0.009691 -0.208457 -0.020462 -0.142155 0.327960 0.079833
-0.007312 -0.029071 0.081392 -0.086178 -0.166102 0.019446 -0.040814 -0.027573 -0.159077 0.012249 -0.009983 -0.026801 0.040616 0.011629 -0.134740 -0.007822 -0.035809 0.047972 -0.031659 -0.147219 0.016639 0.038916 0.074318 0.009391 0.089307 0.056565 -0.120431 0.077222 0.097062 0.095047 -0.035053 0.047251 -0.032653 -0.051516 -0.182914 0.020956 -0.028743 0.147420 -0.099946 -0.147679 -0.057974 -0.093084 0.071590 0.071539 0.021602 -0.068926 0.061524 0.140785 0.005151 0.101745 0.118939 -0.065969 0.041904 -0.181699 0.090566 -0.025407 -0.001541 -0.313412 -0.099835 -0.225144 0.009637 0.065580 -0.024737 -0.069601 -0.027554 -0.120779 0.065338 -0.150424 0.204185 0.140980 0.062932 -0.109827 0.009020 -0.152543 0.047905 0.064571 0.029780 0.007288 0.116233 -0.061499 0.017807 -0.038936 0.031893 0.096596 0.001273 0.210671 -0.043411 -0.133923 0.026792 0.058545 -0.304083 0.013462 -0.122332 -0.270685 0.221026 -0.014950 -0.022960 -0.041475 0.042165 -0.133724
0.018053 -0.078536 -0.097330 0.145532 -0.043727 -0.050559 0.026588 -0.014754 -0.196349 -0.026281 -0.092324 0.151455 0.113525 0.073224 -0.010267 -0.002767 0.054660 -0.167062 -0.160191 0.017164 -0.089316 0.138676 -0.076553 -0.056679 0.067933 0.091341 0.033821 -0.109271 0.114363 0.076352 -0.103240 -0.183238 0.032343 0.028920 -0.068687 -0.006570 0.146162 0.041493 -0.162056 -0.140134 -0.076405 0.027838 -0.006349 -0.010139 0.147842 -0.085455 0.000315 0.119182 0.049680 0.120766 -0.159389 0.007640 0.226180 0.060747 -0.032111 0.118407 0.080233 -0.019443 0.018498 0.076475 -0.041602 -0.062972 -0.047623 0.031758 0.003391 0.037648 0.024202 -0.031674 -0.130511 -0.060715 0.083832 -0.043792 -0.064319 -0.002344 -0.105076 -0.013747 0.028560 0.006443 0.102406 -0.045201 0.039154 0.011863 0.290390 0.110379 0.015963 0.111229 0.130578 0.012812 0.146535 -0.198434 0.109977 -0.046604 0.064512 -0.036529 -0.039249 -0.072183 0.073766 0.027371 0.193253 0.068702
-0.087404 0.038306 0.186764 0.074250 -0.110577 -0.046458 -0.034752 0.017294 -0.031696 -0.054728 0.020195 0.020916 0.005717 0.104962 -0.043670 -0.021855 -0.161625 0.150566 0.015932 0.175368 0.212294 -0.020290 -0.034164 0.163322 -0.106131 0.231454 0.033699 0.015592 0.012342 0.013529 0.108148 0.136306 0.041955 0.126124 0.042206 -0.120656 -0.204635 0.123567 0.113425 0.058221 0.015741 0.042350 -0.194029 -0.005695 0.179466 0.017343 -0.090849 0.112635 0.136753 -0.153501 0.017554 0.108161 0.087765 -0.161048 0.047672 -0.162684 -0.038690 0.046070 0.025319 0.007943 0.061670 -0.102312 -0.008235 0.018327 -0.163357 -0.027164 0.017756 -0.200301 0.010851 0.085074 -0.151929 -0.011087 0.027945 0.103415 0.029737 0.008346 -0.055287 0.085304 -0.003752 -0.056213 -0.004163 -0.058889 -0.051788 0.157233 -0.050812 0.093980 -0.090846 -0.008048 0.144741 -0.003527 -0.063891 -0.006292 -0.327763 -0.154098 0.123201 -0.125369 0.134832 0.011015 0.207964 -0.005630
0.028061 0.004137 0.063374 0.006860 -0.053638 0.073679 -0.170984 0.044892 -0.115372 0.104172 -0.177806 -0.101663 0.093889 -0.040901 0.043326 0.019526 0.013785 0.079238 -0.054196 -0.076818 0.116996 0.022802 -0.064144 0.058607 -0.002203 0.043067 -0.072650 0.010175 0.084516 -0.172262 0.168147 -0.075524 0.026583 0.044637 0.080769 0.063464 -0.075257 -0.141877 0.070776 0.122372 0.027828 -0.063936 -0.175830 -0.046455 -0.162462 -0.187140 0.005813 0.073131 0.083362 0.054763 -0.054655 -0.047750 -0.031975 0.121199 -0.029124 -0.056919 0.054500 -0.065524 0.135116 -0.076777 -0.095208 -0.026655 -0.050941 -0.066742 -0.062648 0.082668 -0.198905 0.151780 0.023304 0.249605 0.070248 -0.068561 0.158069 -0.004300 0.020235 -0.069512 0.127272 -0.121695 -0.037856 0.014048 0.001250 -0.184700 -0.040382 0.075589 -0.107914 -0.051238 -0.111530 0.018413 0.114019 0.124024 0.094902 0.004442 -0.080082 0.129471 0.047417 -0.120018 -0.020838 0.161663 -0.128694 0.156069
-0.068613 -0.082932 0.078838 0.116599 0.025873 -0.006991 -0.096498 -0.147095 0.143569 0.084099 -0.210044 0.010204 -0.179715 0.123750 0.099405 0.021999 -0.096551 -0.031891 -0.118152 0.058904 0.015995 -0.075115 0.147038 0.140807 -0.006212 0.026087 0.034623 0.178992 -0.032759 0.006329 0.060397 -0.140684 -0.056138 0.118263 0.125187 -0.008076 -0.038649 0.005559 0.285920 -0.078961 0.092222 0.124443 0.059800 0.104139 0.109266 -0.069300 0.112241 0.174048 -0.086158 -0.150434 0.034199 -0.056093 0.023964 0.210317 0.032362 0.040270 -0.102744 -0.091305 0.015644 0.159083 0.060707 0.076386 0.048445 0.067210 0.114864 0.053269 -0.273990 -0.046982 0.163696 0.078504 -0.235017 0.110108 0.067018 0.005846 -0.062802 -0.008583 0.019782 -0.044927 0.013937 0.175646 -0.014279 -0.110538 0.103759 0.057341 -0.104402 0.015517 -0.004550 0.084376 0.110608 -0.050796 -0.074787 -0.088365 -0.008744 0.034417 -0.075615 0.029012 -0.094050 -0.010574 -0.128168 -0.033470
-0.141481 -0.058395 -0.008705 0.062050 -0.021729 -0.214827 -0.101065 -0.117469 -0.107472 -0.077573 0.036927 0.079164 0.235226 0.035742 -0.061952 0.005599 0.129611 -0.064776 0.233475 0.036816 -0.139988 0.054798 0.122273 -0.266171 0.122055 -0.035181 -0.064041 -0.009882 0.114633 0.053823 -0.092885 -0.044359 0.122896 -0.109964 -0.132851 0.040969 -0.261605 -0.194069 0.054191 0.094541 0.021521 0.090262 -0.002933 -0.060817 0.012129 0.143804 0.035930 0.047160 0.187550 0.032051 0.108570 -0.084640 -0.104735 -0.135077 0.047297 -0.049405 -0.032166 -0.115416 -0.145583 0.002910 -0.142010 -0.061360 0.177432 0.057256 0.068029 0.023306 -0.162557 0.027012 -0.124136 0.180233 0.244612 -0.038213 -0.140182 0.171625 0.027702 0.316798 0.195054 0.066966 -0.159638 -0.129392 0.108262 -0.040628 0.285672 0.025681 0.034781 0.070975 -0.030066 -0.019630 0.167710 -0.145579 -0.211941 -0.019668 0.129841 0.013566 -0.041295 -0.087308 -0.083327 -0.131099 0.004050 -0.177544
-0.018113 0.070473 0.076757 -0.109139 -0.040600 -0.069191 0.137454 -0.067364 0.028877 0.152204 -0.102111 -0.040694 0.176972 -0.022199 0.140977 0.107123 -0.088904 0.107019 -0.150689 0.019314 0.227867 0.128218 -0.107591 -0.012335 -0.173800 0.023118 -0.012411 -0.016725 0.199338 -0.126893 0.062161 0.088117 0.101566 -0.122701 0.132109 0.024285 -0.148427 0.281216 0.013050 0.086595 0.095887 0.112017 0.134524 0.035956 0.001305 -0.150092 0.130755 -0.195731 -0.006829 0.042767 -0.048075 0.044262 -0.096637 -0.130207 0.014825 0.071306 0.102086 0.203336 -0.021546 -0.166477 -0.044955 0.070330 -0.060842 -0.088942 -0.019080 -0.091484 0.001801 0.137664 0.106409 -0.069055 0.029823 -0.025512 0.006401 0.092863 -0.010315 -0.149405 0.032970 0.129646 0.070386 0.197744 0.018274 0.003990 -0.108945 0.037881 0.113326 0.108739 -0.166915 -0.021501 -0.024891 0.082048 -0.091339 0.334069 0.020824 -0.162724 0.066433 -0.156022 0.062478 -0.013837 0.016687 -0.046539
-0.113560 0.103772 -0.032021 0.072692 0.092883 -0.022564 -0.034862 0.070250 0.128827 0.117052 -0.099967 0.148869 -0.136565 -0.131948 -0.091423 -0.011412 -0.048291 -0.164208 0.011272 -0.085136 -0.113225 0.108161 0.073098 0.140237 -0.051842 0.052224 0.043477 -0.070314 0.053001 0.061689 -0.100129 -0.099324 -0.092985 0.008847 -0.021075 0.199491 -0.124456 -0.042902 0.047460 -0.123476 0.019772 -0.072815 -0.092070 0.173802 -0.057772 0.158783 -0.052318 0.047085 -0.031731 -0.030047 0.008553 0.052488 -0.017927 0.001043 0.017604 -0.079502 -0.136158 0.017959 0.063268 0.093741 0.070569 -0.015459 -0.240378 0.124909 0.062462 -0.078702 0.108457 0.037525 -0.077950 -0.025499 0.009744 0.021440 0.091626 0.114073 0.264645 0.007664 0.059796 -0.021066 0.045453 0.013894 0.009634 0.027628 0.059502 0.168211 0.050289 -0.045445 -0.095944 0.108692 0.002652 0.117718 -0.029057 0.186178 -0.105932 0.035260 -0.170101 0.046817 -0.152250 0.020771 -0.030074 -0.100259
-0.011205 -0.118593 0.011994 -0.091428 0.148115 -0.104087 0.142496 -0.018866 0.000671 0.100834 0.264688 0.180754 0.032965 0.172425 0.133752 0.075005 -0.034767 0.081078 0.069446 0.055604 -0.073647 0.015494 -0.013546 0.041939 -0.134776 0.029767 -0.086772 0.006787 0.051314 -0.082004 -0.090805 -0.160094 -0.003306 -0.026596 -0.115948 0.017406 -0.023577 0.161173 0.018524 -0.262490 0.034625 0.073158 -0.001084 -0.006102 0.005955 -0.105515 -0.037603 -0.030827 -0.101892 0.095783 -0.111852 -0.083220 0.031669 0.002881 0.040767 0.017660 -0.078711 -0.127558 -0.182157 0.032343 -0.043314 -0.101686 -0.045065 -0.087928 -0.111136 0.001614 0.112192 -0.042104 -0.065832 -0.018439 -0.080292 0.008420 -0.158856 -0.136248 0.045710 0.008113 -0.118711 -0.179165 0.044413 0.021267 0.083456 -0.018153 -0.136022 -0.084906 -0.123291 -0.000174 -0.071752 0.056457 0.069372 -0.141795 -0.126597 0.026148 -0.317060 -0.177405 -0.211634 0.023122 0.052350 0.051438 0.115141 -0.232759
-0.083560 -0.035602 -0.018718 -0.000762 0.048034 0.097048 -0.077137 -0.156886 0.037240 0.094179 -0.074336 -0.089306 -0.023477 0.101678 0.086522 -0.013820 0.180844 -0.165914 0.016810 0.033552 -0.062890 -0.106438 0.131071 0.081652 -0.046588 -0.228925 0.014885 -0.040600 0.059612 0.102166 0.062290 0.020597 0.019800 0.061698 0.150699 -0.099223 -0.027458 0.004668 0.093813 0.020004 -0.079927 -0.042057 0.073724 -0.056416 0.056464 -0.001798 0.107265 -0.042056 0.085591 -0.007011 0.049443 0.106260 -0.061744 -0.076048 -0.197838 -0.002909 -0.104927 -0.032368 -0.070112 -0.045638 0.025547 0.023457 -0.014465 -0.197805 -0.000669 0.011769 -0.004425 -0.006216 -0.089549 -0.060572 -0.099789 0.033001 -0.288188 0.143736 0.093082 -0.143405 -0.010063 -0.002580 -0.067542 0.011324 0.165734 -0.042122 -0.017821 -0.100929 -0.097150 0.029776 -0.141820 0.139134 -0.223051 -0.042368 -0.289716 0.071517 0.148714 0.045471 -0.160980 -0.130859 0.087787 -0.052564 -0.037501 0.097399
0.104554 0.020070 0.057503 0.188914 0.070425 0.153662 0.162097 0.208838 -0.093500 0.062178 0.043032 0.056773 0.098579 0.063148 0.072658 0.085996 0.194158 0.081874 0.008827 0.068463 -0.165552 -0.106488 -0.208386 -0.059125 -0.153993 0.066616 -0.131661 -0.116026 -0.044712 -0.094481 -0.137557 0.057790 -0.018611 0.206634 0.138469 0.121158 0.016384 0.049823 -0.122354 0.143470 0.052188 0.083400 -0.033066 0.058381 0.132319 -0.092015 -0.003918 -0.146192 0.101698 0.038988 -0.105121 0.090774 -0.110002 0.090692 0.032887 0.067576 -0.012847 -0.128202 -0.041319 -0.078337 -0.101307 0.157334 0.083760 -0.068685 0.239290 -0.097583 0.020680 0.243745 0.100347 -0.074271 0.081600 -0.296304 0.074473 -0.070187 -0.076750 -0.135386 0.105814 0.092186 0.033567 -0.087040 -0.024685 -0.154492 0.098624 -0.039143 0.185494 -0.001715 -0.024533 0.181378 0.004417 0.071275 0.033390 0.009424 0.037257 0.047167 -0.110116 -0.057238 0.057574 0.071882 -0.160478 -0.041560
0.052617 -0.110227 -0.032861 -0.084844 0.198558 0.044331 0.073592 -0.024991 0.144917 -0.005421 0.126155 0.000006 0.053764 0.023029 -0.127096 0.235774 -0.202057 0.112402 -0.008869 -0.093049 -0.168560 0.011668 -0.088648 -0.088644 -0.210715 0.105111 0.039261 0.053387 -0.057757 0.195028 -0.033435 0.017093 -0.180083 0.042696 0.146191 -0.124710 0.021087 0.038646 0.062905 0.027051 0.004338 -0.009524 -0.061380 -0.047522 0.018524 -0.017849 -0.052915 -0.053178 -0.024944 0.081740 -0.084947 -0.106853 -0.040782 0.083637 -0.144314 0.015010 0.173606 -0.131713 0.019683 -0.015557 0.072240 0.032997 0.140877 -0.110107 0.014997 0.056416 -0.095882 -0.056034 -0.044241 0.111665 0.152615 0.253333 -0.070391 0.062478 -0.336857 -0.150746 -0.056847 -0.020860 -0.025411 -0.097203 0.182209 -0.113952 -0.142503 0.149857 -0.120931 0.092367 -0.032281 0.000609 -0.054718 0.017592 0.017413 0.094338 0.031957 -0.104589 -0.021372 -0.014496 0.138173 0.230866 0.146857 0.018398
0.042843 -0.079639 0.006431 -0.037659 0.032179 -0.018031 -0.062110 -0.016221 -0.037585 0.242222 0.129487 -0.033181 -0.105343 0.034389 -0.249889 0.104398 0.156822 0.096891 0.093829 0.134251 -0.054891 0.067086 -0.028366 0.255415 -0.028907 0.149431 -0.123824 0.045823 -0.062361 0.120304 0.074689 -0.036591 -0.048589 -0.047228 -0.040671 0.159796 -0.003357 -0.015149 -0.042189 0.102746 -0.020198 0.069079 -0.022693 0.047089 -0.056951 0.115975 0.109895 -0.035448 0.095403 0.192101 -0.001152 0.012610 0.022390 0.118779 0.044774 0.022744 -0.022758 0.324713 -0.132410 0.027693 0.045767 0.002042 -0.092236 0.014009 0.025362 0.160523 0.205875 -0.149871 -0.050635 0.110334 -0.028989 0.032054 0.218296 -0.004600 -0.022209 0.044393 -0.023314 0.126918 -0.065663 0.128335 0.030657 -0.199346 -0.084086 -0.013790 0.217944 0.029235 -0.094542 -0.250808 0.077461 0.156870 -0.046460 -0.009913 0.037425 0.023784 -0.091066 -0.057312 0.082893 0.014132 0.012685 -0.082254
-0.156533 -0.040113 -0.006055 -0.007138 0.015165 0.005353 -0.041254 0.063870 -0.108823 0.105714 0.192745 -0.136671 -0.013661 0.028366 0.259859 -0.150199 -0.013889 -0.008265 0.154892 -0.045778 -0.209460 0.042053 -0.058785 -0.097579 0.039668 -0.129893 -0.134285 -0.092564 -0.167380 0.073068 0.073674 0.111974 -0.125736 0.028470 0.015553 -0.051547 -0.020451 -0.051323 -0.106358 0.129564 0.055923 0.257417 -0.051136 0.000438 0.150586 0.014055 -0.039779 -0.025417 0.013161 0.058283 -0.020574 -0.109839 0.183792 0.063396 -0.078289 -0.078953 0.034748 -0.097042 0.074127 0.098911 -0.019835 -0.151400 -0.078445 -0.054224 -0.039975 0.006986 0.022672 0.014649 -0.244877 0.019724 0.005446 -0.015628 0.069227 -0.083118 0.028326 0.091382 0.181239 0.045512 0.046952 0.017760 0.098137 -0.146205 -0.103874 0.056389 -0.026518 0.086291 0.025714 0.096036 0.017589 -0.014265 0.039390 0.127030 -0.030478 -0.058675 0.044823 0.038495 0.234532 -0.010524 0.103295 0.026742
-0.002706 -0.121395 0.138990 -0.192518 -0.060192 0.072239 -0.135887 -0.030270 0.054794 0.030278 -0.155658 0.101988 0.022501 -0.080549 0.096674 -0.059062 -0.068173 -0.090822 -0.081606 -0.043638 0.112103 0.039909 0.022149 0.034188 0.048615 0.105382 0.055617 0.173109 0.063915 0.024839 -0.102273 0.169935 0.122482 -0.053526 0.045509 -0.056711 0.000836 -0.034039 0.055792 -0.017272 0.068682 -0.012786 0.013327 -0.115003 0.005294 -0.042256 0.034809 -0.051825 0.008302 0.007232 0.123417 0.016710 0.222096 0.068441 -0.097699 -0.060904 -0.073802 -0.003282 -0.168938 0.161410 -0.001653 -0.121166 -0.030676 -0.184802 -0.059443 0.009894 -0.145394 -0.038225 0.024256 -0.125013 0.043519 0.014283 0.061923 -0.021708 -0.107073 0.039945 -0.087483 -0.085524 -0.059512 -0.203876 0.022577 0.004200 0.089059 -0.007922 0.064398 -0.062012 -0.173380 0.054931 0.220525 0.020532 -0.148939 -0.045806 -0.036796 -0.017782 -0.035978 0.096885 0.107910 -0.116579 0.140442 -0.133848
0.160568 -0.200459 0.013124 -0.099728 -0.092268 -0.001931 0.066741 -0.029355 0.020783 0.006384 -0.059972 -0.133143 -0.028676 -0.027572 -0.047769 0.112382 -0.192941 0.098532 0.049756 0.018612 -0.068268 -0.054524 0.001286 -0.113317 -0.064189 -0.173779 -0.145135 -0.009272 -0.147308 0.028400 -0.130824 0.106073 0.123336 0.096168 0.037654 -0.061155 -0.022084 -0.051009 0.022473 -0.005999 -0.190378 0.063856 0.208824 0.029260 0.109878 -0.007259 -0.075218 0.128569 0.072667 -0.030661 -0.077013 0.036332 0.125430 0.063027 -0.031066 -0.031760 -0.018827 0.039381 0.144229 0.040004 0.045487 0.055429 0.049444 0.014751 -0.041735 0.099245 -0.047020 0.091802 -0.031752 0.191621 0.027098 0.059236 -0.098606 0.093438 0.043092 0.024315 0.039793 0.066987 0.035512 -0.051798 -0.008967 0.023910 -0.158818 -0.044642 -0.140397 -0.138850 0.146267 0.044987 0.031403 -0.001076 -0.093558 -0.022475 -0.089279 0.033467 -0.062188 0.034763 0.031008 -0.098720 -0.009825 0.167350
0.080995 0.013794 0.001079 -0.137833 0.005726 -0.043002 -0.076835 -0.053473 -0.029951 -0.057157 0.140600 -0.073018 0.022231 -0.059841 -0.073864 0.078132 0.086787 0.082138 -0.023097 -0.142790 0.108988 -0.059241 0.134658 0.081166 -0.057062 -0.041551 0.164349 -0.040317 0.160104 -0.053455 -0.026056 -0.046438 0.053739 0.066514 0.054604 -0.183251 -0.029478 0.128969 -0.000943 -0.086709 -0.027353 0.103427 0.002893 0.122090 -0.111179 0.065538 -0.045766 0.077199 -0.069499 0.053533 0.040306 -0.197207 -0.029033 0.162041 0.073393 -0.003795 0.068473 -0.156245 0.039114 0.150373 -0.002775 0.005004 -0.012795 -0.105792 -0.277655 0.018959 -0.279993 -0.167296 -0.054564 -0.141747 0.153207 -0.082970 -0.018430 -0.115136 -0.026910 -0.026247 -0.071353 0.119772 -0.074506 -0.032183 -0.057222 0.135664 -0.063210 -0.155360 0.046605 0.155986 -0.039014 0.021433 -0.052898 0.112415 -0.031523 -0.059693 0.169812 0.185020 -0.043975 -0.105113 -0.295896 0.205521 -0.059251 0.040483
0.017886 -0.117842 0.138039 -0.043826 -0.002627 0.170289 0.043571 -0.099995 0.062505 -0.033170 -0.127224 0.032934 0.053010 0.014857 -0.008148 -0.235888 0.061247 0.021942 -0.084025 -0.072202 -0.076084 -0.239001 0.063291 0.044001 0.098433 -0.077575 0.115158 -0.083950 0.108709 -0.137780 -0.115717 0.123137 -0.034684 0.166782 0.021652 -0.247611 0.221250 -0.072377 0.015813 -0.036055 -0.035462 -0.088822 -0.167660 0.016122 -0.111068 0.092939 -0.011709 0.055324 -0.037066 -0.113689 0.117153 -0.014942 0.132983 -0.005048 0.018274 0.077441 0.094189 -0.223318 0.012179 -0.140400 -0.053175 0.122015 -0.035990 0.101704 0.038324 -0.012334 -0.182165 -0.093586 0.171064 0.065623 -0.010011 0.165572 0.062813 0.018467 0.058361 -0.047698 -0.037766 0.001354 -0.046056 0.033827 -0.080754 -0.073448 0.008917 -0.120024 0.047622 0.118661 -0.078164 -0.121425 -0.080613 0.008972 -0.083872 0.014763 -0.051601 0.052401 0.178613 -0.005610 -0.041501 0.028378 0.167362 -0.073545
-0.031866 0.001392 -0.105705 -0.127365 -0.027141 -0.023549 -0.019230 0.062981 -0.152072 -0.016090 0.055242 0.104898 -0.123293 -0.000362 -0.104130 -0.234094 0.212276 -0.034306 0.007286 0.154709 0.016058 -0.006202 0.030328 0.086208 -0.009476 0.152245 -0.160229 0.016199 -0.038550 0.069344 -0.018012 -0.075225 0.153117 0.125706 -0.067650 0.044731 -0.090805 0.045850 -0.080540 0.087381 -0.073694 -0.030167 -0.031443 -0.034354 -0.050863 -0.004745 -0.179970 -0.113551 0.085414 -0.083581 -0.015399 0.123386 -0.014553 -0.004299 0.112435 -0.073719 -0.013646 -0.049249 0.033051 -0.038425 -0.033784 -0.046154 -0.086348 0.118888 0.230314 0.062600 0.033694 0.062941 -0.149403 -0.213564 0.057974 -0.105155 -0.003074 -0.164204 0.052305 -0.051922 0.063341 0.078307 0.181619 -0.113192 0.202105 0.002911 -0.062348 -0.193887 -0.054674 -0.154801 -0.117607 0.097219 0.207133 0.088107 -0.132633 0.027862 -0.127315 -0.020707 -0.053444 0.045193 0.060406 -0.195928 0.000970 0.052916
-0.277385 -0.047879 -0.132851 -0.144653 0.114280 -0.100859 -0.069861 0.067997 -0.187935 -0.087060 0.044599 0.067024 0.170645 -0.026276 0.238227 0.032866 -0.097262 0.036414 0.119086 -0.150953 -0.117897 -0.214428 0.041593 -0.101132 -0.037026 0.018490 0.035078 -0.106168 0.003531 0.119223 -0.065365 -0.050557 -0.018788 0.055462 0.216720 0.004935 -0.009068 -0.120968 -0.022212 -0.051077 -0.064546 0.001168 -0.052963 0.027922 0.058469 0.056711 -0.028977 0.056420 -0.107912 -0.082126 -0.089084 -0.048516 -0.187016 -0.031226 -0.202559 0.046566 -0.020743 -0.111149 -0.021891 -0.187702 0.031471 0.113133 -0.153504 -0.138856 0.029989 -0.023399 -0.054238 0.112108 -0.146585 0.026285 -0.097360 0.004713 -0.015365 -0.007788 0.131544 -0.067298 0.142653 0.175017 0.048383 -0.098918 -0.042506 0.008155 0.065343 -0.103834 -0.162851 0.061359 0.005372 -0.013263 0.026957 -0.044298 0.085429 0.189307 0.060133 -0.015086 -0.001546 0.009845 -0.016621 -0.024061 -0.180819 0.176274
-0.085244 -0.137380 -0.013031 0.148297 -0.002117 -0.124926 0.011241 0.008818 0.067303 0.037860 0.238853 -0.098942 0.052499 -0.029172 0.043988 0.116595 0.121020 -0.014605 0.099192 0.098531 0.026304 0.003078 -0.046476 0.010436 0.189064 0.136274 0.036933 -0.135347 0.023431 -0.053635 -0.065241 0.012304 0.084835 0.031733 -0.048861 0.097883 -0.150925 -0.008239 -0.020963 -0.027795 0.035219 0.037925 0.169427 0.058384 -0.047263 -0.014403 -0.043525 0.086112 0.069262 0.065804 0.019044 0.009794 -0.061646 -0.240331 -0.038043 0.030924 0.061602 -0.124989 -0.066387 0.007567 0.019190 0.133144 0.062889 -0.076149 0.144468 -0.016202 0.143001 -0.099794 -0.028264 -0.198824 -0.061861 0.166848 -0.038909 -0.221263 0.108498 0.122138 -0.063042 0.001808 0.106746 0.001439 0.020341 0.082050 0.087788 -0.040855 -0.063832 0.082718 0.098774 -0.041976 -0.019639 0.108228 0.092790 -0.234330 -0.007647 0.011059 -0.100910 -0.205517 -0.023616 -0.153686 -0.016303 0.075475
0.106432 0.125936 -0.102308 0.036202 -0.081872 0.181206 -0.029740 -0.118660 0.059986 0.049274 0.147924 -0.052027 0.014089 0.083231 0.170556 -0.026465 -0.116497 0.020964 0.080778 -0.069953 0.174079 -0.159599 0.041985 0.037228 0.041626 -0.070988 0.032923 0.042068 -0.161617 0.097619 0.088752 0.121720 0.007590 -0.015644 -0.076428 0.168871 -0.067088 -0.030335 0.076127 -0.044647 0.024734 -0.132786 0.007275 0.008238 0.010715 0.112365 -0.218494 -0.006334 -0.088178 0.061649 0.140475 -0.149255 0.111254 0.119404 0.182360 -0.010158 -0.075675 -0.211575 0.001012 0.063955 -0.240062 0.061912 0.001326 0.142503 -0.163235 -0.030585 -0.156207 0.136143 -0.185095 0.012325 0.019269 0.016300 0.093125 0.210193 -0.048145 -0.007220 0.217441 -0.138288 -0.028458 0.033441 0.022789 -0.015013 0.001835 -0.051850 0.032161 -0.019247 0.019111 -0.049234 -0.143923 -0.083984 0.207786 -0.093949 -0.075575 -0.064389 0.078248 -0.167761 0.099120 -0.033204 -0.044216 -0.079392
-0.185817 0.013563 0.000409 0.304336 0.025924 -0.304049 -0.126524 0.050491 -0.045358 0.073734 0.090732 -0.157031 -0.001315 0.089711 -0.063365 0.017313 0.074813 -0.191926 -0.034092 0.141321 0.121216 -0.009183 0.094884 0.153046 -0.185999 -0.061097 -0.004317 0.126160 -0.185456 0.058793 -0.015754 -0.069187 -0.013857 -0.091719 -0.009958 0.065122 -0.165152 0.085647 0.093877 0.061728 0.087435 -0.139206 0.118901 0.139190 -0.034677 0.080851 0.103804 -0.189924 -0.145236 -0.109916 -0.033159 -0.043168 0.092532 -0.004777 -0.058721 -0.083028 -0.089681 -0.054948 0.004428 -0.017099 0.153361 -0.117179 -0.056619 0.157585 0.000354 -0.030542 -0.008141 0.128728 -0.066192 -0.093597 -0.146433 -0.103298 0.193502 -0.018304 0.124719 -0.013290 -0.067890 -0.002637 -0.030904 -0.033295 -0.022225 0.044923 0.163222 0.196300 0.031607 0.017650 0.091610 0.096895 -0.230764 -0.027489 0.123643 -0.011027 0.055090 0.061687 0.136652 -0.184041 -0.048365 -0.097914 0.031619 -0.000256
-0.122881 -0.048581 0.076533 -0.114591 -0.120991 0.156222 0.160352 -0.099176 0.059722 0.025976 0.014062 -0.062579 0.092276 -0.016129 -0.150027 0.108457 0.022082 0.057362 -0.076411 0.026091 0.155596 -0.011731 -0.079014 -0.099591 0.087563 0.005182 -0.047536 -0.056940 0.020058 -0.129861 0.059163 -0.160317 0.029198 -0.067543 0.105764 0.085260 -0.018015 -0.114929 0.009158 -0.111082 0.056667 0.099866 -0.180814 0.077832 -0.020266 -0.039975 0.034184 -0.060603 -0.073665 -0.205038 -0.070285 0.155948 -0.018611 -0.054122 -0.035290 0.176441 -0.034154 0.011723 0.162145 0.103836 0.012078 0.079271 0.058833 0.033533 0.253257 -0.078340 0.038929 -0.123276 0.037191 0.135442 0.048187 0.011940 0.043156 -0.093709 -0.192603 0.180496 0.137556 0.060344 -0.050362 0.040249 0.144054 -0.069207 0.057283 0.061173 0.075257 0.031795 -0.194969 0.071257 0.050215 -0.081254 -0.039707 -0.042590 -0.213335 -0.084840 0.011320 -0.065628 0.094577 -0.146965 0.030721 -0.055165
0.123204 -0.067876 -0.001258 -0.034018 -0.076576 0.086593 -0.083889 -0.144551 0.011523 -0.198514 -0.117657 0.041160 0.167562 -0.047026 0.055367 0.081579 0.164241 0.114214 0.035476 0.135420 -0.123820 0.018538 0.159954 0.031072 0.071293 0.010398 0.003201 -0.118238 0.063182 -0.117115 -0.107101 -0.119017 -0.046221 -0.052263 -0.038843 -0.123418 -0.010022 -0.013326 -0.075132 -0.062147 -0.034581 0.084744 0.039055 0.174949 0.047956 0.137147 0.053595 -0.091467 0.003957 -0.007544 -0.087033 0.129334 -0.054780 -0.049666 0.071152 0.005576 -0.058206 0.070896 -0.056484 0.149717 0.062654 -0.046109 -0.010730 0.070596 0.041828 -0.135592 -0.041575 -0.037208 0.004147 -0.057550 0.034562 -0.145429 0.032732 -0.041991 -0.072704 -0.085877 0.093046 -0.096531 0.020063 0.132139 0.033856 0.166713 0.077112 -0.051863 -0.004329 -0.017045 0.003079 0.110941 0.119213 0.020858 0.064654 -0.102832 -0.016546 0.066661 -0.042356 0.069966 -0.008892 0.002408 0.030431 0.164791
0.104408 -0.044201 -0.076769 -0.137612 -0.012941 -0.108881 0.000815 0.038143 -0.077607 0.008656 0.099646 0.011311 0.005650 -0.035642 -0.163671 -0.068853 0.043076 0.052178 0.061958 0.000799 -0.076096 -0.073425 -0.227038 0.032706 0.001235 -0.137406 0.133203 -0.106682 0.042940 0.070228 0.141262 -0.146143 0.053323 0.082645 0.226419 -0.082811 -0.153177 0.086946 -0.040141 -0.115301 0.010559 -0.040800 0.007279 -0.010643 0.013886 -0.044180 -0.143321 0.035511 0.253460 -0.080006 0.099584 -0.008908 0.080191 -0.085479 0.055933 0.086889 0.248232 -0.070552 -0.022630 -0.181618 -0.032854 -0.169295 0.043700 -0.060014 -0.080286 -0.015107 0.004988 0.064055 0.201767 0.047425 -0.096655 0.074930 -0.080986 -0.023806 0.004792 0.019328 -0.018011 -0.185914 0.095500 0.053886 0.003327 -0.172319 0.183079 0.013480 -0.036330 0.178628 -0.112256 -0.123794 -0.149607 0.106049 0.149228 0.003051 -0.082190 -0.184006 0.013649 -0.054704 0.030866 0.071086 0.043338 -0.143894
-0.148641 0.088763 -0.025489 -0.086527 -0.096615 0.090171 0.064513 -0.002191 -0.042591 -0.196190 0.041051 -0.020314 -0.034701 -0.056022 0.023944 -0.025285 0.092459 -0.182731 -0.054535 -0.049218 0.051741 -0.068796 0.117693 0.012389 0.219392 -0.170766 0.174372 -0.135180 -0.145578 0.091895 0.060690 0.038036 0.077652 -0.013173 -0.021267 0.031064 0.149519 -0.146665 -0.112098 0.032957 -0.038120 -0.092497 -0.054290 -0.056937 -0.053831 -0.026783 -0.183610 -0.096054 -0.007537 0.107112 -0.000869 -0.182640 -0.048824 0.030292 -0.006669 0.124021 0.194091 0.061477 0.125504 0.175285 0.087267 -0.194370 0.069207 0.038998 0.065327 -0.019791 0.096259 -0.010707 -0.043760 0.029898 -0.074531 0.074816 -0.101714 -0.123906 0.145354 -0.084353 -0.114069 0.071834 -0.058746 -0.126712 0.055612 -0.015435 -0.109479 0.006729 0.029035 -0.127753 -0.121847 -0.129831 0.015534 0.067764 0.073662 -0.082068 -0.028267 0.022743 -0.062063 -0.060400 -0.065792 -0.013767 -0.178697 -0.003746
0.172989 -0.163915 -0.204898 0.161477 -0.117396 -0.167491 0.134480 0.117174 -0.000099 0.010720 0.040665 0.135712 0.050306 0.087166 0.123746 0.105529 -0.099800 0.015636 -0.283644 0.086514 0.254334 0.155737 -0.036507 -0.022587 0.074734 0.074574 0.120568 -0.031560 0.117141 0.163888 0.021177 -0.015501 -0.017262 -0.026524 0.020646 0.007658 0.135250 -0.055381 0.010574 0.037344 -0.034499 0.099741 0.003736 -0.017739 0.052174 0.017670 -0.167849 0.007319 0.025293 -0.142685 -0.030118 -0.073495 -0.059803 0.030773 0.108612 -0.035074 0.036064 0.011756 0.047737 -0.028234 0.220007 -0.050480 0.161067 0.055637 0.057509 -0.078198 0.049985 0.093831 0.008539 -0.100634 0.016594 -0.090141 0.132865 0.022342 0.109472 -0.190692 -0.080499 0.030316 -0.055518 -0.267504 0.007893 0.056021 0.134772 0.188636 0.080316 0.029549 -0.037720 0.113536 -0.035616 -0.020072 0.090881 -0.020842 -0.014407 -0.125549 0.054143 -0.069115 0.066822 0.011290 0.018430 -0.131989
-0.093024 0.033044 -0.174526 -0.066355 0.100716 -0.054406 -0.072069 0.077262 -0.093476 -0.069068 0.129903 0.239799 0.161760 -0.089606 0.111228 -0.037988 0.024585 -0.046235 0.124994 0.153832 -0.052881 0.054867 0.085541 0.061774 0.019483 -0.155496 0.238376 0.048698 0.158569 -0.124105 0.079561 0.181312 0.147874 0.028133 -0.012914 0.032858 -0.057361 -0.054729 -0.037519 -0.147016 -0.069931 -0.077701 -0.048810 0.088924 0.000222 -0.120883 0.123341 -0.054799 -0.027933 0.074961 -0.096497 -0.016107 0.021262 0.048272 0.247596 0.033505 0.061164 -0.069694 0.160874 0.111925 -0.007384 0.201689 -0.073258 0.063570 0.024645 -0.054258 0.046066 0.146295 0.011186 -0.049903 -0.059194 0.124357 -0.056638 -0.012749 -0.032104 0.027047 -0.039063 -0.123673 -0.175194 0.012120 0.035209 -0.141829 0.047269 0.023369 0.027260 -0.011754 -0.124722 -0.092096 0.159327 0.242489 -0.041856 -0.043369 -0.057525 0.073090 0.019372 -0.001596 0.046042 -0.128492 0.064755 0.049429
-0.118094 0.052277 -0.120535 -0.036130 0.194088 0.059436 0.147127 0.030272 -0.121906 -0.036043 0.139630 -0.009003 0.172281 -0.072504 -0.005196 0.113222 -0.070823 0.009219 -0.058903 -0.223964 -0.085062 0.025077 0.129268 0.152396 0.100445 -0.005738 0.056355 0.050591 0.021162 -0.149064 -0.016113 -0.148742 -0.009162 0.052324 -0.165477 0.066632 0.038804 0.087484 0.210628 -0.248157 -0.008578 0.003583 -0.085850 -0.125964 -0.042050 -0.080099 -0.075758 0.023464 -0.007552 -0.051956 0.195351 -0.098168 -0.003543 0.005499 0.087264 0.011087 -0.012431 -0.008953 -0.017256 0.036053 -0.000557 -0.112528 0.123745 -0.057085 -0.034690 0.042796 0.041455 -0.066233 0.009146 -0.076811 0.099848 -0.001837 -0.007210 -0.153718 0.134167 -0.152568 0.086883 0.161445 0.080434 0.082436 0.029684 0.087843 -0.030318 -0.032549 0.063799 0.044421 -0.120013 0.074940 -0.120361 -0.014205 0.076959 0.016768 -0.003851 -0.121302 0.122232 0.007318 -0.051332 0.147516 -0.070957 -0.088742
0.091488 -0.126096 -0.000740 0.131721 -0.164636 0.113299 -0.007150 0.111140 -0.123104 0.080500 0.007480 0.037839 0.164179 -0.022999 0.138457 0.004295 -0.159380 -0.057589 -0.075427 0.147953 -0.119903 -0.077735 -0.020814 -0.095012 -0.091195 -0.219847 0.023405 -0.077488 0.011392 -0.140518 -0.058707 -0.232288 -0.069810 -0.108307 -0.126492 -0.182372 0.054416 0.024563 0.066427 0.149293 0.107486 0.050545 0.075315 -0.011623 -0.179230 -0.221816 -0.059898 0.208678 -0.031405 -0.179417 0.032402 0.081381 -0.055505 -0.259087 0.041638 0.031945 0.143725 -0.123152 -0.007151 0.109322 -0.137251 -0.122089 -0.082613 0.047294 0.137938 -0.184193 0.187001 -0.022768 -0.030909 -0.016071 0.058794 0.043954 0.159925 -0.118837 -0.056685 0.040651 0.007717 0.018459 0.021089 -0.030183 -0.021686 0.097816 -0.009732 0.155538 -0.009507 -0.044293 -0.197907 -0.114756 0.005083 -0.044854 0.013413 -0.029292 0.106226 0.015191 -0.031585 -0.047745 0.073311 0.153869 0.119554 -0.051986
-0.311863 0.122328 -0.207896 0.060609 -0.177367 0.191416 -0.043854 -0.110588 0.078179 0.013504 0.044019 0.152623 -0.129254 -0.038967 0.126685 0.016019 0.085306 0.119379 0.137276 -0.056327 -0.045276 0.014393 -0.038289 0.163724 -0.052185 -0.040290 -0.079612 0.174738 0.033041 -0.034952 0.007790 0.070773 0.015461 0.270999 -0.022542 0.004579 -0.088992 0.112701 0.209440 0.090009 -0.013840 -0.054041 -0.075515 -0.082266 0.007951 0.085798 0.023622 0.081795 0.070542 -0.107099 -0.029424 -0.046132 0.107004 -0.200081 0.168210 0.016978 -0.338603 0.038273 0.054259 0.047510 0.062452 0.089229 -0.078793 0.057327 0.052723 -0.169075 -0.016062 0.157125 0.131482 0.042174 -0.029720 0.083037 0.043487 0.015599 -0.028512 -0.044436 -0.015843 -0.187110 0.043706 0.106028 0.154113 0.041433 0.110037 0.064824 -0.120573 -0.006477 0.080714 0.120951 0.116122 0.044138 0.009216 0.164663 -0.099718 -0.035590 -0.089517 0.184276 0.077395 0.116468 0.102865 0.028745
0.051730 -0.010269 -0.094853 0.052471 0.036006 0.095473 0.036062 0.054205 -0.052558 -0.132110 -0.216901 -0.010014 -0.093773 -0.110092 0.064795 0.061745 0.013014 0.102592 -0.162951 0.028641 -0.043619 0.051256 0.065908 0.017071 0.062985 -0.014304 -0.053882 0.071569 0.075573 0.222371 -0.063306 -0.003057 0.137003 0.029088 -0.051610 -0.054087 -0.149795 0.030515 0.065848 -0.065901 -0.213913 0.040750 0.106462 0.149811 -0.047023 0.059046 0.013609 -0.061180 0.013212 0.021317 -0.136319 -0.080316 0.199674 -0.098817 0.028699 0.026576 0.081616 0.038285 0.032957 0.102495 -0.004632 -0.062963 -0.123635 -0.013384 0.003908 0.046999 0.133992 0.128449 -0.172419 0.028475 0.025230 0.083791 -0.031302 0.002509 0.043256 -0.011050 -0.105600 0.002434 -0.006173 0.056413 0.031025 0.103112 -0.085337 -0.099539 0.026884 0.041048 0.156752 0.128649 0.172711 0.149071 0.009002 -0.047236 0.027251 0.031578 -0.232315 -0.100678 -0.027846 0.201502 -0.075124 0.027999
-0.100495 0.005476 -0.132785 0.054884 -0.069357 -0.003092 -0.075537 0.086558 0.048793 0.033477 0.072919 -0.109144 0.115843 -0.057880 0.081803 0.032512 -0.049272 0.146082 0.038619 -0.011764 -0.022797 -0.038333 -0.097518 -0.035418 0.063115 0.024994 0.214312 0.177035 0.180203 0.183626 0.117335 -0.030832 0.081621 0.145555 -0.070294 0.050851 0.160128 -0.012094 0.021454 -0.073363 -0.089087 0.021991 0.140324 0.038881 0.100975 0.027464 0.202957 -0.158756 -0.000515 0.055313 0.096734 -0.105233 0.078077 0.169156 0.109085 0.018019 0.039967 0.157666 0.078442 0.066017 0.183593 -0.042704 0.068312 -0.086969 -0.054157 0.005805 -0.071625 0.110019 -0.088600 0.022417 -0.006055 0.057079 -0.062444 -0.140410 0.013053 0.073376 0.009923 0.166953 0.092806 0.086168 0.037424 0.009888 -0.024905 0.037444 -0.065756 -0.031237 0.098806 0.104756 -0.163405 0.021921 0.132494 -0.023689 0.135874 -0.029573 0.064058 -0.061577 -0.116569 0.010145 -0.006567 -0.022623
0.033418 -0.059388 0.124950 0.083923 0.035349 0.117190 0.086808 0.076631 0.028175 0.144886 -0.010357 0.160796 -0.010004 -0.121090 -0.163518 0.133105 -0.028201 0.081463 -0.095307 0.054058 -0.074200 -0.027073 0.215985 0.079232 -0.039352 -0.094869 -0.044741 -0.001123 0.012696 -0.030501 0.045084 -0.009260 -0.037962 -0.007276 0.096776 -0.129535 -0.096235 -0.143027 0.060780 -0.105994 0.117345 0.120260 0.031996 0.129950 0.095921 0.158227 0.202113 -0.093147 0.118754 -0.144161 -0.018208 -0.044273 -0.019586 -0.044964 0.119149 -0.048199 -0.077044 0.128746 -0.027243 -0.053884 0.042588 0.055162 0.010614 -0.122481 0.096592 0.038555 0.133143 -0.145460 -0.019099 0.023787 0.017753 -0.046193 -0.173084 -0.118672 0.002999 -0.108476 0.061587 -0.113360 -0.118792 0.012054 -0.091247 0.012468 0.009511 0.151897 0.015125 0.016734 -0.237354 -0.185235 -0.071442 -0.146579 0.190656 -0.034751 0.110361 0.076736 -0.052600 -0.167624 0.126931 0.037374 0.068622 -0.049582
0.166754 -0.077290 0.087112 -0.141624 0.036126 -0.008579 -0.042652 0.075618 0.136325 0.046883 -0.060419 0.092449 -0.148075 -0.002952 -0.119015 0.024247 -0.093618 -0.140605 0.081466 0.165485 -0.127838 0.120521 -0.108495 -0.005569 0.125872 0.066042 -0.094247 0.029341 0.135757 0.152919 0.212783 -0.240419 0.055364 0.162644 -0.078633 0.068022 0.244759 -0.022943 -0.036487 -0.003625 -0.029175 0.014110 0.108230 -0.042772 -0.226513 -0.035637 0.015788 0.035403 0.182232 0.020217 0.115145 -0.020831 0.137213 -0.314028 0.074905 -0.045801 -0.028660 -0.029559 -0.030143 -0.004016 -0.098507 0.184412 0.114085 -0.246048 0.060175 -0.048048 -0.004957 0.102901 -0.031714 -0.184120 -0.007824 0.011798 0.061086 0.034930 -0.004660 0.097611 0.049549 0.061432 0.105055 0.053015 0.126413 0.052516 -0.111774 -0.007166 -0.096130 -0.174431 -0.024550 -0.323922 0.126023 0.009262 0.171489 0.070425 -0.098129 -0.098768 -0.076221 -0.074364 0.193961 0.031867 -0.047192 -0.083791
0.042411 -0.103786 0.000400 0.072668 0.123965 0.058657 0.053267 0.153964 -0.055758 -0.107099 0.129368 0.118540 0.006704 -0.030219 0.108255 0.113725 -0.090841 -0.170670 0.034452 0.163290 -0.043147 0.060997 0.233718 0.124035 -0.071252 -0.142155 -0.126939 0.221767 0.083505 -0.021618 -0.042154 0.064397 -0.024131 0.113873 -0.031638 -0.061497 -0.037726 0.173128 -0.354495 0.186571 -0.190300 -0.148959 0.007269 -0.127361 0.138890 -0.123706 0.028594 -0.076206 -0.047520 -0.077569 0.066810 0.103339 0.048372 -0.061031 -0.031415 0.136142 0.064908 -0.026939 -0.005989 -0.061405 0.175801 -0.024287 -0.023344 0.103591 0.069935 -0.160875 0.176303 -0.085573 0.039455 -0.180414 -0.046604 0.085774 -0.016493 -0.019599 -0.095977 -0.129218 0.023282 -0.156775 -0.040601 0.112905 0.192229 0.005249 0.066038 -0.065816 -0.045666 0.012680 0.092674 -0.080321 -0.112605 -0.171580 0.017126 0.221137 -0.006014 0.003970 0.097056 0.178737 0.030455 -0.092531 0.021191 0.006456
-0.136516 -0.001903 0.167487 -0.050176 -0.044778 -0.032128 -0.078273 -0.076757 0.092789 -0.014765 0.086382 0.144154 -0.117748 0.070456 -0.043816 0.046003 0.183586 0.099725 -0.003332 -0.056823 -0.169868 -0.018512 0.050907 0.099235 0.031740 0.131216 -0.096395 0.040470 -0.143347 -0.061397 -0.091369 -0.122555 0.001080 -0.073321 0.083134 -0.033217 0.054974 -0.125343 0.005284 -0.083970 0.032585 -0.139076 0.104445 0.002655 0.013363 0.153547 -0.192456 -0.067061 0.069014 -0.028128 0.105268 -0.001126 0.053824 0.036248 0.137752 0.072392 0.077980 0.202499 0.108793 0.160648 0.085431 -0.210807 0.042856 -0.032182 0.127978 -0.025995 0.005473 0.032226 0.003112 -0.122161 -0.183298 0.078323 -0.025924 0.156822 -0.022378 0.069811 0.034715 0.023181 -0.037055 0.107851 0.246529 0.025657 -0.045979 0.046632 -0.040378 -0.082837 0.029638 -0.159148 -0.028643 0.046610 -0.061749 0.102595 0.033014 0.091950 0.197460 0.156878 -0.038698 -0.026297 0.066694 -0.088995
-0.016468 0.027951 -0.018033 0.019166 -0.006513 -0.036209 -0.124307 0.130021 -0.004553 -0.046192 -0.044203 -0.146746 -0.068216 0.033251 0.017391 0.033716 0.169746 -0.295504 0.037556 -0.161669 0.038526 0.165265 -0.065103 0.036563 0.113917 0.011859 -0.125666 0.079443 -0.053673 0.001851 0.096955 -0.164221 0.190191 -0.185255 -0.097395 0.001049 -0.258260 0.032961 -0.108148 0.001153 0.049451 0.039455 -0.010042 0.058449 -0.113430 -0.036733 -0.034622 0.052965 -0.180587 0.041905 -0.017912 -0.063542 0.019643 0.071643 -0.190605 -0.042095 -0.001601 -0.084165 0.165278 0.056256 0.156875 0.023127 0.021706 0.045908 0.024024 -0.012582 0.078653 0.061019 -0.133484 -0.250889 0.213659 0.063485 -0.065941 0.022147 -0.096921 -0.000040 -0.046782 0.036435 0.037757 0.169371 -0.089245 0.037543 0.186314 0.039502 0.021103 0.034582 -0.018408 0.031957 -0.025555 0.072955 0.069002 0.045341 0.072584 0.018494 0.036011 -0.084130 0.172452 0.062229 -0.020586 -0.353782
-0.040212 0.022127 0.091983 0.099801 0.079085 -0.068940 -0.027109 -0.002913 -0.091941 0.149211 -0.029479 0.172250 -0.181335 -0.097981 -0.032716 0.168426 -0.106898 0.168718 -0.021597 0.039338 -0.001746 -0.114962 0.017752 -0.198363 -0.023150 0.062832 -0.129885 -0.042517 0.004105 0.167606 0.074344 0.102403 0.138133 0.014868 0.063335 0.086462 0.159880 -0.028462 -0.019586 -0.015430 0.014638 -0.008123 0.123228 -0.058883 0.149372 -0.010340 -0.052767 0.126371 -0.106305 -0.020352 0.011993 0.120028 -0.066669 -0.003444 0.017394 -0.012639 0.052085 0.127628 0.134661 0.058190 0.055938 0.059471 -0.034974 0.007468 0.012367 -0.174024 0.125258 0.151254 0.024292 0.223640 0.103257 -0.151896 -0.020645 0.026370 0.046821 0.038991 0.179356 -0.078749 -0.159952 0.074604 -0.001619 0.129507 0.076561 0.148197 0.053537 -0.160684 -0.261705 -0.013086 -0.295059 -0.149779 0.070288 0.024194 0.092747 0.083091 -0.047752 -0.101575 -0.073940 -0.009847 0.005564 -0.056366
0.034876 0.099477 -0.038688 0.045796 -0.008612 -0.075481 0.072196 -0.027781 -0.161465 0.066954 0.135823 -0.030565 -0.151291 0.088177 -0.065143 0.388844 0.143861 -0.032214 0.070751 0.064109 0.199146 -0.172820 -0.016447 0.240472 0.167142 0.094163 0.083156 -0.151732 0.014831 -0.196200 -0.009944 -0.004847 -0.202309 -0.071345 0.075852 0.025634 0.142830 -0.099259 0.238122 -0.037156 -0.117899 -0.093801 -0.051189 -0.025603 0.010423 -0.002818 -0.098086 0.068584 -0.040315 -0.002654 -0.152997 -0.009430 0.121673 -0.000728 0.053963 0.085881 0.019671 0.054790 -0.108860 -0.039292 0.128793 -0.032568 0.117956 -0.055851 -0.109647 -0.118307 0.045046 0.303648 0.121086 0.187800 -0.168473 -0.072954 0.056032 -0.012336 0.085752 0.102037 -0.121428 -0.024210 -0.063457 0.139869 -0.012549 0.053416 -0.014083 -0.039619 -0.029475 -0.013589 0.144520 -0.112021 0.129119 0.201158 0.016721 -0.017523 -0.034534 0.082999 0.200021 0.027299 0.109135 0.056975 0.134580 0.110494
-0.145937 -0.054484 0.004947 -0.003195 -0.213539 -0.006437 0.126865 -0.030999 0.095176 -0.063831 -0.131748 0.056149 -0.004448 -0.223989 0.060230 -0.091492 0.120285 -0.105773 0.054814 0.144593 0.195328 -0.026765 0.065462 -0.039670 0.002237 0.138752 -0.057240 0.233325 0.138506 -0.017769 0.004642 0.076417 0.105459 0.034062 0.179173 -0.150700 -0.152879 -0.223279 -0.182653 0.055875 -0.057061 0.125474 -0.004408 -0.297828 0.000645 -0.029817 0.154270 -0.010151 0.012977 -0.022666 -0.058303 0.126291 0.022774 -0.145241 0.079295 -0.196658 -0.110332 -0.083964 -0.198567 0.043362 -0.046309 -0.022285 -0.052882 -0.107139 0.101051 0.017104 0.031249 -0.154601 -0.098507 0.028024 -0.179646 -0.071202 -0.124450 0.009228 0.088607 -0.143939 -0.144204 -0.131470 0.174563 0.124063 0.122403 0.214912 0.089288 -0.012106 0.062820 -0.081723 0.077096 -0.057313 -0.007129 0.083911 0.033730 0.002226 -0.004156 0.008151 -0.058223 -0.027381 -0.170423 0.022555 -0.049286 -0.203078
0.003953 -0.015318 -0.067537 0.009710 -0.049462 -0.213509 -0.034818 0.124535 0.071441 -0.163781 -0.051437 -0.181261 0.005494 0.071093 -0.066742 -0.005038 -0.043006 -0.195930 0.080571 0.093648 -0.106348 0.213021 0.088712 0.084964 0.014578 -0.120773 -0.002806 -0.094476 -0.014917 -0.019594 0.024413 -0.065049 0.129490 0.030130 0.008195 -0.106745 0.118258 -0.104611 0.000439 -0.109710 0.058914 0.014319 0.001737 0.078202 0.004150 -0.104052 -0.061233 -0.099270 0.066244 -0.007251 -0.077893 0.129876 -0.051155 -0.150301 -0.000159 -0.107057 -0.037156 -0.169034 -0.102496 -0.214134 0.049742 0.048608 0.018217 0.035872 -0.099736 -0.046498 -0.056419 -0.083833 0.161383 0.040947 0.094851 0.035759 0.038864 0.052325 0.027028 -0.083472 -0.044851 -0.051096 -0.079320 -0.074219 0.048748 0.067571 0.059303 0.154441 -0.053157 -0.076303 -0.209583 0.197274 -0.178791 0.147583 0.014375 -0.036297 -0.011459 -0.096132 0.238165 0.071713 -0.012162 0.026295 0.046294 0.215731
0.025225 0.040687 0.027743 0.185503 -0.028217 0.088510 -0.015652 -0.066556 -0.311981 -0.049337 -0.158619 -0.007790 -0.010188 0.002597 -0.019000 -0.041781 0.226141 0.026951 -0.062539 -0.214849 0.006047 -0.022084 -0.145500 0.024032 -0.055090 -0.095925 0.043007 0.043980 -0.026569 -0.168081 -0.029201 -0.027822 -0.010189 -0.006052 -0.157590 0.197378 0.007519 0.068063 -0.069700 0.059905 -0.045491 -0.122576 0.142391 -0.010787 -0.000511 -0.048301 -0.136796 0.150040 0.026508 0.173572 -0.030126 0.115223 0.002052 -0.099601 0.039791 0.136998 0.110307 -0.021145 0.039708 0.167504 0.049092 -0.205493 0.038408 -0.038427 0.013563 0.013705 0.028334 0.167141 -0.104516 0.002574 0.016439 -0.056683 0.084688 0.237859 -0.120197 -0.120211 0.100074 0.172479 -0.057483 -0.104893 0.044775 -0.154843 -0.038172 -0.014099 0.151758 0.014559 0.077716 -0.004222 0.113433 -0.088894 0.047068 -0.020843 0.085576 0.076270 0.003544 -0.143619 -0.094983 -0.083631 -0.093642 0.100634
-0.000971 -0.009483 0.020384 -0.039725 0.011663 -0.132505 0.046223 -0.189918 -0.032314 0.023455 -0.146245 0.019407 0.023974 -0.152040 -0.084710 -0.045168 0.165346 -0.116964 0.227130 -0.099308 0.062975 0.111805 0.075344 -0.103273 -0.125539 -0.201171 0.190352 0.237930 -0.023715 -0.025895 0.144980 -0.031443 0.022719 -0.170542 0.080994 -0.169336 0.084061 0.078255 0.067158 0.084295 0.090438 0.035346 0.036654 -0.104195 -0.062792 0.153612 0.038721 -0.005925 -0.016313 0.014141 0.121766 0.015472 -0.112795 0.013039 -0.176925 -0.017949 0.062193 -0.003345 -0.196710 -0.051433 0.034710 0.102071 0.152129 -0.154141 -0.045811 0.190047 0.046214 0.082423 -0.094422 0.165973 -0.031595 -0.013029 -0.029063 -0.020516 -0.067068 0.197121 -0.083164 0.121870 -0.178123 0.045123 0.112952 0.225132 0.035644 -0.001760 0.019709 0.043637 -0.123114 -0.057975 0.057090 -0.136529 -0.056427 -0.070727 -0.152558 0.136053 0.016731 -0.201131 -0.129672 -0.163829 0.031109 -0.185424
-0.102405 0.129391 -0.022943 0.006524 -0.119043 -0.006994 0.045086 0.097621 0.018667 -0.066262 0.002784 0.080330 -0.106890 0.010607 0.058958 -0.209018 0.096468 0.137621 0.030504 0.072914 0.029418 0.077713 0.015343 0.140788 0.030044 -0.007580 0.028779 0.020270 -0.043088 0.216977 -0.198570 0.110351 -0.133833 0.031326 -0.024412 0.082410 0.013497 0.036971 0.031978 0.126785 -0.014499 0.046517 -0.079655 -0.131551 0.091360 0.013228 0.107905 -0.337969 -0.030511 0.124033 -0.022136 0.083227 -0.004359 -0.062539 -0.086924 -0.000892 0.071400 0.054550 -0.110486 0.063002 -0.098139 -0.214530 0.011130 0.133865 0.090792 -0.005363 -0.017831 0.053698 0.101600 -0.113160 -0.024263 0.081315 0.056916 -0.008089 0.208263 -0.167247 0.079853 0.189914 0.100638 0.163470 0.027636 -0.325610 -0.019603 0.035737 0.067664 0.142846 0.025607 0.081056 0.264771 -0.005483 0.035722 0.130402 -0.143554 -0.016796 0.052850 -0.173956 -0.094020 -0.033848 0.021352 0.179772
-0.160436 0.071839 0.166011 0.046538 0.085746 0.054609 0.063364 -0.017093 -0.024590 0.089454 0.086833 0.015594 0.052152 -0.069510 -0.024018 0.026113 -0.073644 0.105693 -0.063594 0.074505 0.025485 0.062739 0.071658 0.055653 0.039690 -0.145861 -0.032522 -0.134972 0.161964 0.016102 -0.060969 -0.064933 -0.134036 -0.013056 0.014777 0.095860 0.036265 0.010626 -0.030575 -0.007678 0.086888 0.124585 0.105849 -0.044487 -0.077251 -0.032896 -0.025121 0.095125 0.013673 0.180192 0.087757 0.143087 0.055387 -0.045949 0.028521 -0.099957 0.163422 0.028167 -0.082640 0.104429 0.112350 0.137859 0.013397 0.096845 -0.009625 0.053115 0.162097 -0.036695 -0.058340 0.132932 0.059133 -0.146372 -0.051345 0.101420 -0.197118 -0.042985 0.011985 -0.043869 0.010463 -0.264890 0.108069 0.118695 0.069074 0.139325 -0.127171 0.009263 0.160762 0.033375 -0.268015 0.159789 -0.050530 -0.034113 0.009871 -0.197566 -0.040731 -0.028674 -0.036844 0.111140 0.002154 0.019389
-0.153946 0.034854 0.038649 -0.020793 0.027594 -0.036189 0.165834 -0.081625 0.043461 0.067378 0.031338 0.112094 -0.154227 -0.155065 -0.091730 0.066272 -0.041871 -0.139019 -0.128371 -0.066373 -0.060267 0.056195 -0.084966 -0.099109 -0.223421 -0.127242 -0.023785 0.082405 -0.060424 -0.063164 -0.036978 -0.010440 0.227483 -0.067966 -0.010555 -0.129309 0.066285 0.133403 0.045072 0.013957 -0.015759 0.137501 0.002680 0.112979 0.001749 -0.008866 -0.082002 -0.089938 0.068838 -0.032714 0.024956 -0.000677 0.076271 -0.105412 -0.030574 -0.035678 -0.122980 0.023712 -0.028937 -0.049367 0.081626 0.293542 0.007321 0.007332 -0.069465 0.079936 -0.117449 -0.203176 -0.190986 -0.039629 0.119527 -0.115965 0.105110 0.201836 0.083163 0.113645 -0.045196 -0.061349 -0.180757 -0.120446 0.002588 -0.068722 -0.244654 0.124882 0.193744 0.030359 -0.068013 -0.026323 0.033402 0.095942 -0.074100 -0.027119 0.082644 -0.035697 0.026158 -0.011970 -0.070754 0.022113 -0.072790 -0.041593
-0.039063 0.045153 -0.010146 0.060812 0.000437 0.071340 0.032077 0.036560 -0.030890 -0.021013 -0.054707 -0.078738 -0.034088 -0.113599 0.051917 0.288149 -0.096747 0.003850 0.044717 0.205299 0.091076 0.166742 -0.128018 -0.007582 -0.178100 -0.063177 -0.092395 -0.070033 -0.119714 0.088537 -0.048604 0.144427 -0.018156 0.016785 -0.024317 0.041076 0.149265 0.102773 -0.034760 0.147875 -0.011254 -0.111877 -0.090783 0.009311 0.053570 -0.262163 -0.071481 0.100906 0.007228 -0.006694 0.051594 0.065208 -0.154635 0.165208 0.093354 -0.092799 0.038072 -0.098128 -0.157248 -0.079630 0.023926 0.049393 0.026585 -0.051816 0.123008 -0.055227 -0.014191 -0.171208 0.162035 0.064723 -0.065289 0.175585 0.020579 0.198178 0.037095 -0.074829 0.054986 0.040223 0.140474 0.057709 -0.008252 -0.047982 -0.000019 -0.069955 0.149909 0.129709 -0.028643 0.065317 -0.131583 0.018118 -0.063001 -0.300523 0.223874 -0.007430 0.007989 0.081939 0.034132 -0.220678 0.105765 -0.116474
0.197225 -0.003593 -0.040887 0.026624 0.040698 -0.153345 -0.110705 -0.023846 -0.030016 -0.182311 -0.047727 -0.090754 0.179509 -0.030822 0.045651 0.047118 -0.138212 -0.072105 -0.036602 0.150379 -0.072764 0.188593 0.033896 0.067518 0.208566 0.065043 -0.096850 0.026055 -0.151739 0.105352 0.154695 0.124702 -0.099440 0.112637 -0.129151 -0.141984 0.102771 -0.022427 0.120932 -0.038180 0.051925 0.021779 0.020240 -0.019991 0.159123 -0.006672 -0.157694 0.162746 0.092412 -0.189473 0.086225 0.029415 -0.002975 -0.058461 0.066397 0.038345 0.003980 -0.256020 0.027467 -0.131865 -0.120414 -0.032004 -0.178670 -0.127227 0.317393 -0.191263 0.023578 -0.137475 -0.079939 0.017507 0.046991 0.139809 0.029702 0.084974 -0.261778 0.094590 -0.076229 -0.124261 -0.105153 -0.044091 -0.054032 0.006274 0.136842 -0.162738 -0.068816 0.008841 0.104384 -0.028602 -0.062853 -0.023251 0.062688 -0.069533 -0.018750 0.073321 0.017206 0.075222 -0.057324 0.037250 -0.117940 -0.066099
0.063120 0.013543 0.068839 -0.101325 0.029212 0.238841 0.080846 0.060027 0.040736 -0.021663 -0.006993 0.122094 0.161638 -0.078225 -0.097081 -0.024786 -0.084507 -0.094135 -0.056303 -0.014578 -0.043544 0.171310 0.004130 -0.007341 -0.168413 -0.055910 -0.122071 -0.035770 -0.095649 0.072854 -0.205629 0.004320 0.084681 -0.050345 -0.038888 0.127010 -0.114519 0.052207 -0.073278 -0.105733 0.025327 -0.208662 0.115774 0.004165 0.111277 0.099872 -0.063012 -0.023188 -0.018310 -0.081011 -0.030114 0.040877 0.141373 0.177357 0.064258 -0.171443 0.022435 0.086187 0.031786 0.052160 -0.079103 0.005609 -0.043412 0.066669 0.123731 0.182303 0.075344 -0.092048 -0.087537 -0.047937 -0.043301 0.157393 0.077164 -0.076694 0.035553 -0.122105 0.103279 0.005288 -0.035567 -0.106292 0.061621 -0.099807 -0.014518 -0.039434 0.063363 0.004103 -0.138013 -0.113007 -0.043699 0.017315 0.191608 -0.130987 0.003873 0.008074 0.092852 0.088338 -0.059825 0.004815 0.105360 -0.172048
-0.017779 0.087178 0.044979 -0.151836 -0.038560 -0.011675 -0.138321 -0.136072 0.055667 -0.022340 0.012697 -0.005921 -0.078453 0.123300 0.123760 0.073388 0.104354 0.032325 0.068719 0.001353 0.170128 -0.060786 0.083572 0.175726 0.016603 0.038602 -0.031052 0.014647 -0.011544 -0.075915 -0.004954 -0.014553 0.103140 0.029994 -0.049271 -0.073060 0.054442 0.022674 0.031705 -0.029411 -0.006633 -0.073894 -0.009406 0.061407 0.156981 -0.023952 0.055973 0.061702 -0.003100 -0.179341 0.097472 -0.083271 0.068986 0.018367 -0.160414 0.160223 0.157902 0.055689 0.016695 0.097924 0.118204 -0.010981 -0.082342 0.027837 0.138414 0.154012 -0.146788 0.019361 0.112952 0.056209 0.057677 -0.000203 0.073422 -0.121036 0.081416 -0.028189 0.091480 -0.107851 0.104034 -0.078725 0.004289 -0.095739 0.019768 -0.042615 0.175510 0.067518 -0.112201 -0.039852 -0.045456 -0.118443 -0.124833 0.181350 0.016327 0.254117 -0.027525 -0.032073 -0.009853 -0.007354 0.155951 0.036829
0.108584 -0.185486 0.056601 -0.014142 0.103572 0.020550 -0.054852 0.003285 -0.093233 0.197034 -0.019439 -0.018477 0.029540 0.010937 0.017493 0.089210 0.159535 -0.133268 -0.025056 -0.026917 0.000680 -0.043866 -0.103312 0.185827 0.038376 -0.053906 0.010190 -0.125023 0.015483 -0.060493 -0.391575 -0.030768 -0.028300 -0.078369 0.099280 -0.119786 -0.059556 -0.005542 -0.157224 -0.018752 0.010954 -0.046433 -0.002534 -0.050207 0.036768 -0.052488 -0.252892 0.145938 -0.086368 -0.144872 -0.061018 -0.128693 0.038455 -0.046403 -0.064339 -0.073280 0.064674 -0.135808 0.019904 -0.167627 0.186326 0.086059 0.127809 0.015491 -0.063857 0.132140 -0.026719 0.137052 -0.012057 -0.056143 -0.004504 0.071153 -0.020570 0.087228 0.092478 -0.074836 0.027059 0.065650 -0.021465 -0.086293 0.046922 0.040710 0.201232 0.050133 0.013568 -0.009971 0.105074 -0.151102 -0.059318 -0.162123 0.031591 0.116602 0.069564 0.141632 -0.047792 -0.166717 0.092841 -0.055619 -0.104324 -0.089206
0.116686 -0.106515 -0.134025 -0.174202 -0.025542 -0.066582 -0.001981 0.059717 -0.140601 0.089918 0.037069 0.103909 -0.120932 0.014746 -0.033836 -0.035173 -0.107903 -0.090726 0.047335 -0.014431 -0.253110 0.138562 -0.016071 -0.156890 -0.024291 0.055364 -0.033862 0.002031 0.014689 0.020431 0.093081 0.093039 0.029625 0.076247 -0.009121 -0.152143 -0.050226 -0.103738 0.167769 0.154308 -0.070915 -0.123405 -0.064016 -0.036986 0.166104 0.026799 0.046879 -0.057819 -0.035900 0.130016 -0.144627 0.002999 -0.215646 0.025964 0.004634 0.062692 -0.130341 0.030499 -0.053167 -0.088852 -0.066995 0.008842 -0.069694 0.050770 0.102619 -0.059686 -0.000169 0.049259 -0.045952 -0.042805 0.076566 -0.063133 -0.029762 0.102410 -0.059657 -0.089500 0.103324 0.159758 -0.036745 -0.079459 0.123621 0.076481 -0.012952 -0.138071 0.035339 -0.045889 -0.102815 0.161554 0.119151 0.027081 -0.049378 0.175824 -0.030168 -0.033469 -0.053363 0.121409 0.068612 -0.086421 0.107219 -0.151702
0.060403 0.091047 0.078931 -0.051243 0.034313 -0.034940 0.009707 -0.094606 0.159895 -0.144519 0.163133 0.079402 -0.130936 -0.022721 0.064997 0.107902 0.075094 0.020636 -0.063735 0.139391 0.034817 -0.023891 -0.064006 -0.031690 0.023001 -0.041169 0.046571 -0.038951 0.001065 -0.034054 -0.102471 0.010510 0.207739 -0.054364 -0.162046 0.066308 -0.038771 0.024045 0.087605 -0.060205 0.055490 0.115172 0.001334 0.007711 -0.065959 -0.170134 0.009263 0.044232 0.001361 0.003801 -0.015379 0.007502 -0.130115 -0.199746 -0.221761 0.016345 -0.034548 0.000735 -0.128475 0.121449 -0.109109 0.184550 0.216267 0.008014 0.089713 -0.020951 -0.127750 -0.046843 0.114368 0.117415 0.027934 0.057998 -0.036111 -0.113690 0.003100 0.062382 -0.008611 -0.080824 -0.010814 -0.153624 0.115460 0.013163 0.100156 0.022745 -0.071440 -0.031868 0.055995 -0.023337 0.031423 0.210505 0.293147 -0.037231 -0.223512 0.096924 -0.021767 -0.195300 -0.243432 0.244684 0.077747 0.044892
-0.076692 -0.100872 -0.156627 0.043568 -0.153437 0.043284 -0.014485 0.112105 0.094720 -0.001507 0.074743 0.048331 0.041741 -0.053720 0.007069 -0.109697 -0.090844 0.112780 0.031845 0.076543 -0.081146 0.029796 -0.053817 -0.029595 -0.017517 0.071183 -0.056849 -0.040160 -0.113329 -0.098054 0.054898 -0.042669 0.091186 -0.047740 -0.122928 -0.078646 0.014202 -0.004368 -0.059462 0.005935 0.029722 -0.108756 -0.115484 -0.027631 -0.042196 0.078960 -0.099844 0.100204 0.043037 0.124591 0.082440 -0.029039 0.158868 -0.010781 0.135317 0.106150 -0.088866 -0.097942 0.140049 0.140741 -0.019699 -0.144020 0.041644 0.082294 0.075871 0.232733 -0.087608 0.066710 0.048298 -0.049755 -0.003258 -0.020926 -0.153391 0.034159 0.062156 -0.039311 0.100601 -0.121168 -0.029254 -0.070732 -0.221963 -0.093253 -0.023560 0.010951 0.133275 0.009038 0.000767 0.066823 0.119710 0.017739 0.044695 0.029386 0.029464 0.083638 -0.061856 0.007606 -0.194916 -0.006021 -0.075366 -0.042228
-0.041085 -0.016886 -0.067604 0.072080 0.232348 -0.061027 0.097386 0.252940 0.042411 -0.060512 -0.088064 0.049372 0.020857 -0.041473 0.027167 0.001558 -0.056338 0.108983 0.081897 -0.080654 0.009628 -0.137971 -0.049737 0.040558 0.163050 0.027508 -0.037047 -0.140709 0.047042 -0.025983 -0.145740 -0.053285 -0.117859 -0.042986 0.008292 0.036810 0.012251 -0.033018 0.224373 -0.097915 0.124084 -0.120533 -0.007741 -0.203690 0.047162 -0.110084 0.031781 -0.079970 0.091920 0.044521 0.057827 -0.073699 -0.010610 -0.029679 -0.111028 0.166146 -0.032185 -0.011698 -0.070038 0.062272 0.222537 0.166140 0.085115 0.022725 -0.051466 0.189529 -0.061998 0.051964 -0.009061 0.021691 0.056351 0.155480 -0.151994 -0.093237 -0.070354 -0.049720 0.128534 -0.034218 -0.082450 0.108017 0.080780 0.155372 -0.004983 0.120894 -0.095768 0.029703 0.074286 -0.117195 -0.139669 0.054358 -0.035568 0.090336 -0.021130 0.053923 0.007003 -0.026055 0.108707 0.000836 -0.074569 -0.050435
-0.116223 -0.060081 0.037726 0.042676 0.144314 -0.133196 -0.096823 0.020845 0.002096 -0.094626 0.046501 0.043806 -0.071912 -0.112557 0.053562 0.002165 -0.167985 -0.038244 -0.190884 0.073915 -0.023195 -0.163066 -0.067957 -0.188405 0.066663 0.065115 -0.163351 0.096790 0.082705 -0.049182 0.038022 -0.037686 0.053222 0.064901 -0.066037 0.150440 -0.051001 -0.209009 -0.181328 0.012397 -0.134123 0.132632 -0.081061 0.100056 -0.089270 -0.039205 0.152140 0.254513 0.006708 0.132079 -0.081595 0.011039 -0.167649 -0.073932 0.085897 -0.108419 -0.002152 -0.048353 0.040121 0.045884 -0.080922 0.040225 -0.046719 0.118013 -0.137132 -0.025272 -0.104376 0.158919 0.069322 -0.040392 -0.057550 0.058536 -0.024697 -0.077122 -0.015699 -0.005754 0.013362 0.066689 -0.156350 0.060507 -0.091533 -0.055029 -0.078842 -0.170062 0.058057 0.038923 -0.067510 0.239111 -0.082995 -0.022588 -0.123503 -0.047716 -0.032315 0.005147 -0.044209 0.060183 0.146979 0.152306 -0.249002 -0.196232
0.071910 -0.034635 0.120921 0.082282 -0.053334 -0.123378 -0.078088 0.170788 0.004608 -0.029923 -0.008108 -0.008748 -0.067402 -0.198546 -0.052679 0.155588 -0.009533 0.160985 0.008503 0.143278 0.068464 -0.056387 0.062746 0.018936 -0.009297 0.111140 -0.016526 0.004113 0.032851 -0.005103 0.010478 -0.058923 0.127049 -0.314016 0.083401 0.003706 -0.045087 -0.197711 -0.104479 -0.038252 -0.071927 -0.090399 0.036439 0.052886 0.029450 0.072316 0.131346 0.151278 -0.092219 -0.009646 -0.012740 0.012767 -0.069484 -0.141091 -0.046563 -0.043620 -0.076954 0.040705 0.043257 -0.226308 -0.149180 -0.058257 0.087581 0.036616 -0.091084 -0.033664 0.122709 0.081717 0.120671 -0.047813 0.058108 -0.066608 0.118775 0.157826 -0.161648 0.100959 -0.061105 -0.108321 -0.003008 -0.159314 0.063993 0.112482 0.094940 -0.077031 0.073318 -0.011393 -0.005098 -0.001162 0.061166 -0.153499 0.068603 0.105248 -0.047762 0.027059 -0.087032 -0.142274 -0.061203 -0.043484 -0.025380 -0.094716
-0.100445 -0.165413 0.041576 0.032728 -0.020749 -0.032911 0.119231 0.140311 -0.054834 -0.031231 -0.092676 -0.024568 -0.001872 0.190190 0.178626 0.120533 -0.225749 -0.217678 0.000107 0.044154 0.184640 -0.128417 0.132424 -0.179005 -0.061960 0.021697 0.045286 -0.058668 -0.201407 -0.098418 -0.148823 0.091004 0.098461 0.328601 -0.048728 -0.074030 0.021005 0.038685 -0.112284 -0.187959 0.058996 -0.091727 -0.035737 -0.078452 0.024089 -0.225294 -0.076930 -0.156992 -0.021599 0.148640 -0.007013 0.017144 -0.119418 -0.032665 -0.095837 0.085034 0.123244 0.058327 -0.029722 -0.095144 0.002825 0.117052 -0.076387 -0.063191 -0.083617 -0.017251 -0.084957 -0.114427 -0.114398 0.011236 -0.011896 0.072225 0.095551 -0.072339 -0.151706 0.085616 -0.083943 -0.158991 0.062794 0.236784 -0.113737 -0.077891 0.112015 0.143355 -0.292671 0.016566 -0.026731 0.057120 0.051427 0.120635 -0.006641 0.156450 0.080535 0.167934 0.076170 -0.177259 0.060312 0.061926 -0.034673 0.043883
-0.104552 0.059720 -0.101688 0.068849 -0.251251 -0.081268 0.060365 0.004437 0.082400 0.095915 0.024763 -0.011911 0.008340 0.056781 -0.145141 -0.062723 0.120155 -0.032999 -0.005308 -0.060145 0.091202 -0.033138 -0.016857 0.055354 0.099784 -0.142006 0.063003 -0.190040 -0.093749 0.117929 -0.030189 0.009952 0.050811 -0.127083 0.050987 0.071843 -0.217043 -0.015997 0.118571 0.043715 0.095398 0.039022 0.036531 0.182655 0.052428 -0.033079 -0.185578 0.110492 -0.065141 -0.047476 -0.083528 -0.084539 -0.127634 -0.081342 -0.130288 -0.001379 0.015230 0.089465 0.273900 0.000138 -0.042646 0.042035 -0.035055 -0.066509 -0.015274 0.015237 0.308727 -0.164373 -0.115364 -0.104997 -0.023689 -0.083236 0.074798 0.001325 0.020579 0.045847 0.019705 0.118339 0.082764 -0.027230 0.035806 -0.122772 -0.042439 -0.024517 0.097915 0.147593 0.066036 -0.046495 -0.218364 0.043724 0.119984 -0.059304 -0.108796 -0.009074 0.116897 0.047238 0.010673 0.091387 0.044581 0.046941
-0.013335 0.085120 0.047876 0.122601 -0.169365 0.168728 0.018621 -0.071378 0.076348 0.005370 0.031483 0.002264 0.086107 0.025829 0.074573 0.124185 -0.161468 -0.013605 -0.129150 -0.035814 0.080502 0.122968 -0.118331 -0.116797 0.162793 0.037698 -0.050804 -0.062563 -0.045832 -0.133423 0.127521 -0.053065 -0.011846 -0.137868 -0.096178 0.070718 -0.051388 -0.104627 -0.059805 -0.076119 0.165694 0.002642 0.061939 0.163147 -0.294320 0.148258 -0.123458 -0.149451 -0.038344 -0.060371 0.173882 -0.028090 0.065601 -0.021234 -0.066386 0.132844 -0.194556 -0.031727 -0.113685 -0.113885 0.011848 0.043891 -0.018918 0.025411 -0.014344 -0.060971 -0.127885 0.040734 -0.086539 0.069999 -0.105273 0.126768 -0.029113 -0.031084 0.149341 -0.220509 -0.229568 0.119255 -0.007558 0.116150 0.120258 0.006933 0.157423 0.155808 0.101526 0.022671 0.021394 -0.112869 0.141960 -0.011287 -0.042382 -0.022845 -0.024071 0.014457 0.140530 -0.082814 -0.012260 0.088681 -0.015957 -0.117214
-0.028790 0.174561 0.186872 -0.036324 -0.000935 -0.000109 0.030716 0.211779 -0.113343 -0.089341 -0.101489 -0.010564 0.011631 -0.051021 -0.170291 0.031113 0.117172 0.052915 0.157748 0.017396 -0.094025 -0.052833 -0.033983 0.084359 0.052841 -0.139422 0.175908 -0.133945 0.028702 0.091849 0.103037 0.214413 -0.028567 0.013730 -0.010997 0.118652 -0.012510 0.047796 -0.006929 -0.143077 -0.302334 -0.061267 -0.091825 -0.044725 0.037874 0.006884 -0.105371 0.032724 -0.010384 0.164370 -0.199321 -0.115823 -0.218630 0.179997 -0.017031 0.057266 0.053558 -0.110923 -0.011734 -0.082656 0.050555 -0.036546 -0.026451 -0.084905 -0.269447 -0.043253 0.152328 0.057256 0.111706 0.024894 -0.060723 0.084874 -0.109230 0.013770 0.043325 -0.151298 -0.129484 0.024232 -0.057535 0.049633 0.044316 0.024400 0.028100 -0.032416 0.122811 -0.078201 0.089005 -0.038915 -0.013664 0.084978 -0.014006 0.036159 -0.177499 -0.022390 -0.189555 0.028943 0.112696 -0.022096 -0.126415 0.088778
0.103111 0.078771 -0.041420 -0.168864 0.225285 -0.200055 -0.025234 0.031626 -0.015957 0.224167 -0.006944 0.130047 0.105358 -0.200829 0.063040 -0.307310 0.088152 -0.203667 0.026652 -0.041391 -0.154380 -0.025326 -0.026586 0.172425 -0.133376 0.041732 0.125927 0.161284 -0.046757 -0.093605 -0.008714 -0.147409 0.043382 0.140780 -0.033557 0.067439 0.115020 -0.063369 -0.057629 0.015949 0.024735 0.030876 0.182897 0.028135 -0.021531 0.054611 -0.101906 0.038300 0.009045 -0.126532 0.000321 0.126868 0.020696 0.011585 0.119772 0.092858 0.064832 0.177394 -0.104820 0.203082 0.214426 -0.242064 -0.016735 0.038255 -0.299526 -0.098510 -0.041988 -0.135815 -0.085696 0.090381 -0.126372 -0.137295 -0.073442 -0.038891 0.045861 0.066988 0.182918 -0.064135 -0.156796 -0.122251 -0.005907 -0.191656 -0.030441 0.058467 0.170368 -0.064511 -0.005358 0.006108 0.148044 0.124985 0.120642 -0.072269 0.111499 0.091048 -0.127501 0.074811 0.057522 0.143028 0.045740 -0.017909
-0.081292 -0.134608 0.056158 -0.072012 0.153511 -0.018552 -0.022527 -0.035814 -0.240967 0.169169 0.208322 0.137070 0.213890 0.084343 0.052444 0.063323 0.000478 0.052704 -0.094482 0.113818 0.210764 -0.032515 0.013699 0.045668 -0.059513 0.038859 0.182204 0.031588 -0.003241 -0.028587 -0.053953 -0.039074 -0.095911 0.058997 0.038120 0.002722 -0.030393 0.011697 -0.012657 0.009890 0.007637 0.079285 0.193696 -0.136737 0.074246 -0.071216 -0.062989 -0.068515 0.048453 0.064185 0.025686 0.178263 -0.087738 0.076619 0.092129 0.163885 0.030928 -0.067556 -0.115899 -0.183745 0.062961 -0.146607 -0.105351 0.243304 0.012074 0.073778 0.155619 0.112350 -0.089496 -0.001135 -0.058656 0.068019 0.016435 0.198269 -0.053986 -0.059919 -0.046818 -0.085658 0.196589 -0.222294 -0.100197 0.111901 0.176267 0.176187 -0.099910 -0.020151 -0.057212 -0.054169 0.001768 -0.115877 -0.021783 0.018348 0.028367 0.030993 0.073305 0.034834 -0.060417 -0.012956 -0.082066 0.026939
-0.035514 0.263478 -0.082360 0.017818 0.133670 0.132074 0.144162 -0.058737 -0.024871 -0.002192 -0.095928 -0.052095 0.095055 -0.004658 -0.091536 -0.067763 -0.091078 0.126077 0.025192 -0.046271 0.034539 -0.186346 -0.064638 -0.022498 0.099326 0.062364 -0.073542 -0.046969 -0.043387 -0.027938 0.143466 -0.148911 0.041530 -0.150571 0.110358 0.063895 -0.040117 -0.096788 0.011493 0.170762 0.072082 0.027961 0.178411 -0.072600 -0.152059 0.062667 0.059048 -0.118732 0.044036 0.045822 -0.083357 -0.191441 -0.045161 0.087731 -0.061930 0.034867 -0.114378 -0.122666 -0.072499 0.030887 -0.074230 0.062755 0.081931 -0.051795 -0.154433 -0.130763 0.028923 -0.012364 -0.050245 0.022946 0.022428 -0.123114 0.097522 0.014758 0.109801 -0.012489 -0.134786 0.159234 -0.016378 -0.106068 -0.054170 0.046502 -0.052324 0.095794 0.041988 0.222969 0.059784 0.022533 0.182347 0.040931 -0.076223 0.161390 0.059948 0.078387 0.143551 0.126155 -0.123538 -0.121898 -0.063513 0.006470
0.091727 0.090481 0.112022 -0.007679 0.011175 -0.218172 0.030163 0.103777 -0.111632 0.164369 0.120542 0.075826 -0.024725 0.144572 0.045756 0.056022 -0.011665 -0.055692 -0.014873 -0.008462 -0.082440 -0.069193 0.067568 -0.182313 0.126208 -0.101397 0.028994 0.132519 -0.123794 -0.212013 -0.228196 0.215152 -0.082720 0.069322 -0.192815 0.006264 -0.074193 0.027630 0.206966 0.071607 -0.144560 0.172032 0.021051 0.023929 0.215728 -0.040246 0.181521 -0.116545 0.192367 -0.148828 -0.177699 0.018718 0.037794 -0.081593 -0.047775 -0.009797 0.006334 -0.063987 0.179064 -0.139765 0.034050 0.033909 0.131592 0.170154 0.206844 0.075021 -0.068139 0.044027 -0.009734 0.203499 -0.042842 -0.045043 0.033137 0.057478 -0.040308 0.047566 -0.066039 0.059081 -0.011270 0.226087 -0.083608 0.032637 0.021729 0.106896 0.083536 -0.053395 -0.256446 0.136205 -0.030718 -0.106711 -0.237444 -0.024345 -0.109296 0.088126 0.133511 -0.033668 0.109795 -0.150549 -0.019442 0.020317
0.161146 -0.064017 0.004959 0.042519 -0.227036 0.019303 -0.147687 -0.016218 0.047859 -0.032098 -0.155062 -0.203778 -0.313432 -0.046859 -0.015318 0.233459 0.120623 -0.046502 -0.097690 -0.020236 -0.010604 0.097266 0.062136 -0.003217 -0.026954 0.057163 0.096583 -0.045852 -0.070868 0.095238 -0.044092 -0.024144 0.024885 0.081854 0.155892 0.098367 -0.184298 -0.013286 0.036681 0.077936 0.034550 0.060282 0.022555 0.028027 0.094266 -0.029127 -0.026054 -0.026261 -0.099904 0.008401 0.053268 -0.058657 -0.016818 0.053623 0.224404 0.061332 -0.043644 -0.068882 -0.045988 -0.018704 -0.172529 0.002863 0.020484 -0.112896 0.130639 -0.204108 0.075708 -0.041477 0.031340 0.129761 0.138071 0.060688 -0.005028 0.196280 -0.006502 -0.060175 0.067031 0.067579 -0.053901 -0.091378 -0.030351 0.014418 -0.054973 -0.170405 -0.031331 -0.067303 0.059876 -0.039327 0.072182 0.091095 0.092093 0.024138 0.077676 0.148948 -0.004260 -0.028477 -0.019283 0.017827 -0.040910 0.049555
-0.000708 -0.115102 -0.007732 0.019575 0.015687 -0.083082 -0.083556 -0.060204 0.173468 0.045155 0.011285 -0.007279 -0.099538 0.040285 0.075765 0.045670 -0.290552 0.050816 0.053693 -0.097672 -0.060679 0.104648 0.193461 0.103958 -0.189726 -0.051151 -0.074568 -0.001849 -0.076920 0.119737 0.087615 -0.023533 0.032060 -0.175815 -0.106615 -0.097929 0.055426 0.093450 0.036023 -0.040714 0.008225 -0.075689 -0.025614 -0.010094 0.028444 -0.031056 -0.042989 0.022999 0.079007 -0.048091 0.152839 0.045361 0.033798 -0.102003 0.002472 0.012218 0.069726 0.198414 0.136869 -0.062085 0.180720 0.020085 0.063693 0.157433 0.054826 0.074641 0.025893 -0.159441 -0.087740 0.056338 0.020150 0.003199 0.218637 -0.008981 0.130743 -0.093782 -0.051642 0.072787 -0.001200 0.044210 0.021730 0.041204 -0.058512 0.085784 -0.012099 -0.080545 -0.035493 0.008752 -0.027820 -0.022703 0.039796 0.002871 0.064312 -0.038896 0.000861 0.106900 -0.046166 0.142591 0.045757 0.065552
0.026069 0.195934 0.215513 0.001818 -0.038545 -0.011517 0.006449 -0.127770 -0.099916 -0.007534 -0.115465 0.080466 -0.061469 -0.091419 0.032107 -0.092650 0.012461 -0.165055 0.023634 0.008415 0.041809 -0.038446 -0.046913 0.138654 -0.133364 -0.007157 -0.005247 -0.085527 -0.072332 -0.122749 -0.037560 0.033601 0.146367 -0.220785 0.001284 0.114989 0.225738 -0.007438 0.023269 -0.073896 0.032588 0.039115 0.007789 0.204816 -0.152374 -0.048574 -0.017276 0.043174 -0.146244 0.065978 0.071508 0.059374 0.021928 -0.062865 -0.020536 0.049176 -0.077654 0.042536 -0.046212 -0.060304 0.001673 0.045266 -0.034841 0.233039 -0.083380 0.007455 -0.144949 -0.033262 -0.085538 -0.105070 -0.027652 0.083769 0.004975 -0.028600 0.055119 -0.004995 -0.024351 0.122314 -0.110397 0.167241 -0.061164 0.012775 -0.017623 -0.022117 0.001461 0.160455 -0.118067 0.141961 0.027192 -0.181588 -0.060415 -0.010418 -0.016921 -0.020159 -0.241144 0.094451 0.125080 0.028274 -0.137586 0.075888
0.128647 0.141301 -0.225227 -0.018005 -0.138238 0.014455 -0.110543 0.098647 0.058083 -0.121753 0.148371 0.183940 0.031211 0.012116 0.084994 -0.079890 -0.075088 0.151365 0.057249 0.052140 0.021725 -0.160460 0.190987 -0.023153 0.120405 -0.064335 0.170158 0.028377 0.037837 -0.039611 0.095819 0.175696 -0.010170 -0.063017 0.102920 0.131218 0.059459 0.114155 0.093434 0.162905 0.075994 0.013236 -0.213158 0.046431 0.041988 -0.126421 0.228805 0.163337 -0.048350 -0.058178 0.064443 -0.049758 -0.142722 -0.021227 0.018670 0.104572 -0.039304 0.072606 0.259351 0.044863 0.109480 -0.173885 0.011052 -0.008078 0.175229 0.066668 -0.030768 -0.027537 -0.123098 -0.077791 -0.065457 0.078964 0.016923 0.031192 0.005193 0.079730 -0.084350 -0.063798 -0.095788 -0.071206 -0.052343 0.087452 0.016702 0.194705 0.096422 -0.029082 -0.031033 0.056289 0.030646 -0.158197 0.034540 0.121515 0.019081 0.039336 0.101942 0.057489 0.048176 0.067320 0.104091 0.046618
0.061960 0.048146 0.024241 -0.144069 -0.071826 0.113966 -0.103029 -0.011844 0.004662 -0.038999 -0.071529 0.083594 0.128063 0.042015 -0.084416 -0.023824 0.034660 0.022112 0.068654 0.196397 0.015005 0.051944 0.125649 0.100902 -0.025108 0.078975 0.017847 0.107346 -0.110486 0.003216 -0.095646 0.069672 -0.245558 -0.137781 -0.075734 0.013195 0.211230 0.095424 0.074176 0.012556 -0.008640 -0.032249 0.128416 -0.038287 -0.053972 -0.001788 0.056396 -0.010849 -0.156742 0.165740 0.054397 -0.025173 -0.129022 -0.036404 -0.126658 -0.161174 0.127877 0.055207 -0.066018 0.012808 0.036529 0.064737 -0.264192 0.099950 -0.020537 -0.061707 0.087961 -0.051606 0.061783 0.007960 -0.012926 0.078796 0.171533 -0.013286 0.243022 -0.054700 0.027976 0.051856 -0.138461 -0.020514 -0.010863 -0.037965 -0.003965 -0.044769 0.075751 0.220051 0.080118 0.046454 -0.047512 -0.032712 -0.089903 -0.054098 0.054142 -0.135669 0.021574 0.100712 -0.006355 -0.088833 0.162214 -0.164614
-0.113442 -0.067248 -0.171359 -0.130866 -0.132582 -0.015925 -0.043084 -0.023839 0.085615 -0.025525 0.106468 -0.214645 0.032523 0.051810 -0.217719 0.030748 -0.022682 0.136095 -0.006723 -0.014746 0.090576 0.002939 -0.001981 0.103437 0.054858 -0.059240 -0.024497 0.224914 0.137439 0.010524 0.012771 0.092197 0.124156 -0.096673 0.032738 -0.170797 -0.067430 0.054615 0.134807 -0.116697 -0.025595 0.016925 0.050392 -0.021122 0.066179 -0.069125 -0.037035 -0.171171 -0.114200 -0.080725 -0.135502 -0.099065 0.032284 0.085130 0.134970 0.144187 0.000005 -0.057131 0.050030 -0.081241 0.017558 0.082087 0.102750 -0.108051 0.076348 0.092411 -0.110774 -0.123911 -0.149747 -0.039647 -0.100222 0.049785 0.068818 0.094145 -0.118192 -0.060995 -0.051410 0.100304 0.078040 -0.086112 -0.023044 0.073825 -0.060421 -0.072837 0.087969 -0.165953 0.154624 -0.173201 0.000831 -0.029561 -0.068769 -0.072182 -0.009856 0.055966 -0.000954 0.028519 -0.124762 0.247412 0.005407 -0.101311
0.016901 -0.092868 -0.020464 0.026374 -0.052329 -0.097118 0.063022 -0.194613 -0.047472 0.019014 0.164107 0.070199 0.174829 -0.026756 -0.151409 0.162926 -0.102104 -0.154871 0.067990 -0.056869 0.029312 -0.072723 0.103687 0.089385 -0.037258 -0.195410 0.031341 0.086082 0.294128 0.050613 -0.057816 0.028724 0.062715 0.024994 -0.053269 -0.019415 -0.022376 -0.195374 0.179819 -0.065515 -0.088914 0.007899 -0.064610 -0.027160 -0.025058 -0.045627 -0.120639 0.139195 0.056097 0.089285 0.200032 0.185963 -0.205483 0.078312 -0.036628 0.287777 0.149101 -0.018523 -0.018820 0.053170 -0.081821 -0.206881 -0.025877 0.052962 -0.104180 -0.007878 0.046005 -0.090988 0.171628 -0.154145 -0.335209 0.003861 0.123914 0.121193 -0.133289 -0.119633 -0.094392 0.135420 -0.074358 0.023415 0.141423 0.077532 0.081558 0.028476 0.096145 0.014742 -0.052203 0.108601 0.046158 -0.047291 0.133714 0.042191 -0.136262 -0.069375 -0.092561 -0.057329 -0.013636 -0.029217 0.034655 0.015323
-0.005161 0.267421 0.208686 -0.098164 0.098523 0.001388 0.078775 -0.134746 0.041655 -0.025705 -0.117426 0.077817 0.203001 0.060094 0.183414 -0.145812 0.133487 -0.027803 -0.134141 -0.040323 -0.068387 0.283795 0.016491 -0.266467 0.202955 0.006406 -0.036456 0.097208 0.027572 -0.115657 -0.172663 0.072921 -0.044431 -0.113892 -0.017610 0.006600 -0.015262 -0.035517 0.053075 -0.008836 -0.017125 -0.044576 0.150098 -0.139058 -0.081602 -0.118895 -0.047768 -0.140743 0.081368 -0.136727 0.102938 0.184973 -0.019822 0.005155 0.054294 -0.060934 0.160818 0.121792 0.045089 0.004836 0.134992 -0.090034 -0.095383 -0.005986 0.031318 -0.027120 -0.124790 0.062501 -0.083172 0.045441 0.009888 -0.035620 0.221314 0.097041 0.134306 0.218893 0.293313 0.083657 0.087153 0.153929 0.175521 0.083415 0.007675 -0.111867 -0.188339 0.179938 -0.086050 -0.069166 -0.029017 -0.144282 0.097188 -0.109707 0.269609 -0.010093 -0.027521 0.100528 0.157169 0.153454 0.078023 0.057756
0.079553 -0.139459 -0.167709 0.059171 -0.095113 0.138717 0.131157 -0.040002 0.161336 -0.078420 0.009586 0.223802 0.030755 0.102602 -0.089547 0.013525 0.029046 0.002812 -0.094210 -0.094914 -0.033355 0.068006 -0.024601 -0.014893 -0.036771 -0.050465 -0.032947 -0.038170 -0.026063 0.164830 0.130434 -0.125656 -0.128480 0.053140 -0.189289 0.109449 -0.067859 0.175613 0.133076 -0.068493 0.133448 0.022898 -0.103752 0.159642 0.046620 0.049607 -0.192867 -0.059552 -0.105093 -0.154732 -0.118273 0.081260 0.083545 0.004489 0.101556 -0.013334 -0.092173 -0.010866 0.010046 -0.007588 -0.120662 0.011444 -0.001237 -0.295027 -0.101759 0.047927 0.158775 -0.030232 0.063653 0.078286 0.033158 -0.033521 -0.145505 -0.120925 -0.021468 -0.004732 -0.147704 0.169684 0.002156 -0.110810 0.005723 0.083064 0.075374 0.001091 -0.034645 -0.101658 0.029408 -0.195855 0.085062 0.154903 0.069863 -0.081387 0.009925 -0.005123 -0.054659 -0.070803 0.024961 0.064896 0.002979 -0.148333
0.042372 0.069187 0.064287 -0.071002 0.059112 0.141801 0.008239 -0.011340 0.141195 -0.023305 0.101975 -0.117137 -0.075341 -0.028636 0.093349 -0.163301 0.149615 -0.042126 0.043279 0.086360 -0.101322 -0.101671 0.008845 -0.002324 -0.126889 0.062056 -0.087819 0.162689 -0.086203 -0.005312 -0.119563 0.144721 -0.134129 -0.127871 0.030671 0.122271 -0.012745 0.062773 0.063514 -0.017113 -0.029811 0.138303 -0.007464 0.031271 -0.080523 0.052851 -0.005794 0.073484 -0.068189 -0.025595 0.161845 -0.188779 -0.009520 0.092861 0.039096 -0.003045 -0.207175 0.062890 0.026333 0.051683 0.019061 -0.179502 0.084148 -0.061289 -0.130589 0.056162 -0.079223 -0.072465 -0.165549 0.053986 0.010612 -0.028806 -0.257231 0.147105 0.002533 0.042285 -0.084674 -0.118983 -0.085032 -0.105250 0.123665 0.078611 0.029883 -0.008645 -0.070401 0.028447 0.083788 0.064963 0.018473 -0.025359 0.067193 0.058257 -0.035075 -0.120675 0.053197 0.079886 -0.091544 -0.019692 0.070128 0.016779
0.005912 0.043933 -0.137548 0.037145 -0.158158 0.071562 -0.119299 0.082058 0.070027 0.061017 -0.128620 -0.127973 0.005976 -0.004621 0.105175 -0.078949 0.055992 -0.022701 -0.006581 0.054012 0.042670 -0.135688 -0.041276 -0.151595 -0.103989 0.017273 -0.094169 0.095330 0.006971 0.028605 -0.038691 -0.016865 0.193657 -0.055633 -0.129648 -0.047537 -0.027580 0.204853 0.122774 -0.112000 -0.078222 -0.141043 0.079269 0.002594 0.017183 0.054373 -0.055827 -0.057524 0.290663 0.042348 -0.066365 0.001906 -0.040587 -0.120748 0.006012 -0.159498 -0.115156 0.050903 -0.104952 -0.040458 -0.147767 -0.032475 0.030687 -0.007034 0.000639 -0.014707 0.031332 0.039023 0.045250 0.199774 -0.087879 0.024627 0.113738 0.001622 -0.059073 -0.033003 -0.101844 0.142842 -0.027132 -0.028467 0.246734 -0.101201 -0.172168 0.007533 -0.000382 -0.027269 -0.042331 0.070849 -0.121333 -0.073720 -0.031785 0.019731 -0.073441 -0.121932 0.117334 0.065114 -0.043013 0.118745 -0.036477 -0.032838
0.025695 -0.061372 -0.032049 0.016890 0.269042 -0.181249 0.225874 0.021642 0.084369 0.055573 -0.117028 -0.007211 0.062169 0.143915 0.017976 -0.136628 0.014524 -0.183338 0.014248 0.263177 -0.050079 -0.073479 0.079615 0.042744 0.192533 -0.091091 0.046069 0.047499 0.007301 0.014279 0.095987 -0.027935 -0.100244 0.007488 0.177521 -0.089564 0.121636 0.085028 -0.075479 0.047642 0.013849 -0.017300 -0.165450 -0.126548 0.035379 0.068530 -0.119994 -0.072100 0.004796 0.076156 0.179456 -0.096707 -0.181789 -0.053713 0.060234 -0.000624 0.149903 -0.132115 -0.002516 -0.184818 -0.113012 0.026914 0.033469 -0.126470 -0.011188 -0.004604 -0.018784 -0.005650 -0.005357 -0.124507 -0.276455 0.101987 0.026368 0.115349 -0.266147 -0.037047 0.026150 -0.160159 -0.162727 -0.115071 0.058079 0.086632 -0.005485 0.023938 0.016897 -0.069594 0.081402 0.112758 0.148390 0.209523 0.257198 0.038459 -0.104200 0.112775 -0.107190 -0.030066 0.069527 -0.019966 -0.072169 -0.076094
0.065846 0.066428 -0.043429 -0.018248 -0.121883 0.094463 0.019026 -0.201854 0.019194 0.146431 0.002315 0.089997 -0.067111 -0.032540 -0.047135 0.093873 -0.037574 0.066251 -0.049775 -0.247378 -0.114969 -0.190123 -0.012215 0.020549 -0.011888 -0.007431 0.030353 0.029192 0.012723 -0.095423 0.002328 0.051050 -0.149941 -0.015721 -0.045858 -0.020599 -0.017228 0.051258 -0.002065 -0.006415 -0.079124 0.069587 0.017329 0.193246 0.065453 0.180946 0.122788 -0.237078 -0.074507 0.041208 0.004743 0.099536 0.079585 0.039753 -0.125316 -0.009075 0.049492 -0.098129 -0.103036 0.046899 0.088732 0.245029 0.094097 -0.176863 0.044139 0.047519 0.058948 0.149936 -0.195921 -0.136451 -0.016937 0.091173 -0.030821 -0.010892 -0.019364 -0.002546 0.042410 0.136982 -0.169193 -0.082075 -0.025970 -0.163797 0.064354 0.115609 -0.057256 0.069345 -0.097864 -0.133242 0.166793 -0.093573 0.126797 0.159737 -0.025628 0.014564 -0.151350 0.016723 0.026408 0.107814 -0.050130 0.052125
-0.009459 -0.141384 -0.063019 -0.117231 0.078620 -0.156924 -0.173061 0.078249 -0.002915 -0.175197 -0.131433 -0.038449 0.081809 0.100034 -0.012416 0.019929 -0.072665 0.020754 0.042295 0.013449 0.005356 -0.027362 0.059928 0.082962 -0.003216 -0.175896 -0.061879 0.093340 -0.043444 -0.074755 0.003056 0.146282 0.079198 -0.022339 -0.030036 -0.062305 0.091690 -0.074377 -0.031408 -0.119432 0.039871 -0.223132 0.034735 0.013725 -0.053713 0.192634 0.045216 -0.144929 -0.028590 0.073892 0.036080 -0.009675 0.036421 0.168038 -0.068058 -0.028539 -0.031256 -0.002642 -0.157258 -0.195077 0.116251 0.044300 0.105107 -0.082551 -0.039539 0.058717 0.166756 -0.011631 -0.113045 0.038417 0.015619 -0.048836 -0.004843 -0.014176 0.069491 -0.162290 0.081802 0.054630 0.040808 0.129179 -0.145449 -0.061999 -0.074295 0.171551 -0.089526 -0.034969 0.023035 0.011833 -0.007481 0.052482 0.247912 0.061207 -0.061127 0.052583 0.088683 -0.115055 0.020942 0.150960 -0.058127 0.013865
0.044314 -0.042266 0.007302 -0.092408 -0.028637 0.030035 0.046503 0.018229 -0.004330 0.003901 0.044813 0.087080 -0.001188 0.030337 -0.143112 -0.062277 -0.096353 0.126478 0.119372 0.089878 0.037769 0.076988 -0.026701 0.006117 -0.009826 0.197582 -0.160449 -0.061851 -0.045232 0.059366 -0.075065 0.156629 0.035471 -0.077416 -0.072442 0.189059 -0.147488 0.112289 0.076364 -0.000267 0.122827 -0.006387 -0.020457 0.208103 -0.079527 0.064863 -0.038776 0.193601 0.111272 0.238826 0.181612 0.011120 0.104220 -0.029691 -0.215703 -0.105746 -0.067427 0.032494 0.103526 -0.033200 0.015164 0.071923 0.087376 -0.105601 -0.148985 0.037654 -0.057905 0.027944 0.049364 -0.001610 -0.147850 0.136110 0.154023 -0.210851 0.059452 0.003442 -0.095994 0.041545 0.178510 0.107604 0.264741 -0.040528 0.188594 0.028844 0.112596 -0.243915 0.033559 0.031949 -0.124051 0.132719 -0.039446 -0.135331 0.127154 -0.118761 -0.026951 -0.290167 -0.013939 -0.158012 -0.181913 0.022933
0.084773 -0.098398 0.121277 0.145850 -0.047317 0.154534 0.087790 -0.085457 -0.046617 -0.007684 -0.097851 0.115974 -0.004426 -0.102110 0.011305 -0.003535 0.010377 0.123027 -0.301291 0.015515 -0.086585 -0.071355 -0.253446 0.049930 0.060907 -0.082598 0.079783 -0.040731 -0.094802 -0.013712 0.173168 -0.156949 0.130633 0.022266 0.037278 -0.203022 0.072087 -0.023889 0.015751 0.174926 0.175162 0.013858 -0.070206 -0.046621 0.120680 -0.007412 0.159614 0.080420 -0.005282 0.010368 0.006323 0.135915 -0.059204 0.080199 0.231446 0.096635 -0.031253 -0.013184 0.140023 0.009846 -0.223768 -0.079692 -0.039291 -0.130339 0.102299 0.052508 0.104732 0.117082 -0.025902 -0.133858 0.108970 -0.157788 0.077211 0.163515 0.015463 0.120581 -0.049264 -0.081770 0.208547 -0.151740 0.038946 0.114308 -0.085121 0.081632 0.075316 0.021414 -0.041644 -0.071886 -0.080851 0.014827 0.150418 0.018110 -0.051062 0.058659 0.085746 -0.131754 0.012845 -0.037145 -0.104698 -0.066290
-0.324920 -0.135503 0.106587 0.059544 0.126653 0.196118 0.058050 0.051004 -0.196256 -0.003993 -0.061613 0.134402 -0.003535 -0.041861 -0.150138 -0.082783 0.094677 -0.164800 -0.037258 -0.087931 0.008720 -0.098624 -0.071221 0.054973 -0.016676 -0.132882 -0.112166 -0.020210 -0.099646 -0.120550 0.001157 -0.153645 -0.042738 0.050017 -0.131597 -0.060358 0.018314 -0.156598 0.066522 0.163809 0.008110 0.099020 0.035088 -0.087671 -0.098782 0.004112 0.090766 -0.044123 0.132957 -0.100180 -0.086998 0.016146 0.114468 0.133557 -0.020694 -0.019054 -0.088679 -0.087484 -0.020587 -0.085091 0.108102 -0.025708 0.051649 -0.051935 0.017416 0.163086 0.043768 0.086526 0.148072 0.146323 0.090017 -0.045428 -0.049836 0.128938 0.020613 -0.030484 0.107130 -0.075721 0.082180 -0.018415 -0.065552 -0.156685 -0.027814 -0.196931 -0.028953 -0.073651 0.039390 0.065834 -0.121931 -0.004661 0.102380 0.031597 -0.226957 -0.135524 0.065424 -0.069456 0.056345 -0.113287 0.033125 0.150245
0.062546 0.039689 -0.014984 -0.151328 0.067625 0.069576 -0.059190 0.094705 -0.046785 0.127230 -0.017029 0.109275 0.101782 0.067316 -0.190349 0.048734 -0.010579 0.064663 0.186320 0.048796 -0.093333 0.071281 0.087444 -0.002257 0.112723 -0.018604 0.005579 0.094650 0.067711 -0.172465 0.116603 0.204652 -0.127087 -0.005982 -0.105423 0.156797 -0.052101 0.114394 0.072125 -0.263716 -0.028594 0.020928 -0.016023 0.069701 -0.123460 -0.124044 -0.018739 0.066013 0.000152 0.027440 0.034432 0.038369 -0.152687 0.131037 -0.031705 -0.146544 -0.055481 0.149293 0.172869 0.168799 -0.061375 0.003743 -0.003969 -0.056656 -0.017011 0.251784 -0.057085 0.068236 0.156337 -0.026915 0.120623 -0.038044 0.075320 -0.024504 -0.005994 0.200339 -0.217790 -0.055560 -0.000791 -0.069471 -0.171402 0.159653 -0.056531 0.012109 -0.005260 0.144134 0.039847 -0.074855 -0.028609 -0.095949 0.067609 -0.101800 -0.165654 0.030604 0.211419 0.028695 0.066157 -0.144153 -0.085733 -0.063166
-0.015962 0.033916 -0.118967 0.081753 -0.082664 -0.107121 -0.081575 -0.006957 0.029437 0.077529 -0.011509 -0.071386 0.066586 0.200528 -0.155642 0.012450 -0.034799 -0.270909 -0.017791 0.008457 0.039850 0.181490 0.026195 -0.103277 -0.123804 0.180716 -0.092650 0.049756 0.130853 0.038707 -0.095053 -0.068244 -0.072724 0.284043 -0.048970 -0.047014 0.115357 -0.095357 0.031360 -0.058730 -0.053759 -0.034611 0.151396 0.134156 -0.131346 -0.069658 0.289232 0.046478 0.067641 0.004192 0.060063 -0.053519 0.079651 -0.099232 -0.025419 0.170160 0.030861 0.102640 -0.116006 -0.161576 0.226353 -0.003879 0.048276 0.048090 -0.016918 -0.039686 -0.146675 -0.143911 -0.008974 0.012968 -0.146997 -0.201512 -0.017851 -0.077377 0.021952 -0.108289 -0.091766 -0.064721 0.297014 -0.038756 0.121502 -0.033099 -0.016418 -0.057807 -0.017856 -0.023723 0.079634 -0.134598 -0.029020 0.038693 -0.093143 -0.195670 0.093937 0.058783 -0.018394 -0.157570 -0.179536 0.140048 -0.002614 -0.063161
-0.095274 -0.018922 0.092788 -0.045288 0.016947 0.016914 0.038204 -0.009857 0.098748 0.039258 0.128412 -0.026048 -0.276010 0.153728 -0.075749 0.051621 -0.033654 0.091243 -0.158892 0.038494 0.022930 -0.038127 0.035265 0.119913 0.049068 -0.199040 0.060658 0.123399 0.158859 0.015150 -0.011577 0.170845 0.045278 -0.103463 0.064228 0.039787 0.003508 -0.082165 -0.022019 0.174844 -0.200801 -0.175728 -0.005620 -0.187185 -0.061830 0.051450 0.176088 0.120051 0.103662 -0.013393 0.005884 0.173268 0.115982 0.037712 -0.060012 -0.066732 0.124035 -0.209046 0.120587 0.091621 -0.168470 -0.048997 0.003746 0.155108 -0.157973 -0.109868 0.124705 -0.126057 0.090960 0.117373 -0.270547 0.119339 -0.004710 0.110465 0.111695 0.134791 -0.099957 -0.018461 -0.003204 0.000795 0.147348 0.154465 -0.074312 0.299052 -0.065182 0.124331 0.034187 0.014741 0.017751 -0.061028 0.046324 -0.094898 -0.009117 0.119257 0.030261 0.148232 0.011672 0.080589 0.021572 -0.075353
-0.092212 0.179826 -0.029827 0.099258 -0.031061 0.003035 -0.089120 -0.047958 0.002564 0.200827 -0.034622 0.063815 -0.073947 -0.023570 -0.136347 0.191575 0.007671 -0.045466 0.048028 -0.047654 -0.038368 -0.160764 -0.023979 0.097722 -0.022853 0.072664 -0.149077 0.113823 -0.023351 -0.100941 0.091920 0.014795 0.034246 0.123283 -0.030865 -0.157302 -0.081942 -0.066391 -0.068631 0.024658 0.109650 0.054079 -0.030684 -0.070202 0.047579 -0.005475 0.207128 -0.052995 0.022878 -0.032428 -0.120133 -0.060183 -0.042525 0.083815 0.033064 0.043134 0.066919 -0.039374 0.133425 -0.095512 0.217237 -0.098082 0.117801 0.006084 0.117267 -0.078685 -0.083622 -0.072429 -0.192342 0.166566 0.117930 0.034607 0.017013 0.092642 0.048592 0.079431 -0.152350 0.057600 0.199538 0.094703 0.066342 -0.101381 0.019022 0.049232 0.016614 -0.023501 -0.046269 0.066088 -0.026973 0.025357 0.017160 0.013610 0.040339 0.071997 0.013932 -0.053157 0.015728 -0.051689 0.003232 -0.014959
0.087421 0.141425 0.031334 0.077103 0.026001 -0.003763 0.054291 0.042739 -0.035966 0.088442 0.034905 0.026639 -0.160063 0.106464 -0.069056 -0.155504 -0.045848 -0.007361 -0.038425 -0.046420 0.172819 0.002393 -0.015586 0.016807 -0.040870 -0.027630 0.045436 -0.109196 -0.041346 -0.096092 -0.044411 0.061546 0.027814 -0.183914 0.208840 0.152384 -0.071129 -0.020860 0.039898 -0.156233 -0.053108 0.093516 -0.092637 -0.100952 0.111038 0.017637 -0.141850 0.213566 0.007232 -0.072041 0.031966 0.004214 -0.301069 -0.013019 -0.002296 -0.030582 -0.205625 -0.058720 -0.141863 0.080746 -0.196001 -0.076582 0.129640 -0.158393 0.018482 0.025483 -0.029186 0.223110 -0.091669 -0.098590 -0.105661 -0.025275 0.013201 0.022867 -0.038264 0.132457 0.047627 0.075509 0.051242 0.144981 -0.146855 0.074204 -0.057506 -0.095554 0.096553 -0.242468 0.068144 -0.062653 -0.064029 -0.133663 -0.165041 0.006909 0.057286 0.151577 -0.035653 -0.005834 0.099684 -0.034296 -0.153872 0.183604
-0.065328 -0.036801 -0.017170 0.191069 -0.077905 -0.125077 -0.052966 0.037189 0.296815 0.018057 0.112705 0.036845 -0.071489 0.069714 0.055585 0.176955 0.284066 -0.047253 -0.191611 0.097351 -0.003330 -0.149140 0.043065 0.204994 0.103070 0.003923 0.153976 0.104346 -0.018636 0.045863 0.051158 -0.090457 -0.196737 -0.018735 0.228945 0.052856 -0.117342 0.080401 -0.031265 -0.123589 -0.089910 0.017835 -0.088017 -0.064502 0.157612 -0.058412 -0.063309 -0.064276 0.068878 0.011679 0.057648 -0.066866 -0.063760 -0.043462 0.042174 -0.218892 0.090883 -0.046606 -0.008483 -0.017645 -0.269513 0.112664 0.053713 0.064409 -0.031055 0.096469 -0.038699 0.273852 -0.196557 0.055683 -0.025812 -0.086531 0.172794 0.005853 0.092436 0.037956 0.041141 0.020969 0.018186 0.037340 0.041891 -0.075478 -0.142226 -0.130313 -0.002952 0.104986 0.118611 0.026710 0.086561 -0.073128 -0.043578 -0.213681 -0.146234 -0.046223 0.040693 0.143932 -0.093482 -0.181557 -0.165209 0.094232
0.065297 0.070300 0.022504 0.019452 0.029946 0.163676 0.042645 0.208678 0.143724 0.116512 -0.077870 0.009068 -0.039295 -0.079437 -0.033605 -0.067725 -0.122639 -0.022337 0.085440 -0.075220 -0.041055 -0.070523 -0.001319 0.183888 0.032488 0.063766 -0.036644 0.053451 -0.080511 -0.046820 0.133146 -0.040437 0.006955 -0.102184 -0.060457 0.022375 0.059825 0.062727 -0.162352 -0.085812 -0.071766 -0.167631 -0.039639 0.014849 0.029810 0.073605 0.092597 -0.022271 0.048858 -0.049504 -0.024457 -0.013558 0.068708 0.083733 0.000335 -0.133676 0.011235 0.110599 0.064301 -0.049269 -0.046552 0.032865 0.060483 0.037183 0.110247 0.015022 0.049321 -0.042010 0.054576 -0.027689 0.106463 0.064630 0.152905 -0.048215 -0.063412 -0.038476 0.026842 -0.071487 -0.104676 -0.093249 0.126280 -0.042100 -0.033860 0.034404 -0.034782 0.060156 0.100325 -0.152208 -0.123118 -0.063436 0.135664 0.018920 0.075029 0.035102 -0.027944 0.126298 -0.032470 0.017929 -0.051985 0.046721
-0.098522 0.235090 0.082433 -0.073423 -0.042819 -0.187300 0.181499 -0.055541 -0.107062 -0.052141 0.001561 -0.188448 0.162253 -0.029189 -0.263157 -0.007327 0.197409 -0.000062 -0.025166 -0.015382 -0.004336 -0.102347 0.199488 -0.096966 -0.005183 0.142706 -0.008163 0.192223 -0.172425 -0.070866 -0.104081 0.032167 -0.016587 0.132883 0.004965 -0.131776 0.190483 0.102064 -0.137475 0.093806 -0.171276 -0.034035 -0.044554 -0.094677 0.061712 -0.117883 0.068360 0.026409 -0.061232 0.062328 -0.189369 0.171534 -0.042969 0.061233 -0.225864 -0.120582 0.003326 -0.037528 0.010936 0.185653 0.069258 -0.023702 0.021493 -0.189730 -0.028352 -0.119828 0.085107 -0.105729 0.021744 -0.040015 -0.090841 -0.133267 -0.010819 0.030170 -0.098544 0.095428 0.064326 -0.039715 -0.113608 0.127922 0.056997 -0.023884 0.143959 -0.118507 0.158218 -0.098827 -0.074908 -0.009168 0.076955 0.052655 0.082705 0.044831 -0.060990 0.066359 -0.169589 0.017140 0.088246 0.069881 -0.180718 0.039854
0.183572 -0.108313 0.001438 -0.017672 0.124914 -0.015917 -0.092094 0.058165 -0.021499 -0.006291 0.047181 0.116446 0.004506 0.089609 0.163191 0.049401 -0.041789 0.109804 0.036733 -0.117968 -0.053145 -0.051383 -0.031623 0.055813 -0.197211 0.002818 -0.122235 -0.002951 -0.004993 -0.060063 0.083357 0.098837 -0.011702 0.138380 0.028481 0.043318 -0.110551 -0.069119 -0.004136 -0.027429 0.069744 -0.029598 -0.145208 0.025597 -0.016757 0.044284 0.178106 -0.042145 0.089212 0.155198 0.052185 -0.017991 -0.078182 -0.089472 0.067755 0.051445 0.063488 0.166207 -0.038119 0.034029 -0.012848 0.141598 -0.113152 0.072185 -0.031028 0.046156 -0.030383 0.052402 -0.031319 0.000096 0.164599 0.120523 0.095473 0.197293 0.030912 0.055583 -0.130353 0.045524 -0.092862 0.053490 0.051444 -0.041805 -0.082105 0.022747 0.104905 0.091042 0.125092 -0.066411 -0.052641 -0.292299 0.007745 -0.149131 -0.023841 -0.007571 0.008920 -0.045194 0.161673 -0.038044 -0.148128 -0.104147
-0.069183 -0.028228 0.142120 0.072773 0.168511 0.030065 -0.192211 0.138043 0.034589 -0.129251 -0.136395 0.223313 -0.087250 0.129512 0.116618 0.027243 -0.042897 0.027319 0.079861 -0.207160 0.024598 -0.029422 -0.006927 -0.041250 -0.173705 -0.012972 -0.027780 -0.031377 0.020049 0.169682 -0.128420 -0.117216 0.108907 -0.074567 -0.007961 0.050985 0.032919 -0.124240 0.184830 0.103493 -0.041494 0.138018 -0.058648 0.066523 -0.009683 -0.158566 -0.086725 0.074023 0.234647 0.156413 0.108488 -0.039034 -0.029392 -0.010203 0.107396 0.124675 0.031886 0.038327 0.051907 -0.050120 -0.121410 -0.084597 0.094059 -0.059308 -0.059005 0.047669 0.130435 0.077091 0.094802 0.133799 -0.019111 0.032288 -0.128070 0.172485 -0.151190 0.017374 -0.038749 0.021166 -0.052539 -0.066475 0.134996 -0.147419 0.076021 -0.074646 0.032901 -0.015982 0.019528 0.010377 -0.002335 0.151660 0.032899 -0.135133 -0.022621 0.126013 -0.052078 -0.082832 -0.130383 -0.005341 0.049208 0.067834
0.055538 0.040660 0.030791 -0.047634 -0.129666 0.001295 -0.092634 -0.124742 -0.016048 0.121091 0.072193 0.204276 -0.118899 0.011525 0.011231 -0.047113 0.007526 0.115588 0.042770 0.052767 0.146773 0.038250 0.149101 0.058432 -0.160898 -0.011008 0.024183 0.239415 0.005682 -0.061142 0.048049 0.164553 -0.003171 -0.154970 0.060556 -0.153190 -0.032636 -0.042476 0.087241 0.037359 0.006884 0.101667 0.222796 -0.003826 -0.054770 0.083313 -0.083274 -0.056706 0.051736 -0.040046 0.037534 0.009383 0.047779 0.095765 0.040607 0.010046 -0.084387 0.238224 0.058070 -0.073555 0.080942 0.082169 0.155240 -0.083443 -0.064025 -0.211990 0.135688 0.005133 -0.020018 -0.049187 -0.074326 0.049842 0.003854 -0.000708 0.062044 0.002845 0.083759 0.033957 0.125688 -0.143952 -0.103971 -0.077890 -0.047701 -0.129922 -0.019450 0.034763 -0.150293 0.138968 -0.009032 -0.080499 0.129085 -0.093769 0.014292 -0.054021 0.096094 -0.139705 -0.097564 0.231398 0.077339 -0.119635
-0.161375 0.013263 -0.136151 -0.038399 0.135555 0.128156 0.145161 -0.101046 0.050938 0.139034 -0.062850 0.126294 0.049501 -0.130256 0.038989 -0.098733 -0.120364 0.074721 -0.010764 0.020239 -0.084588 -0.165435 -0.089830 0.004122 -0.108535 -0.108144 -0.098908 0.056539 0.016395 -0.064478 0.153963 -0.040519 -0.160698 -0.022417 0.197496 0.081466 -0.066333 -0.043335 -0.011327 0.071148 0.112268 -0.101187 -0.156325 0.029236 0.002471 -0.100427 0.063034 0.068328 0.023920 -0.093855 0.041370 0.121326 -0.036848 -0.075559 0.176490 0.013025 -0.184528 0.064747 -0.051191 -0.078998 -0.016264 0.047004 0.035778 0.105551 0.052992 -0.001047 0.206451 -0.114667 -0.069779 -0.137433 -0.052672 0.068086 -0.140807 0.048340 -0.148830 0.010221 0.028035 -0.048663 -0.027702 0.114564 0.059382 0.006688 0.060176 -0.253823 0.116262 -0.001488 -0.072950 -0.000056 -0.129589 -0.194650 0.006659 -0.162274 -0.058134 -0.109885 0.014345 -0.066839 0.013926 0.007347 -0.005384 0.059287
-0.121746 -0.043255 -0.067290 0.108544 0.134109 -0.051748 0.011695 -0.123272 0.115819 0.118373 -0.143217 0.159445 -0.044328 0.137387 -0.063902 0.026822 0.047942 0.018282 0.151429 -0.034152 -0.044859 -0.049085 -0.220643 -0.007329 -0.222727 0.066059 -0.026770 -0.160480 0.001615 -0.022316 0.083218 -0.191003 -0.058745 0.239016 -0.028527 -0.112758 -0.200669 0.271370 0.070316 -0.015560 -0.053172 0.076978 -0.046760 0.072338 0.037798 0.045358 0.041758 0.075873 -0.224482 -0.040264 -0.033256 0.196029 0.034620 -0.102552 0.105064 -0.072476 -0.170254 0.023551 -0.188756 0.019316 -0.062467 0.115973 -0.023647 -0.071834 -0.020118 0.000427 0.132673 -0.128181 -0.098035 0.123086 -0.009532 0.000404 0.066638 0.156774 0.004458 -0.172016 0.043182 -0.021077 -0.200821 -0.093627 0.010187 -0.015598 -0.047721 0.093553 -0.130678 -0.135970 0.061703 0.007882 0.001603 0.036425 0.058750 -0.166649 0.232785 -0.115778 0.152953 0.002602 -0.118914 -0.007504 0.109820 0.061766
0.056547 0.009366 -0.016006 -0.070756 0.110767 0.029651 -0.028112 0.090556 0.120822 0.251692 -0.157458 0.026480 0.153761 0.052279 0.133342 0.092421 -0.117320 -0.009575 0.082309 -0.078419 0.117855 -0.070447 -0.141210 -0.011756 -0.039331 -0.005880 0.014035 0.131814 0.119906 0.009731 -0.000360 -0.100344 -0.040522 0.025490 0.007194 0.038242 0.102177 -0.017478 0.156196 -0.085777 -0.055775 -0.125659 0.025022 0.041435 -0.056229 -0.064156 0.019701 0.117454 -0.147469 -0.015918 -0.063549 0.139547 -0.079853 -0.044099 -0.248642 -0.106922 -0.149894 0.052808 -0.115329 0.001283 0.045892 0.125138 0.067478 0.032451 -0.098051 0.022106 0.009935 -0.068831 -0.010892 0.005256 0.075435 -0.095106 0.088057 0.070874 -0.092591 -0.043235 -0.242551 0.000654 -0.107267 0.187385 -0.069360 -0.072831 -0.061933 -0.015351 0.063280 0.113438 -0.146960 0.124811 0.114737 0.064917 -0.074315 0.019101 0.169631 -0.044109 0.120007 0.059112 -0.068089 0.183703 0.000438 0.042604
0.090308 0.000435 -0.007124 -0.097882 0.051539 -0.134681 -0.164588 0.055644 -0.078365 -0.009078 0.055453 0.008553 0.030815 0.134149 0.221750 -0.082942 -0.048941 -0.059771 0.024125 0.003452 -0.055878 0.080365 -0.095543 0.085388 0.033394 0.064752 0.017388 -0.106065 -0.135819 0.198635 0.034879 0.094490 -0.077885 -0.031521 -0.074362 0.084813 0.221044 0.222056 -0.034903 0.026904 0.024842 -0.086809 -0.013019 -0.116299 0.042658 0.065352 0.111251 0.005463 0.064430 -0.220458 -0.052960 0.061922 0.018635 -0.105443 -0.067560 0.198873 0.056499 0.040981 -0.129924 0.037185 -0.012332 0.004062 0.075188 0.206817 0.148697 0.150992 -0.063282 0.022378 0.047019 -0.054568 -0.014944 -0.013966 -0.084662 0.052922 0.116278 0.003459 -0.202180 -0.025827 -0.076590 -0.015096 0.062998 -0.057743 0.252942 0.035399 0.046548 -0.091736 0.143301 -0.069825 -0.008206 0.059407 -0.153736 0.117192 0.076264 -0.079209 -0.051860 -0.064925 -0.053875 0.064605 -0.067119 0.048126
